title,canonical_key,mal_id,anilist_id,kitsu_id,anidb_id,imdb_id,tvdb_id,tmdb_id,simkl_id,status,progress,score,last_updated,source
"""Omae Gotoki ga Maou ni Kateru to Omouna"" to Yuusha Party wo Tsuihou sareta node, Outo de Kimama ni Kurashitai",mal_61587,61587,191718,50334,19310,tt37901124,463013,285357,2765276,completed,12,0,2026-07-21T18:20:18+00:00,
"""Oshi no Ko""",mal_55791,55791,166531,47659,18086,tt21030032,421069,203737,2198092,watching,0,0,2026-08-07T21:10:41.801746+00:00,
"""Oshi no Ko""",mal_60058,60058,182587,49264,18901,tt21030032,421069,203737,2601794,plantowatch,0,0,2026-08-07T21:10:41.801865+00:00,
100-man no Inochi no Ue ni Ore wa Tatteiru,mal_41380,41380,116242,43367,15415,tt12706854,383518,99995,1292945,completed,12,0,2026-07-05T13:37:52+00:00,
100-man no Inochi no Ue ni Ore wa Tatteiru,kitsu_43367,41380,116242,43367,15415,tt12706854,383518,99995,,completed,12,0,2025-02-15T18:43:03.532000+00:00,
100-man no Inochi no Ue ni Ore wa Tatteiru 2nd Season,mal_44881,44881,127366,43883,15930,tt12706854,383518,99995,1505135,completed,12,0,2026-07-05T13:37:56+00:00,
100-man no Inochi no Ue ni Ore wa Tatteiru 2nd Season,kitsu_43883,44881,127366,43883,15930,tt12706854,383518,99995,,completed,12,0,2025-02-15T18:43:40.186000+00:00,
11eyes,mal_6682,6682,6682,4662,6751,tt1515976,117851,44310,38606,completed,12,4,2026-07-21T18:20:02+00:00,
11eyes,kitsu_4662,6682,6682,4662,6751,tt1515976,117851,44310,,watching,6,0,2026-01-23T11:53:01.909000+00:00,
2.5 Jigen no Ririsa,mal_53802,53802,158559,46842,17760,tt31141567,428168,216074,2054506,completed,24,7,2026-08-07T16:33:23+00:00,
2.5-jigen no Ririsa,kitsu_46842,53802,158559,46842,17760,tt31141567,428168,216074,,watching,2,0,2026-01-23T11:53:39.282000+00:00,
29-sai Dokushin Chuuken Boukensha no Nichijou,mal_61637,61637,192261,49903,19324,tt38647627,463334,290667,2773404,completed,12,0,2026-07-21T18:20:18+00:00,
29-sai Dokushin Chuuken Boukensha no Nichijou,kitsu_49903,61637,192261,49903,19324,tt38647627,463334,290667,,plantowatch,0,0,2026-01-24T22:34:18.023000+00:00,
29-sai Dokushin Chuuken Boukensha no Nichijou,anilist_192261,61637,192261,49903,19324,tt38647627,463334,290667,,plantowatch,0,0,2026-01-24T22:34:18.023000+00:00,
91 Days,mal_32998,32998,21711,11957,12014,tt5839706,309530,67043,570830,plantowatch,0,0,2026-08-07T21:10:41.801288+00:00,
91 Days,kitsu_11957,32998,21711,11957,12014,tt5839706,309530,67043,,plantowatch,0,0,2026-01-23T11:24:17.581000+00:00,
[Oshi no Ko],mal_52034,52034,150672,46170,17449,tt21030032,421069,203737,1928828,completed,11,0,2026-07-21T18:20:10+00:00,
[Oshi no Ko],kitsu_46170,52034,150672,46170,17449,tt21030032,421069,203737,,watching,1,0,2026-06-30T11:43:54.749000+00:00,
[Oshi no Ko] 2nd Season,kitsu_47659,55791,166531,47659,18086,tt21030032,421069,203737,,watching,0,0,2026-01-23T11:53:40.473000+00:00,
[Oshi no Ko] 3rd Season,kitsu_49264,60058,182587,49264,18901,tt21030032,421069,203737,,plantowatch,0,0,2026-01-23T11:36:21.007000+00:00,
A Kite,mal_320,320,314,8123,314,tt0296295,85301,46419,1120027,plantowatch,0,0,2026-08-07T21:10:41.801441+00:00,
"A-Rank Party o Ridatsu Shita Ore wa, Moto Oshiego-tachi to Meikyuu Shinbu o Mezasu.",mal_59730,59730,180812,49179,18852,tt33615810,454085,270487,2572648,completed,24,0,2026-07-06T13:45:27+00:00,
"A-Rank Party wo Ridatsu shita Ore wa, Moto Oshiego-tachi to Meikyuu Shinbu wo Mezasu.",kitsu_49179,59730,180812,49179,18852,tt33615810,454085,270487,,watching,21,0,2026-01-23T11:07:46.682000+00:00,
Ai no Kusabi,mal_719,719,719,649,793,,,,1503519,completed,2,7,2026-07-06T13:45:24+00:00,
Ai no Kusabi,kitsu_649,719,719,649,793,,,,1503519,watching,1,7,2026-06-30T11:51:38.394000+00:00,
Ajin,mal_31580,31580,21341,11368,11577,tt5537534,300835,65292,522882,plantowatch,13,8,2026-07-21T07:30:28+00:00,
Ajin,kitsu_11368,31580,21341,11368,11577,tt5537534,300835,65292,,completed,13,0,2026-01-23T10:08:45.476000+00:00,
Ajin 2,mal_33253,33253,21799,12115,12111,tt5537534,300835,65292,581835,completed,13,0,2026-01-26T14:06:47+00:00,
Ajin Part 2,kitsu_12115,33253,21799,12115,12111,tt5537534,300835,65292,,completed,13,0,2026-01-23T11:53:33.546000+00:00,
Akiba Maid Sensou,mal_52193,52193,151379,46210,17475,tt21929358,421676,204716,1937758,plantowatch,6,0,2026-06-30T11:55:17.229000+00:00,
Akiba Meido Sensou,kitsu_46210,52193,151379,46210,17475,tt21929358,421676,204716,,plantowatch,6,0,2026-06-30T11:55:17.229000+00:00,
Akira,mal_47,47,47,29,28,tt0094625,,149,40079,completed,1,8,2026-07-21T10:00:22+00:00,
Akira,kitsu_29,47,47,29,28,tt0094625,,[149],40079,completed,1,0,2025-02-15T18:43:05.843000+00:00,
Akudama Drive,mal_41433,41433,116566,43067,15437,tt12331342,378879,100436,1297955,plantowatch,0,0,2026-08-07T21:10:41.801490+00:00,
Akudama Drive,kitsu_43067,41433,116566,43067,15437,tt12331342,378879,100436,,plantowatch,0,0,2026-01-23T11:27:19.577000+00:00,
Akujiki Reijou to Kyouketsu Koushaku,mal_60162,60162,183291,49297,18941,tt38037460,455754,274814,2613916,watching,12,0,2026-08-07T18:36:34+00:00,
Akujiki Reijou to Kyouketsu Koushaku,kitsu_49297,60162,183291,49297,18941,tt38037460,455754,274814,,watching,3,0,2026-01-23T11:53:39.412000+00:00,
Akuyaku Reijou Level 99: Watashi wa Ura Boss Desu ga Maou de wa Arimasen,mal_54837,54837,163076,47237,17937,tt30495119,432806,222930,2125614,completed,12,0,2026-07-06T13:45:25+00:00,
Akuyaku Reijou Level 99: Watashi wa Ura-Boss desu ga Maou dewa Arimasen,kitsu_47237,54837,163076,47237,17937,tt30495119,432806,222930,,watching,11,0,2025-02-15T18:43:13.623000+00:00,
Akuyaku Reijou nano de Last Boss o Katte Mimashita,mal_49979,49979,139820,45269,16826,tt15533960,411821,135334,1875206,completed,12,0,2026-08-07T18:36:09+00:00,
Akuyaku Reijou nanode Last Boss wo Kattemimashita,kitsu_45269,49979,139820,45269,16826,tt15533960,411821,135334,,watching,5,0,2025-02-15T18:43:11.366000+00:00,
Aldnoah.Zero,mal_22729,22729,20632,8297,10445,tt3544556,279827,61259,47812,plantowatch,0,0,2026-08-07T21:10:41.801172+00:00,
Aldnoah.Zero,kitsu_8297,22729,20632,8297,10445,tt3544556,279827,61259,,plantowatch,0,0,2026-06-30T11:38:20.494000+00:00,
Amai Choubatsu: Watashi wa Kanshu Senyou Pet,mal_37320,37320,101160,41014,13806,,,,766129,completed,13,0,2026-07-02T01:15:12+00:00,
Amai Choubatsu: Watashi wa Kanshu Senyou Pet,kitsu_41014,37320,,41014,,,,,,completed,13,0,2026-06-30T12:01:28.388000+00:00,
Angel Beats!,mal_6547,6547,6547,4604,6564,tt1639109,150471,42942,38481,plantowatch,13,7,2026-07-21T10:00:13+00:00,
Angel Beats!,kitsu_4604,6547,6547,4604,6564,tt1639109,150471,42942,,completed,13,0,2025-02-15T18:43:40.318000+00:00,
Another,mal_11111,11111,11111,6462,8556,tt2176165,254349,42589,39608,plantowatch,12,10,2026-07-21T10:00:19+00:00,
Another,kitsu_6462,11111,11111,6462,8556,tt2176165,254349,42589,,completed,12,0,2026-01-23T10:08:16.294000+00:00,
Ansatsu Kyoushitsu,mal_24833,24833,20755,8640,10702,tt3837246,283947,62110,51848,completed,22,7,2025-02-15T18:43:06.040000+00:00,
Ansatsu Kyoushitsu,kitsu_8640,24833,20755,8640,10702,tt3837246,283947,62110,,completed,22,0,2025-02-15T18:43:06.040000+00:00,
Ansatsu Kyoushitsu 2nd Season,mal_30654,30654,21170,10877,11203,tt3837246,283947,62110,491524,completed,25,0,2026-01-26T14:06:45+00:00,
Ansatsu Kyoushitsu 2nd Season,kitsu_10877,30654,21170,10877,11203,tt3837246,283947,62110,,completed,25,0,2026-01-23T11:53:33.524000+00:00,
Ansatsu Kyoushitsu: Jump Festa 2013 Special,mal_19759,19759,19759,7973,9985,tt3837246,283947,62110,43122,completed,1,7,2026-06-30T11:59:31.894000+00:00,
Ansatsu Kyoushitsu: Jump Festa 2013 Special,kitsu_7973,19759,19759,7973,9985,tt3837246,283947,62110,,completed,1,7,2026-06-30T11:59:31.894000+00:00,
Ansatsusha de Aru Ore no Status ga Yuusha yori mo Akiraka ni Tsuyoi no da ga,mal_61026,61026,186794,49567,19162,tt36230718,460341,284644,2717108,completed,12,9,2026-08-14T11:43:07.789000+00:00,
Ansatsusha de Aru Ore no Status ga Yuusha yori mo Akiraka ni Tsuyoi no da ga,kitsu_49567,61026,186794,49567,19162,tt36230718,460341,284644,,watching,12,9,2026-01-24T22:34:14.932000+00:00,
Ao no Exorcist,mal_9919,9919,9919,5940,8148,tt1799631,248035,38464,37749,plantowatch,0,0,2026-08-07T21:10:41.800958+00:00,
Ao no Exorcist,kitsu_5940,9919,9919,5940,8148,tt1799631,248035,38464,,plantowatch,0,0,2023-08-06T07:03:05.248000+00:00,
Ao no Exorcist: Shimane Illuminati Hen,mal_53889,53889,158931,46875,17786,tt1799631,248035,38464,2060004,plantowatch,0,0,2026-08-07T21:10:41.801719+00:00,
Ao no Exorcist: Shimane Illuminati-hen,kitsu_46875,53889,158931,46875,17786,tt1799631,248035,38464,,plantowatch,0,0,2024-05-30T07:55:15.677000+00:00,
Arafou Otoko no Isekai Tsuuhan,mal_59561,59561,180292,49124,18818,tt34621652,453353,261745,2542536,completed,13,0,2026-07-06T13:45:26+00:00,
Arifureta Shokugyou de Sekai Saikyou,mal_36882,36882,100668,14043,13624,tt10431290,357019,86034,742949,completed,13,8,2026-07-05T13:37:43+00:00,
Arifureta Shokugyou de Sekai Saikyou,kitsu_14043,36882,100668,14043,13624,tt10431290,357019,86034,,completed,13,0,2026-01-24T22:38:15.396000+00:00,
Arifureta Shokugyou de Sekai Saikyou 2nd season,mal_40507,40507,112323,42611,15135,tt10431290,357019,86034,1183487,completed,12,0,2026-01-26T14:06:31+00:00,
Arifureta Shokugyou de Sekai Saikyou 2nd Season,kitsu_42611,40507,112323,42611,15135,tt10431290,357019,86034,,completed,12,0,2026-01-23T11:53:33.359000+00:00,
Arifureta Shokugyou de Sekai Saikyou 3rd season,mal_52995,52995,154473,46454,17615,tt10431290,357019,86034,1990188,completed,16,0,2026-01-26T14:06:23+00:00,
Arifureta Shokugyou de Sekai Saikyou Season 3,kitsu_46454,52995,154473,46454,17615,tt10431290,357019,86034,,completed,16,0,2026-01-23T11:53:33.095000+00:00,
Arne no Jikenbo,mal_60255,60255,183984,49323,18967,tt38798044,456392,276110,2628720,plantowatch,0,0,2026-08-07T21:10:41.801874+00:00,
Arne no Jikenbo,kitsu_49323,60255,183984,49323,18967,tt38798044,456392,276110,,plantowatch,0,0,2026-01-23T11:36:58.240000+00:00,
Around 40 Otoko no Isekai Tsuuhan,kitsu_49124,59561,180292,49124,18818,tt34621652,453353,261745,,watching,9,0,2026-01-23T11:07:38.761000+00:00,
Aru Majo ga Shinu Made,mal_59169,59169,178701,49005,18719,tt32779862,451682,258055,2502788,plantowatch,0,0,2026-08-07T21:10:41.801829+00:00,
Aru Majo ga Shinu Made,kitsu_49005,59169,178701,49005,18719,tt32779862,451682,258055,,plantowatch,0,0,2026-06-30T11:47:54.652000+00:00,
Attack on Titan Season 3,mal_35760,35760,99147,13569,13241,tt2560140,267440,1429,694485,watching,12,0,2026-07-05T13:41:05.917000+00:00,
Avatar: The Last Airbender Book 1: Water,kitsu_7936,,,7936,,,,,,completed,20,0,2018-03-01T05:07:19.550000+00:00,
Avatar: The Last Airbender Book 2: Earth,kitsu_7937,,,7937,,,,,,completed,20,0,2018-03-01T04:47:14.900000+00:00,
Avatar: The Last Airbender Book 3: Fire,kitsu_7926,,,7926,,,,,,completed,21,0,2018-03-01T04:47:06.350000+00:00,
Baccano!,mal_2251,2251,2251,2039,4897,tt1334722,80421/1,34121,40672,completed,13,0,2026-07-10T13:55:02+00:00,
Baccano!,kitsu_2039,2251,2251,2039,4897,tt1334722,80421,34121,,completed,13,0,2026-06-30T11:34:37.064000+00:00,
Bartender,mal_1589,1589,1589,1429,4681,tt0875778,81091,42860,40624,completed,11,0,2026-07-21T18:20:04+00:00,
Bartender,kitsu_1429,1589,1589,1429,4681,tt0875778,81091,42860,,watching,8,0,2026-06-30T11:57:11.204000+00:00,
Bartender: Kami no Glass,mal_53407,53407,155890,46644,17673,tt29233201,426262,225168,2017208,completed,12,0,2026-08-07T18:36:15+00:00,
Bartender: Kami no Glass,kitsu_46644,53407,155890,46644,17673,tt29233201,426262,225168,,watching,8,0,2025-02-15T18:43:15.038000+00:00,
Bastard!! Ankoku no Hakaishin (ONA),kitsu_45830,50953,,45830,,,,,,watching,13,0,2026-01-24T22:39:38.428000+00:00,
Bastard!! Ankoku no Hakaishin: Jigoku no Chinkonka Hen,mal_54141,54141,159926,46958,17812,tt17736234,415677,156898,2072586,watching,0,0,2026-08-07T21:10:41.801722+00:00,
Bastard!! Ankoku no Hakaishin: Jigoku no Chinkonka-hen,kitsu_46958,54141,159926,46958,17812,tt17736234,415677,156898,,watching,0,0,2026-06-30T12:12:18.892000+00:00,
BASTARD!!: Ankoku no Hakaishin (ONA),mal_50953,50953,144677,45830,17175,tt17736234,415677,156898,1839336,watching,13,0,2026-07-05T13:38:05+00:00,
"Benriya Saitou-san, Isekai ni Iku",mal_50854,50854,144092,45788,17140,tt21844644,414845,155942,1829556,completed,12,0,2026-08-07T18:36:07+00:00,
"Benriya Saitou-san, Isekai ni Iku",kitsu_45788,50854,144092,45788,17140,tt21844644,414845,155942,,watching,8,0,2025-02-15T18:43:11.519000+00:00,
Berserk: Ougon Jidai Hen,mal_10218,10218,10218,6084,7991,,,,37137,watching,0,0,2026-08-07T21:10:41.800930+00:00,
Berserk: Ougon Jidai-hen - MEMORIAL EDITION,mal_52976,52976,155011,46323,,,,,,watching,2,0,2026-06-30T12:11:55.227000+00:00,arm
Berserk: Ougon Jidai-hen - Memorial Edition,kitsu_46323,52976,155011,46323,,,,,,watching,2,0,2026-06-30T12:11:55.227000+00:00,
Berserk: Ougon Jidai-hen I - Haou no Tamago,kitsu_6084,10218,10218,6084,,,,,,plantowatch,0,0,2026-06-30T11:53:54.271000+00:00,
Black Clover,mal_34572,34572,97940,13209,12665,tt7441658,331753,73223,644079,completed,170,7,2026-07-21T18:20:07+00:00,
Black Clover,mal_33950,33950,87528,12625,12351,tt7441658,331753,73223,611497,watching,0,7,2026-08-07T21:10:41.801306+00:00,
Black Clover,kitsu_13209,34572,97940,13209,12665,tt7441658,331753,73223,,watching,60,0,2026-01-24T22:37:58.996000+00:00,
Black Clover: Jump Festa 2016 Special,kitsu_12625,33950,87528,12625,12351,tt7441658,331753,73223,,watching,0,7,2026-06-30T12:00:41.036000+00:00,
Black Lagoon,mal_889,889,889,789,3395,tt0962826,79604,12598,36733,plantowatch,12,0,2026-07-21T10:00:07+00:00,
Black Lagoon,kitsu_789,889,889,789,3395,tt0962826,79604,12598,,completed,12,0,2025-02-15T18:43:40.580000+00:00,
Black Lagoon: The Second Barrage,mal_1519,1519,1519,1363,4597,tt0962826,79604,12598,38764,completed,12,0,2026-07-21T10:00:16+00:00,
Black Lagoon: The Second Barrage,kitsu_1363,1519,1519,1363,4597,tt0962826,79604,12598,,completed,12,0,2025-02-15T18:43:40.636000+00:00,
Black Torch,mal_61169,61169,187538,49656,19203,tt37532893,461194,285993,2733606,watching,5,0,2026-08-07T18:36:36+00:00,
Bleach,mal_269,269,269,244,2369,tt0434665,74796,30984,41066,plantowatch,0,0,2026-08-07T21:10:41.801112+00:00,
Bleach,kitsu_244,269,269,244,2369,tt0434665,74796,30984,,plantowatch,0,0,2026-06-30T11:33:09.119000+00:00,
Blood+,mal_150,150,150,128,3186,tt0482855,78960,19849,36193,plantowatch,0,0,2026-08-07T21:10:41.800870+00:00,
Blood+,kitsu_128,150,150,128,3186,tt0482855,78960,19849,,plantowatch,0,0,2026-06-30T11:32:32.358000+00:00,
Blood-C,mal_10490,10490,10490,6203,8348,tt1890725,249864,43270,38661,plantowatch,0,0,2026-08-07T21:10:41.801007+00:00,
Blood-C,kitsu_6203,10490,10490,6203,8348,tt1890725,249864,43270,,plantowatch,0,0,2026-01-23T11:22:47.585000+00:00,
Blood-C: The Last Dark,mal_10681,10681,10681,6288,8375,tt1941466,249864,43270,40931,completed,1,0,2026-07-21T18:20:04+00:00,
Blood-C: The Last Dark,kitsu_6288,10681,10681,6288,8375,tt1941466,249864,43270,,plantowatch,1,0,2026-06-30T11:53:55.324000+00:00,
Bloody Mary,mal_55673,55673,148289,,,,,,,plantowatch,0,0,2026-07-05T13:29:15+00:00,arm
Boku dake ga Inai Machi,mal_31043,31043,21234,11110,11292,tt5249462,303071,65249,503490,plantowatch,12,7,2026-07-21T07:30:26+00:00,
Boku dake ga Inai Machi,kitsu_11110,31043,21234,11110,11292,tt5249462,303071,65249,,completed,12,0,2026-01-24T22:37:46.933000+00:00,
Boku no Hero Academia,mal_31964,31964,21459,11469,11739,tt5626028,305074,65930,532942,completed,13,0,2026-07-05T13:37:39+00:00,
Boku no Hero Academia,kitsu_11469,31964,21459,11469,11739,tt5626028,305074,65930,,completed,13,0,2025-02-15T18:43:40.719000+00:00,
Boku no Hero Academia 2,mal_33486,33486,21856,12268,12233,tt5626028,305074,65930,595017,completed,25,0,2026-07-05T13:37:40+00:00,
Boku no Hero Academia 2nd Season,kitsu_12268,33486,21856,12268,12233,tt5626028,305074,65930,,completed,25,0,2026-01-23T11:53:30.458000+00:00,
Boku no Hero Academia 3,mal_36456,36456,100166,13881,13485,tt5626028,305074,65930,723427,completed,25,0,2026-07-05T13:37:43+00:00,
Boku no Hero Academia 3rd Season,kitsu_13881,36456,100166,13881,13485,tt5626028,305074,65930,,completed,25,0,2026-01-23T11:53:31.311000+00:00,
Boku no Hero Academia 4,mal_38408,38408,104276,41971,14416,tt5626028,305074,65930,920009,completed,25,0,2026-07-05T13:37:46+00:00,
Boku no Hero Academia 4th Season,kitsu_41971,38408,104276,41971,14416,tt5626028,305074,65930,,completed,25,0,2026-01-23T11:53:31.335000+00:00,
Boku no Hero Academia 5,mal_41587,41587,117193,43108,15484,tt5626028,305074,65930,1310995,completed,25,0,2026-07-05T13:37:53+00:00,
Boku no Hero Academia 5th Season,kitsu_43108,41587,117193,43108,15484,tt5626028,305074,65930,,completed,25,0,2026-01-23T11:53:31.379000+00:00,
Boku no Hero Academia 6th Season,mal_49918,49918,139630,45240,16793,tt5626028,305074,65930,1737071,completed,25,0,2026-07-05T13:38:03+00:00,
Boku no Hero Academia 6th Season,kitsu_45240,49918,139630,45240,16793,tt5626028,305074,65930,,completed,25,0,2026-01-23T11:53:33.821000+00:00,
Boku no Hero Academia 7th Season,mal_54789,54789,163139,47232,17931,tt5626028,305074,65930,2125452,completed,21,0,2026-01-26T14:07:22+00:00,
Boku no Hero Academia 7th Season,kitsu_47232,54789,163139,47232,17931,tt5626028,305074,65930,,completed,21,0,2026-01-23T11:53:33.964000+00:00,
Boku no Hero Academia: Final Season,mal_60098,60098,182896,49279,18921,tt5626028,305074,65930,2607190,completed,11,0,2026-01-26T14:07:26+00:00,
Boku no Hero Academia: Final Season,kitsu_49279,60098,182896,49279,18921,tt5626028,305074,65930,,completed,11,0,2026-01-23T11:53:34.005000+00:00,
Boku no Kokoro no Yabai Yatsu,mal_55690,55690,166216,47634,18066,tt21423786,422981,207250,2190420,plantowatch,0,0,2026-08-07T21:10:41.801742+00:00,
Boku no Kokoro no Yabai Yatsu,mal_52578,52578,153152,46299,17547,tt21423786,422981,207250,1964748,plantowatch,0,0,2026-08-07T21:10:41.801682+00:00,
Boku no Kokoro no Yabai Yatsu,kitsu_46299,52578,153152,46299,17547,tt21423786,422981,207250,,plantowatch,0,0,2026-06-30T11:58:48.686000+00:00,
Boku no Kokoro no Yabai Yatsu 2nd Season,kitsu_47634,55690,166216,47634,18066,tt21423786,422981,207250,,plantowatch,0,0,2026-01-23T11:32:12.876000+00:00,
"Botsuraku Yotei no Kizoku dakedo, Hima Datta kara Mahou wo Kiwamete mita",mal_58437,58437,176063,48620,18536,tt32524468,447573,261301,2404662,watching,12,0,2026-01-24T22:34:13.605000+00:00,
"Botsuraku Yotei no Kizoku dakedo, Hima Datta kara Mahou wo Kiwametemita",kitsu_48620,58437,176063,48620,18536,tt32524468,447573,261301,,watching,12,0,2026-01-24T22:34:13.605000+00:00,
Boukensha ni Naritai to Miyako ni Deteitta Musume ga S Rank ni Natteta,mal_53494,53494,156184,46690,17695,tt28102247,426703,229609,2025860,completed,13,0,2026-08-07T18:36:16+00:00,
Boukensha ni Naritai to Miyako ni Deteitta Musume ga S-Rank ni Natteta,kitsu_46690,53494,156184,46690,17695,tt28102247,426703,229609,,watching,1,0,2025-02-15T18:43:12.635000+00:00,
Boushoku no Berserk,mal_53439,53439,156039,46688,17687,tt28685497,426530,213331,2022566,completed,12,0,2025-03-02T19:26:50+00:00,
Boushoku no Berserk,kitsu_46688,53439,156039,46688,17687,tt28685497,426530,213331,,completed,12,0,2025-02-15T18:43:03.912000+00:00,
Btooom!,mal_14345,14345,14345,7113,9249,tt2329220,262095,45125,40098,plantowatch,0,0,2026-08-07T21:10:41.801068+00:00,
Btooom!,kitsu_7113,14345,14345,7113,9249,tt2329220,262095,45125,,plantowatch,0,0,2026-06-30T11:37:11.792000+00:00,
Buchigire Reijou wa Houfuku wo Chikaimashita. Madousho no Chikara de Sokoku wo Tatakitsubushimasu,mal_62289,62289,199408,50766,19530,tt39551287,467005,298831,2863374,watching,6,0,2026-08-13T13:06:47+00:00,
Bungou Stray Dogs,mal_31478,31478,21311,11339,11523,tt5679720,305075,65931,519032,plantowatch,0,0,2026-08-07T21:10:41.801251+00:00,
Bungou Stray Dogs,kitsu_11339,31478,21311,11339,11523,tt5679720,305075,65931,,plantowatch,0,0,2026-06-30T11:55:03.106000+00:00,
Busamen Gachi Fighter,mal_60316,60316,184575,49356,18996,tt36592756,456807,286434,2639608,watching,12,0,2026-07-05T13:42:30.748000+00:00,
Busamen Gachi Fighter,kitsu_49356,60316,184575,49356,18996,tt36592756,456807,286434,,watching,12,0,2026-07-05T13:42:30.748000+00:00,
"Bye Bye, Earth",mal_53626,53626,157371,46764,17723,tt23844810,427299,214587,2037598,completed,10,0,2026-08-07T18:36:17+00:00,
"Bye Bye, Earth",kitsu_46764,53626,157371,46764,17723,tt23844810,427299,214587,,watching,7,0,2025-02-15T18:43:15.088000+00:00,
Captain Herlock,mal_17269,17269,17269,7624,9687,tt2668134,100151,[192577],39775,completed,1,0,2026-07-21T10:00:20+00:00,
Captain Herlock,kitsu_7624,17269,17269,7624,9687,tt2668134,100151,[192577],,completed,1,0,2025-02-15T18:43:40.822000+00:00,
Cardcaptor Sakura,mal_232,232,232,207,102,tt0221735,70668,35790,40753,watching,70,0,2026-08-07T18:35:23+00:00,
Cardcaptor Sakura,kitsu_207,232,232,207,102,tt0221735,70668,35790,,watching,1,0,2026-01-23T11:53:02.433000+00:00,
Cat's Eye,mal_2043,2043,2043,1842,14582,tt0131160,79835,34114,1006399,watching,37,0,2026-08-07T18:35:23+00:00,
Cat's Eye,kitsu_1842,2043,,1842,,,,,,dropped,1,0,2026-06-30T11:53:31.390000+00:00,
Cat's♥Eye,mal_60347,60347,184718,49363,19004,tt34710525,456934,286691,2641942,dropped,1,0,2026-02-06T16:30:01+00:00,
Cat's♥Eye,kitsu_49363,60347,184718,49363,19004,tt34710525,456934,286691,,dropped,1,0,2026-01-24T22:34:19.018000+00:00,
Cat's♥Eye (2025),anilist_184718,60347,184718,49363,19004,tt34710525,456934,286691,,dropped,1,0,2026-01-24T22:34:19.018000+00:00,
Chainsaw Man,mal_44511,44511,127230,43806,15914,tt13616990,397934,114410,1498301,plantowatch,7,0,2026-07-05T13:37:56+00:00,
Chainsaw Man,kitsu_43806,44511,127230,43806,15914,tt13616990,397934,114410,,plantowatch,7,0,2026-01-23T10:10:15.699000+00:00,
Chainsaw Man Movie: Reze-hen,kitsu_48323,57555,171627,48323,18324,tt30472557,397934,[1218925],,plantowatch,0,0,2026-07-05T13:42:06.712000+00:00,
Chang An San Wan Li,kitsu_49777,54945,175646,49777,,,,,,plantowatch,0,0,2026-06-30T11:59:25.518000+00:00,
Chang'An,mal_54945,54945,175646,49777,,,,,,plantowatch,0,0,2026-06-30T11:59:25.518000+00:00,arm
Cheat Kusushi no Slow Life: Isekai ni Tsukurou Drugstore,mal_40960,40960,114302,43612,15339,tt12390384,402094,103944,1232793,completed,12,0,2026-07-09T11:35:34+00:00,
Cheat Kusushi no Slow Life: Isekai ni Tsukurou Drugstore,kitsu_43612,40960,114302,43612,15339,tt12390384,402094,103944,,watching,11,0,2025-02-15T18:43:12.693000+00:00,
Chi. Chikyuu no Undou ni Tsuite,mal_52215,52215,151514,46214,17480,tt33044444,421583,204635,1939202,plantowatch,0,0,2026-08-07T21:10:41.801672+00:00,
Chi. Chikyuu no Undou ni Tsuite,kitsu_46214,52215,151514,46214,17480,tt33044444,421583,204635,,plantowatch,0,0,2025-01-26T01:15:57.200000+00:00,
"Chichi wa Eiyuu, Haha wa Seirei, Musume no Watashi wa Tensei-sha.",mal_57888,57888,173692,48448,18437,tt32777700,444999,280048,2354818,watching,12,0,2026-08-07T18:36:25+00:00,
"Chichi wa Eiyuu, Haha wa Seirei, Musume no Watashi wa Tenseisha.",kitsu_48448,57888,173692,48448,18437,tt32777700,444999,280048,,watching,4,0,2026-01-23T11:53:39.227000+00:00,
Chika Gentou Gekiga: Shoujo Tsubaki,kitsu_2696,2981,,2696,3619,tt0930902,,[53064],38962,plantowatch,0,0,2026-01-23T11:12:06.799000+00:00,
Chiyu Mahou no Machigatta Tsukaikata,mal_49613,49613,137908,44981,16537,tt15237152,415440,131365,1709003,completed,13,0,2026-07-05T13:38:02+00:00,
Chiyu Mahou no Machigatta Tsukaikata,kitsu_44981,49613,137908,44981,16537,tt15237152,415440,131365,,completed,13,0,2025-02-15T18:43:04.072000+00:00,
Chotto dake Ai ga Omoi Dark Elf ga Isekai kara Oikaketekita,mal_59745,59745,180829,49185,18856,tt35437763,454149,271003,2573734,completed,12,0,2026-07-21T18:20:17+00:00,
Chotto dake Ai ga Omoi Dark Elf ga Isekai kara Oikaketekita,kitsu_49185,59745,180829,49185,18856,tt35437763,454149,271003,,watching,1,0,2026-01-23T11:53:02.743000+00:00,
Choujin Densetsu Urotsukidouji,mal_2341,2341,551,508,551,tt0981456,79237,56425,529394,completed,3,0,2026-08-07T18:35:33+00:00,
Choujin Densetsu Urotsukidouji 2,mal_2360,2360,3198,,3198,,,,1247167,plantowatch,0,0,2026-08-07T21:10:41.801474+00:00,
Choujin Densetsu Urotsukidouji Movie,mal_2359,2359,3194,2850,3194,,,,1311001,completed,1,0,2026-07-05T13:37:53+00:00,
Choujin Koukousei-tachi wa Isekai demo Yoyuu de Ikinuku you desu!,mal_39523,39523,108388,42222,14750,tt10671282,369395,91269,1058331,watching,12,0,2026-07-05T13:37:48+00:00,
Choujin Koukousei-tachi wa Isekai demo Yoyuu de Ikinuku you desu!,kitsu_42222,39523,108388,42222,14750,tt10671282,369395,91269,,watching,12,0,2026-01-24T22:38:40.774000+00:00,
Chuuzenji-sensei Mononoke Kougiroku: Sensei ga Nazo o Toite Shimau kara.,mal_60009,60009,182419,49826,18894,tt35437053,455062,275623,2597574,plantowatch,0,0,2026-08-07T21:10:41.801864+00:00,
Chuuzenji-sensei Mononoke Kougiroku: Sensei ga Nazo wo Hodoite Shimau kara.,kitsu_49826,60009,182419,49826,18894,tt35437053,455062,275623,,plantowatch,0,0,2026-01-23T11:36:16.257000+00:00,
ChäoS;HEAd,mal_4975,4975,4975,3871,6088,tt1278254,83358,56996,39886,plantowatch,1,0,2026-07-21T10:00:20+00:00,
ChäoS;HEAd,kitsu_3871,4975,4975,3871,6088,tt1278254,83358,56996,,watching,1,0,2026-01-23T11:53:34.325000+00:00,
Clannad,mal_2167,2167,2167,1962,5101,tt1118804,80644,24835,40750,plantowatch,0,0,2026-08-07T21:10:41.801097+00:00,
Clannad,kitsu_1962,2167,2167,1962,5101,tt1118804,80644,24835,,plantowatch,0,0,2026-06-30T11:52:34.099000+00:00,
Clannad: After Story,mal_4181,4181,4181,3505,5841,tt1118804,80644,24835,38483,plantowatch,0,0,2026-08-07T21:10:41.800992+00:00,
Clannad: After Story,kitsu_3505,4181,4181,3505,5841,tt1118804,80644,24835,,plantowatch,0,0,2018-03-01T04:47:12.387000+00:00,
Clevatess II: Majuu no Ou to Itsuwari no Yuusha Denshou,mal_62513,62513,198946,50154,19581,tt32991344,451793,258348,2884094,plantowatch,0,0,2026-08-07T21:10:41.801932+00:00,
Clevatess II: Majuu no Ou to Itsuwari no Yuusha Denshou,kitsu_50154,62513,198946,50154,19581,tt32991344,451793,258348,,plantowatch,0,0,2026-06-30T11:50:38.591000+00:00,
Clevatess: Majuu no Ou to Akago to Shikabane no Yuusha,mal_59205,59205,178869,49061,18730,tt32991344,451793,258348,2505908,watching,12,0,2026-08-07T18:36:30+00:00,
Clevatess: Majuu no Ou to Akago to Shikabane no Yuusha,kitsu_49061,59205,178869,49061,18730,tt32991344,451793,258348,,watching,8,0,2026-01-24T22:34:14.362000+00:00,
Code Geass: Boukoku no Akito,anilist_7508,,7508,,,,,,40276,plantowatch,0,0,2026-07-21T18:17:16.605824+00:00,
Code Geass: Boukoku no Akito,anidb_7508,8888,8888,5518,7508,tt0994314,79525,31724,40276,plantowatch,0,0,2026-08-07T21:10:41.801080+00:00,manual_override
Code Geass: Boukoku no Akito 1 - Yokuryuu wa Maiorita,mal_8888,8888,8888,5518,7508,,,,40276,plantowatch,0,0,2026-06-30T13:44:57+00:00,manual_override
Code Geass: Boukoku no Akito 1 - Yokuryuu wa Maiorita,kitsu_5518,8888,8888,5518,7508,,,,,plantowatch,0,0,2026-06-30T11:53:34.109000+00:00,manual_override
Code Geass: Dakkan no Roze,mal_56835,56835,126830,43855,15910,tt13592980,443905,255107,1495179,plantowatch,0,0,2026-08-07T21:10:41.801546+00:00,
Code Geass: Dakkan no Rozé,kitsu_43855,56835,126830,43855,15910,tt13592980,443905,255107,,plantowatch,0,0,2026-01-23T11:33:16.349000+00:00,
Code Geass: Fukkatsu no Lelouch,mal_34437,34437,97880,12767,12566,tt6344664,79525,553837,638613,plantowatch,0,0,2026-08-07T21:10:41.801321+00:00,
Code Geass: Fukkatsu no Lelouch,kitsu_12767,34437,97880,12767,12566,tt6344664,79525,[553837],,plantowatch,0,0,2026-01-23T11:24:50.469000+00:00,
Code Geass: Hangyaku no Lelouch,mal_1575,1575,1575,1415,4521,tt0994314,79525,31724,40180,plantowatch,0,0,2026-08-07T21:10:41.801072+00:00,
Code Geass: Hangyaku no Lelouch,kitsu_1415,1575,1575,1415,4521,tt0994314,79525,31724,,plantowatch,0,0,2024-12-08T05:58:23.285000+00:00,
Code Geass: Hangyaku no Lelouch DVD Magazine Picture Drama,mal_41075,41075,126169,,,,,,,plantowatch,0,0,2026-07-05T13:29:01+00:00,arm
Code Geass: Hangyaku no Lelouch R2,mal_2904,2904,2904,2634,5373,tt0994314,79525,31724,41541,plantowatch,0,0,2026-08-07T21:10:41.801129+00:00,
Code Geass: Hangyaku no Lelouch R2,kitsu_2634,2904,2904,2634,5373,tt0994314,79525,31724,,plantowatch,0,0,2024-12-08T05:58:23.303000+00:00,
Cowboy Bebop,mal_1,1,1,1,23,tt0213338,76885,30991,37089,plantowatch,26,0,2026-07-21T10:00:08+00:00,
Cowboy Bebop,kitsu_1,1,1,1,23,tt0213338,76885,30991,,completed,26,0,2025-02-15T18:43:41.036000+00:00,
Cyberpunk: Edgerunners,mal_42310,42310,120377,43248,15610,tt12590266,384541,105248,1377443,plantowatch,0,0,2026-08-07T21:10:41.801518+00:00,
Cyberpunk: Edgerunners,kitsu_43248,42310,120377,43248,15610,tt12590266,384541,105248,,plantowatch,0,0,2026-01-24T22:34:18.973000+00:00,
Cyborg 009 VS Devilman,kitsu_11114,31050,21231,11114,11169,tt5675016,351797,220519,,completed,3,0,2025-02-15T18:43:41.102000+00:00,
Cyborg 009 vs. Devilman,mal_31050,31050,21231,11114,11169,tt5675016,351797,220519,485214,plantowatch,3,0,2026-07-21T07:30:26+00:00,
Daikenja Riddle no Jikan Gyakkou,mal_63433,63433,210375,50648,19994,,,,3071770,dropped,2,0,2026-07-07T12:30:03+00:00,
Daikenja Riddle no Jikan Gyakkou,kitsu_50648,63433,210375,50648,19994,,,,3071770,plantowatch,0,0,2026-06-30T12:01:57.920000+00:00,
Dan Da Dan,mal_57334,57334,171018,48269,18290,tt30217403,432832,240411,2308514,plantowatch,9,0,2026-07-06T13:45:25+00:00,
Dan Da Dan,mal_60543,60543,185660,49425,19060,tt30217403,432832,240411,2665178,watching,12,0,2026-08-07T18:36:35+00:00,
Dandadan,kitsu_48269,57334,171018,48269,18290,tt30217403,432832,240411,,watching,9,0,2026-06-30T11:46:38.590000+00:00,
Dandadan 2nd Season,kitsu_49425,60543,185660,49425,19060,tt30217403,432832,240411,,watching,1,0,2026-01-23T11:53:38.968000+00:00,
Dark Gathering,mal_52505,52505,152802,46279,17536,tt21844490,422090,206799,1960360,plantowatch,0,0,2026-08-07T21:10:41.801681+00:00,
Dark Gathering,kitsu_46279,52505,152802,46279,17536,tt21844490,422090,206799,,plantowatch,0,0,2023-08-06T07:23:03.305000+00:00,
DARK MOON: Kuro no Tsuki - Tsuki no Saidan,anilist_181443,59853,181443,50325,18869,tt38646055,454526,271609,,watching,1,0,2026-01-24T22:34:15.446000+00:00,
Dark Moon: Tsuki no Saidan,kitsu_50325,59853,181443,50325,18869,tt38646055,454526,271609,,watching,1,0,2026-01-24T22:34:15.446000+00:00,
Darker than Black: Kuro no Keiyakusha,mal_2025,2025,2025,1824,4906,tt0995941,80042,31718,41149,plantowatch,25,7,2026-07-21T10:00:26+00:00,
Darker than Black: Kuro no Keiyakusha,kitsu_1824,2025,2025,1824,4906,tt0995941,80042,31718,,completed,25,0,2025-02-15T18:43:41.144000+00:00,
DARKER THAN BLACK: Ryuusei no Gemini,mal_6573,6573,6573,4617,6644,tt0995941,80042,31718,41655,completed,12,0,2026-01-26T14:06:41+00:00,
Darker than Black: Ryuusei no Gemini,kitsu_4617,6573,6573,4617,6644,tt0995941,80042,31718,,completed,12,0,2026-01-23T11:53:33.478000+00:00,
Dawang Raoming,mal_44406,44406,120220,45551,16356,tt16409202,413480,146339,1815400,completed,12,0,2026-08-07T18:36:07+00:00,
Dead Account,mal_61196,61196,187901,49672,19209,tt37533007,461423,286291,2734534,watching,0,0,2026-08-07T21:10:41.801903+00:00,
Dead Mount Death Play,mal_53613,53613,157198,46760,17719,tt27489241,427239,214540,2036090,completed,12,8,2026-06-30T11:44:46.134000+00:00,
Dead Mount Death Play,kitsu_46760,53613,157198,46760,17719,tt27489241,427239,214540,,completed,12,0,2026-06-30T11:44:46.134000+00:00,
Dead Mount Death Play Part 2,mal_54743,54743,162803,47195,17915,tt27489241,427239,214540,2123446,completed,12,8,2026-06-30T11:55:33.486000+00:00,
Dead Mount Death Play Part 2,kitsu_47195,54743,162803,47195,17915,tt27489241,427239,214540,,completed,12,0,2026-06-30T11:55:33.486000+00:00,
Death March Kara Hajimaru Isekai Kyousoukyoku,mal_34497,34497,97907,13276,12603,tt7712706,336404,76122,641315,completed,12,0,2026-07-05T13:37:41+00:00,
Death March kara Hajimaru Isekai Kyousoukyoku,kitsu_13276,34497,97907,13276,12603,tt7712706,336404,76122,,completed,12,0,2025-02-15T18:43:41.255000+00:00,
Death Note,mal_1535,1535,1535,1376,4563,tt0877057,79481,13916,40190,plantowatch,37,8,2026-07-21T10:00:22+00:00,
Death Note,kitsu_1376,1535,1535,1376,4563,tt0877057,79481,13916,,completed,37,0,2026-01-23T11:53:09.318000+00:00,
Debu to Love to Ayamachi to!,mal_57189,57189,170936,48237,18281,tt37815384,465978,296287,2300212,completed,12,0,2026-08-07T18:36:24+00:00,
Debu to Love to Ayamachi to!,kitsu_48237,57189,170936,48237,18281,tt37815384,465978,296287,,watching,1,0,2026-01-23T11:53:39.585000+00:00,
Debu to Love to Ayamachi to!,anilist_170936,57189,170936,48237,18281,tt37815384,465978,296287,,watching,1,0,2026-01-23T11:53:39.585000+00:00,
Dekin no Mogura,mal_60315,60315,184574,49357,18990,tt35995444,456740,277581,2638128,plantowatch,0,0,2026-08-07T21:10:41.801877+00:00,
Dekin no Mogura,kitsu_49357,60315,184574,49357,18990,tt35995444,456740,277581,,plantowatch,0,0,2026-06-30T11:49:02.865000+00:00,
"Dekisokonai to Yobareta Moto Eiyuu wa, Jikka kara Tsuihou Sareta node Suki Katte ni Ikiru Koto ni Shita",mal_55717,55717,166372,48186,18074,tt28131643,436378,229108,2193168,completed,12,0,2025-09-06T12:24:18+00:00,
Dekisokonai to Yobareta Motoeiyuu wa Jikka kara Tsuihou sareta node Sukikatte ni Ikiru Koto ni Shita,kitsu_48186,55717,166372,48186,18074,tt28131643,436378,229108,,completed,12,0,2025-02-15T18:43:41.313000+00:00,
Delico's Nursery,mal_56179,56179,167991,47835,18148,tt32645928,437981,232252,2224352,completed,13,0,2026-08-07T18:36:22+00:00,
Delico's Nursery,kitsu_47835,56179,167991,47835,18148,tt32645928,437981,232252,,watching,4,0,2025-02-15T18:43:15.195000+00:00,
Delico's Nursery,anilist_167991,56179,167991,47835,18148,tt32645928,437981,232252,,watching,4,0,2025-02-15T18:43:15.195000+00:00,
Detective Conan Movie 03: The Last Wizard of the Century,mal_781,781,781,698,2646,tt1067920,72454,30983,,watching,0,0,2026-01-23T11:53:05.368000+00:00,
Devil May Cry,mal_1726,1726,1726,1547,4776,tt1048049,80224,12577,41213,plantowatch,0,0,2026-08-07T21:10:41.801119+00:00,
Devil May Cry,kitsu_1547,1726,1726,1547,4776,tt1048049,80224,12577,,plantowatch,0,0,2026-06-30T11:34:12.826000+00:00,
DEVILMAN crybaby,mal_35120,35120,98460,13230,12986,tt6660498,338192,75208,668933,completed,10,5,2026-07-05T13:37:42+00:00,
Devilman: Crybaby,kitsu_13230,35120,98460,13230,12986,tt6660498,338192,75208,,completed,10,0,2025-02-15T18:43:06.127000+00:00,
Digimon Adventure tri. 1: Saikai,mal_25687,25687,20802,8684,10764,,290290,,52950,plantowatch,1,0,2026-07-21T07:30:24+00:00,
Digimon Adventure tri. 1: Saikai,kitsu_8684,25687,20802,8684,,,,,,plantowatch,1,0,2026-06-30T11:38:36.680000+00:00,
Divine Gate,mal_31710,31710,21380,11409,11266,tt5330856,299500,66730,499390,plantowatch,0,0,2026-08-07T21:10:41.801244+00:00,
Divine Gate,kitsu_11409,31710,21380,11409,11266,tt5330856,299500,66730,,plantowatch,0,0,2024-11-25T09:22:45.212000+00:00,
Dogul Wang,mal_63316,63316,184356,50480,19838,,,,2995878,watching,5,0,2026-08-07T18:36:41+00:00,
Dogulwang,kitsu_50480,63316,184356,50480,,,,,,plantowatch,0,0,2026-01-24T22:34:18.946000+00:00,
Dororo,mal_11471,11471,11471,6516,8770,tt1985378,273042,21298,36397,plantowatch,0,0,2026-08-07T21:10:41.800888+00:00,
Dororo,mal_37520,37520,101347,41083,13946,tt9458304,354167,83100,784559,plantowatch,0,0,2026-08-07T21:10:41.801379+00:00,
Dororo,kitsu_41083,37520,101347,41083,13946,tt9458304,354167,83100,,plantowatch,0,0,2026-01-23T11:25:35.889000+00:00,
Dororo Pilot,kitsu_6516,11471,11471,6516,8770,tt1985378,273042,21298,,plantowatch,0,0,2026-01-23T11:23:03.285000+00:00,
Dr. STONE,mal_38691,38691,105333,42080,14491,tt9679542,355774,86031,966385,completed,24,0,2026-07-05T13:37:47+00:00,
Dr. Stone,kitsu_42080,38691,105333,42080,14491,tt9679542,355774,86031,,completed,24,0,2026-06-30T11:54:36.168000+00:00,
Dr. STONE: NEW WORLD,mal_48549,48549,131518,44289,17053,tt9679542,355774,86031,1808252,completed,11,0,2026-07-05T13:38:04+00:00,
Dr. Stone: New World,kitsu_44289,48549,131518,44289,17053,tt9679542,355774,86031,,completed,11,0,2025-02-15T18:43:02.063000+00:00,
Dragon Ball Daima,mal_56894,56894,170083,48108,18238,tt29485149,440820,236994,2275266,plantowatch,0,0,2026-08-07T21:10:41.801769+00:00,
Dragon Ball Daima,kitsu_48108,56894,170083,48108,18238,tt29485149,440820,236994,,plantowatch,0,0,2026-06-30T11:46:10.416000+00:00,
Dragon Ball Super,mal_30694,30694,21175,10879,11210,tt4644488,295068,62715,491822,plantowatch,1,0,2026-07-21T07:30:26+00:00,
Dragon Ball Super,kitsu_10879,30694,21175,10879,11210,tt4644488,295068,62715,,watching,1,0,2025-02-15T18:43:09.873000+00:00,
Dragon Quest: Dai no Daibouken,mal_40906,40906,114099,42900,15321,tt11858104,374191,96884,1229789,completed,100,0,2026-08-07T18:35:51+00:00,
Dragon Quest: Dai no Daibouken (2020),kitsu_42900,40906,114099,42900,15321,tt11858104,374191,96884,,watching,3,0,2025-02-15T18:43:14.559000+00:00,
Dragon's Dogma,kitsu_42191,39519,108356,42191,14746,tt10011298,385314,99769,,completed,7,0,2025-02-15T18:43:05.293000+00:00,
Dragon’s Dogma,mal_39519,39519,108356,42191,14746,tt10011298,385314,99769,1057883,completed,7,0,2026-07-05T13:37:48+00:00,
Dungeon Meshi,mal_52701,52701,153518,46320,17564,tt21621494,423257,207784,1970434,completed,24,0,2026-05-24T10:25:05+00:00,
Dungeon Meshi,kitsu_46320,52701,153518,46320,17564,tt21621494,423257,207784,,completed,24,0,2025-02-15T18:43:04.022000+00:00,
Dungeon ni Deai o Motomeru no wa Machigatte Iru Darouka: Familia Myth,mal_28121,28121,20920,9962,10894,tt4728568,289882,62745,428658,plantowatch,13,0,2026-07-21T07:30:25+00:00,
Dungeon ni Deai wo Motomeru no wa Machigatteiru Darou ka,kitsu_9962,28121,20920,9962,10894,tt4728568,289882,62745,,completed,13,0,2026-06-30T11:54:07.599000+00:00,
Dungeon ni Deai wo Motomeru no wa Machigatteiru Darou ka II,mal_37347,37347,101167,40599,13829,tt4728568,289882,62745,767897,completed,12,0,2026-07-05T13:37:44+00:00,
Dungeon ni Deai wo Motomeru no wa Machigatteiru Darou ka II,kitsu_40599,37347,101167,40599,13829,tt4728568,289882,62745,,completed,12,0,2025-02-15T18:43:03.589000+00:00,
Dungeon ni Deai wo Motomeru no wa Machigatteiru Darou ka V: Houjou no Megami-hen,mal_57066,57066,170732,48216,18267,tt4728568,289882,62745,2282064,completed,15,0,2026-07-21T18:20:13+00:00,
Dungeon ni Deai wo Motomeru no wa Machigatteiru Darou ka V: Houjou no Megami-hen,kitsu_48216,57066,170732,48216,18267,tt4728568,289882,62745,,watching,2,0,2026-07-05T13:25:31.880000+00:00,
Dungeon no Naka no Hito,mal_56348,56348,168345,47872,18162,tt32832441,438420,250597,2233412,completed,12,7,2026-06-30T11:05:29+00:00,
Dungeon no Naka no Hito,kitsu_47872,56348,168345,47872,18162,tt32832441,438420,250597,,completed,12,7,2026-01-23T11:53:09.495000+00:00,
Durarara!!,mal_6746,6746,6746,4696,6671,tt1584000,133341,42410,36811,plantowatch,0,0,2026-08-07T21:10:41.800913+00:00,
Durarara!!,kitsu_4696,6746,6746,4696,6671,tt1584000,133341,42410,,plantowatch,0,0,2026-06-30T11:35:30.211000+00:00,
EDENS ZERO,mal_42192,42192,119683,43521,15597,tt13167196,388645,104711,1368109,completed,25,0,2026-07-05T13:37:54+00:00,
Edens Zero,kitsu_43521,42192,119683,43521,15597,tt13167196,388645,104711,,completed,25,0,2025-02-15T18:43:04.465000+00:00,
Eiga Koe no Katachi,mal_28851,28851,20954,10028,10937,tt5323662,,378064,436948,plantowatch,0,0,2026-08-07T21:10:41.801211+00:00,
Eiga Odd Taxi: In the Woods,mal_50653,50653,143080,45653,17076,tt16609250,397208,919609,1813384,plantowatch,0,0,2026-08-07T21:10:41.801639+00:00,
"Eiyuu Ou, Bu o Kiwameru Tame Tenseisu: Soshite, Sekai Saikyou no Minarai Kishi",mal_50481,50481,142193,45548,17015,tt25971150,412957,194718,1790218,completed,12,0,2026-08-07T18:36:06+00:00,
"Eiyuuou, Bu wo Kiwameru Tame Tenseisu: Soshite, Sekai Saikyou no Minarai Kishi♀",kitsu_45548,50481,142193,45548,17015,tt25971150,412957,194718,,watching,4,0,2025-02-15T18:43:12.091000+00:00,
Elfen Lied,mal_226,226,226,201,1544,tt0480489,75941,42671,45000,watching,13,0,2026-08-07T18:35:27+00:00,
Elfen Lied,kitsu_201,226,226,201,1544,tt0480489,75941,42671,,watching,3,0,2026-01-23T11:53:39.616000+00:00,
En'en no Shouboutai,mal_38671,38671,105310,42068,14488,tt9307686,355480,88046,961975,plantowatch,0,0,2026-08-07T21:10:41.801406+00:00,
En'en no Shouboutai Ni no Shou,mal_40956,40956,114236,42909,15335,tt9307686,355480,88046,1232225,plantowatch,0,0,2026-08-07T21:10:41.801469+00:00,
En'en no Shouboutai San no Shou,mal_51818,51818,149118,46119,17420,tt9307686,355480,88046,1912404,plantowatch,0,0,2026-08-07T21:10:41.801663+00:00,
En'en no Shouboutai San no Shou,mal_59229,59229,179062,49016,18742,tt9307686,355480,88046,2510236,plantowatch,0,0,2026-08-07T21:10:41.801842+00:00,
Endride,mal_32608,32608,21611,11807,11902,tt5877116,306845/1,65933,554578,completed,24,4,2026-08-14T11:43:29.428000+00:00,
Endride,kitsu_11807,32608,21611,11807,11902,tt5877116,306845,65933,,plantowatch,0,0,2023-08-10T13:44:35.004000+00:00,
Enen no Shouboutai,kitsu_42068,38671,105310,42068,14488,tt9307686,355480,88046,,plantowatch,0,0,2026-01-23T11:26:00.260000+00:00,
Enen no Shouboutai: Ni no Shou,kitsu_42909,40956,114236,42909,15335,tt9307686,355480,88046,,plantowatch,0,0,2026-01-23T11:27:03.878000+00:00,
Enen no Shouboutai: San no Shou,kitsu_46119,51818,149118,46119,17420,tt9307686,355480,88046,,plantowatch,0,0,2026-01-23T11:30:36.802000+00:00,
Enen no Shouboutai: San no Shou Part 2,kitsu_49016,59229,179062,49016,18742,tt9307686,355480,88046,,plantowatch,0,0,2026-01-23T11:35:12.664000+00:00,
Eris no Seihai,mal_60151,60151,183270,49296,18938,tt38647635,455709,283891,2613910,plantowatch,0,0,2026-08-07T21:10:41.801871+00:00,
Eris no Seihai,kitsu_49296,60151,183270,49296,18938,tt38647635,455709,283891,,plantowatch,0,0,2026-01-24T22:34:18.507000+00:00,
Escha & Logy no Atelier: Tasogare no Sora no Renkinjutsushi,mal_21167,21167,20506,8091,10241,tt3505574,278151,60819,44660,completed,12,0,2026-07-21T18:20:05+00:00,
Escha & Logy no Atelier: Tasogare no Sora no Renkinjutsushi,kitsu_8091,21167,20506,8091,10241,tt3505574,278151,60819,,watching,2,0,2026-01-23T11:53:03.337000+00:00,
Evangelion Movie 2: Ha,mal_3784,3784,3784,3250,6171,tt0860906,70350,890,38372,completed,1,10,2026-07-21T10:00:13+00:00,
Evangelion Movie 2: Ha,kitsu_3250,3784,3784,3250,6171,tt0860906,70350,890,,completed,1,0,2025-02-15T18:43:41.701000+00:00,
Exception,mal_49163,49163,135660,44690,16377,tt14825954,404716,127325,1658237,plantowatch,0,0,2026-08-07T21:10:41.801602+00:00,
Exception,kitsu_44690,49163,135660,44690,16377,tt14825954,404716,127325,,plantowatch,0,0,2026-06-30T11:42:45.513000+00:00,
Fairy Tail,mal_6702,6702,6702,4676,6662,tt1528406,114801,46261,38675,plantowatch,175,9,2026-07-21T10:00:16+00:00,
Fairy Tail,kitsu_4676,6702,6702,4676,6662,tt1528406,114801,46261,,completed,175,0,2026-06-30T11:53:39.226000+00:00,
Fairy Tail (2014),mal_22043,22043,20626,8203,9980,tt1528406,114801,46261,46130,completed,102,0,2026-07-21T10:00:31+00:00,
Fairy Tail (2014),kitsu_8203,22043,20626,8203,9980,tt1528406,114801,46261,,completed,102,0,2025-02-15T18:43:41.742000+00:00,
FAIRY TAIL (2018),mal_35972,35972,99749,13658,13295,tt1528406,114801,46261,703757,completed,51,9,2026-07-05T13:41:13.834000+00:00,
Fairy Tail: Final Series,kitsu_13658,35972,99749,13658,13295,tt1528406,114801,46261,,completed,51,0,2026-07-05T13:41:13.834000+00:00,
Fantastic Children,mal_455,455,455,417,2387,tt0774065,79136,34699,36875,plantowatch,0,0,2026-08-07T21:10:41.800918+00:00,
Fantastic Children,kitsu_417,455,455,417,2387,tt0774065,79136,34699,,plantowatch,0,0,2026-01-23T11:11:17.837000+00:00,
Fantasy Bishoujo Juniku Oji-san to,mal_48997,48997,134252,44580,16325,tt14669108,405227,125712,1646985,watching,12,0,2026-07-05T13:38:01+00:00,
Fantasy Bishoujo Juniku Ojisan to,kitsu_44580,48997,134252,44580,16325,tt14669108,405227,125712,,watching,12,0,2026-01-24T22:39:14.165000+00:00,
Farmagia,mal_59113,59113,178312,49333,18696,tt34621220,451433,257609,2496716,completed,12,0,2026-07-21T18:20:16+00:00,
Farmagia,kitsu_49333,59113,178312,49333,18696,tt34621220,451433,257609,,watching,4,0,2025-02-15T18:43:17.770000+00:00,
Farmagia,anilist_178312,59113,178312,49333,18696,tt34621220,451433,257609,,watching,4,0,2025-02-15T18:43:17.770000+00:00,
Fate/stay night,mal_356,356,356,323,3348,tt0774809,79151,37858,39520,completed,24,0,2026-07-21T18:20:03+00:00,
Fate/stay night,kitsu_323,356,356,323,3348,tt0774809,79151,37858,,watching,1,0,2026-06-30T11:53:06.838000+00:00,
Fate/stay night: Unlimited Blade Works,mal_22297,22297,19603,7882,9977,tt3621796,278626,61415,46116,plantowatch,12,0,2026-07-21T10:00:31+00:00,
Fate/stay night: Unlimited Blade Works,kitsu_7882,22297,19603,7882,9977,tt3621796,278626,61415,,completed,12,0,2025-02-15T18:43:41.795000+00:00,
Fate/strange Fake,mal_55830,55830,166617,47682,18093,tt32864316,436779,229858,2200822,completed,13,0,2026-07-21T18:20:12+00:00,
Fate/strange Fake,kitsu_47682,55830,166617,47682,18093,tt32864316,436779,229858,,watching,1,0,2026-06-30T12:12:27.173000+00:00,
Fate/Zero,mal_11741,11741,11741,7658,8880,tt2051178,275798,45845,39838,watching,0,0,2026-08-07T21:10:41.801056+00:00,
Fate/Zero,mal_10087,10087,10087,6028,8160,tt2051178,275798,45845,37739,plantowatch,1,0,2026-07-21T10:00:10+00:00,
Fate/Zero,kitsu_6028,10087,10087,6028,8160,tt2051178,275798,45845,,watching,1,0,2026-06-30T11:36:19.279000+00:00,
Fate/Zero 2nd Season,kitsu_7658,11741,11741,7658,8880,tt2051178,275798,45845,,watching,0,0,2025-02-15T18:43:08.081000+00:00,
"Fuguushoku ""Kanteishi"" ga Jitsu wa Saikyou Datta",kitsu_49059,59144,178548,49059,18712,tt34620612,451596,270474,,watching,12,0,2026-01-24T22:34:13.626000+00:00,
Fuguushoku [Kanteishi] ga Jitsu wa Saikyou Datta: Naraku de Kitaeta Saikyou no [Shingan] de Musou Suru,mal_59144,59144,178548,49059,18712,tt34620612,451596,270474,2500454,watching,12,0,2026-01-24T22:34:13.626000+00:00,
Fullmetal Alchemist,mal_121,121,121,100,979,tt0421357,75579,37863,37429,plantowatch,51,0,2026-07-21T10:00:09+00:00,
Fullmetal Alchemist,kitsu_100,121,121,100,979,tt0421357,75579,37863,,completed,51,0,2025-02-15T18:43:41.918000+00:00,
Fullmetal Alchemist: Brotherhood,mal_5114,5114,5114,3936,6107,tt1355642,85249,31911,41586,plantowatch,5,0,2026-07-21T10:00:28+00:00,
Fullmetal Alchemist: Brotherhood,kitsu_3936,5114,5114,3936,6107,tt1355642,85249,31911,,watching,5,0,2025-02-15T18:43:07.559000+00:00,
Futari Solo Camp,mal_60665,60665,185965,49466,19084,tt36271866,458406,281044,2674702,watching,0,0,2026-08-07T21:10:41.801890+00:00,
Futari Solo Camp,kitsu_49466,60665,185965,49466,19084,tt36271866,458406,281044,,watching,0,0,2026-01-24T22:34:15.077000+00:00,
Futari Solo Camp,anilist_185965,60665,185965,49466,19084,tt36271866,458406,281044,,watching,0,0,2026-01-24T22:34:15.077000+00:00,
Gachiakuta,mal_59062,59062,178025,48946,18686,tt32612521,450537,256721,2491328,completed,24,0,2026-07-06T13:45:26+00:00,
Gachiakuta,kitsu_48946,59062,178025,48946,18686,tt32612521,450537,256721,,watching,21,0,2026-01-23T11:53:38.646000+00:00,
"Gaikotsu Kishi-sama, Tadaima Isekai e Odekake-chuu",mal_48760,48760,132474,44423,16262,tt14476236,401279,123528,1614787,completed,12,0,2026-07-21T07:30:31+00:00,
"Gaikotsu Kishi-sama, Tadaima Isekai e Odekake-chuu II",mal_60522,60522,185542,49410,19053,tt14476236,401279,123528,2661530,watching,5,0,2026-08-07T18:32:11+00:00,
"Gaikotsu Kishi-sama, Tadaima Isekai e Odekakechuu",kitsu_44423,48760,132474,44423,16262,tt14476236,401279,123528,,completed,12,0,2025-02-15T18:43:02.115000+00:00,
"Gaikotsu Kishi-sama, Tadaima Isekai e Odekakechuu II",kitsu_49410,60522,185542,49410,19053,tt14476236,401279,123528,,watching,1,0,2026-07-05T13:27:03.214000+00:00,
Gakkou no Kaidan,mal_1281,1281,1281,1156,481,tt0285368,82234,35466,41218,plantowatch,19,10,2026-07-21T10:00:26+00:00,
Gakkou no Kaidan,kitsu_1156,1281,1281,1156,481,tt0285368,82234,35466,,completed,19,0,2025-02-15T18:43:05.942000+00:00,
Gakuen Mokushiroku: High School of the Dead,mal_8074,8074,8074,5187,7382,tt1685401,171591,56998,40990,plantowatch,0,0,2026-08-07T21:10:41.801108+00:00,
Gankutsuou,mal_239,239,239,214,1868,tt0437719,79178,9543,39652,plantowatch,1,0,2026-07-03T04:20:12+00:00,
Gankutsuou,kitsu_214,239,239,214,1868,tt0437719,79178,9543,,plantowatch,1,0,2026-01-23T11:53:42.450000+00:00,
Gantz,mal_395,395,395,362,2400,,78916/2,,37477,plantowatch,0,0,2026-08-07T21:10:41.800947+00:00,
Gantz 2nd Stage,kitsu_362,395,395,362,,,,,,plantowatch,0,0,2026-06-30T11:33:20.882000+00:00,
Garo: Guren no Tsuki,mal_28537,28537,21277,10045,11459,tt5420560,303145,64139,512026,plantowatch,11,0,2026-07-21T07:30:27+00:00,
Garo: Guren no Tsuki,kitsu_10045,28537,21277,10045,11459,tt5420560,303145,64139,,watching,11,0,2025-02-15T18:43:34.260000+00:00,
Garo: Honoo no Kokuin,mal_23311,23311,20753,8409,10278,tt3957550,279980,63453,45210,plantowatch,0,0,2026-08-07T21:10:41.801156+00:00,
Garo: Honoo no Kokuin,kitsu_8409,23311,20753,8409,10278,tt3957550,279980,63453,,plantowatch,0,0,2026-06-30T11:54:47.264000+00:00,
"Gate: Jieitai Kanochi nite, Kaku Tatakaeri",mal_28907,28907,20994,10085,10982,tt4958580,295222,63663,452266,plantowatch,12,0,2026-07-21T07:30:26+00:00,
"Gate: Jieitai Kanochi nite, Kaku Tatakaeri",kitsu_10085,28907,20994,10085,10982,tt4958580,295222,63663,,completed,12,0,2026-01-23T11:53:09.717000+00:00,
"GATE: Jieitai Kanochi nite, Kaku Tatakaeri Part 2",mal_31637,31637,21364,11376,11602,tt4958580,295222/1,63663,523776,completed,12,0,2026-06-30T12:00:21.571000+00:00,
"Gate: Jieitai Kanochi nite, Kaku Tatakaeri Part 2",kitsu_11376,31637,21364,11376,11602,tt4958580,295222,63663,,completed,12,0,2026-06-30T12:00:21.571000+00:00,
Ged Senki,mal_1829,1829,1829,1646,4193,tt0495596,,[37933],36691,completed,1,0,2026-07-21T10:00:06+00:00,
Ged Senki,kitsu_1646,1829,1829,1646,4193,tt0495596,,[37933],36691,completed,1,0,2025-02-15T18:43:03.218000+00:00,
Gekijouban Chainsaw Man: Reze Hen,mal_57555,57555,171627,48323,18324,tt30472557,397934,1218925,2325162,plantowatch,0,0,2026-08-07T21:10:41.801784+00:00,
Gekijouban Gintama Kanketsuhen: Yorozuya yo Eien Nare,mal_15335,15335,15335,7241,9384,tt2374144,79895,57041,44970,plantowatch,0,0,2026-08-07T21:10:41.801152+00:00,
Gekijouban Kara no Kyoukai: Mirai Fukuin - The Garden of Sinners Recalled Out Summer,mal_14807,14807,14807,7167,9309,tt2983564,82099,97825,37379,plantowatch,0,0,2026-08-07T21:10:41.800939+00:00,
Gekijouban Kara no Kyoukai: Mirai Fukuin - The Garden of Sinners Recalled Out Summer - Extra Chorus,mal_22763,22763,20697,8305,10566,,82099,97825,49886,plantowatch,0,0,2026-08-07T21:10:41.801194+00:00,
Gekijouban Kara no Kyoukai: The Garden of Sinners,mal_6954,6954,4932,4804,4932,,,,39881,plantowatch,0,0,2026-08-07T21:10:41.801057+00:00,
Gekijouban Kimetsu no Yaiba: Mugen-jou Hen,mal_59192,59192,178788,49001,18699,tt32820897,348545,1311031,2498112,plantowatch,0,0,2026-08-07T21:10:41.801823+00:00,
Gekijouban Mahouka Koukou no Rettousei: Yotsuba Keishou Hen,mal_59174,59174,178707,50601,18720,tt38652027,,1310387,2502792,plantowatch,0,0,2026-08-07T21:10:41.801831+00:00,
Gekijouban Overlord: Sei Oukoku Hen,mal_48896,48896,133845,44530,16297,tt14603848,294002,64196,1630651,plantowatch,0,0,2026-08-07T21:10:41.801598+00:00,
Gekijouban Psycho-Pass,mal_21339,21339,20514,7986,10066,tt4219130,262090,43865,48308,plantowatch,0,0,2026-08-07T21:10:41.801174+00:00,
Gekijouban Soushuuhen Overlord,mal_34161,34161,98873,12584,12439,tt4869896,294002,64196,621323,plantowatch,0,0,2026-08-07T21:10:41.801314+00:00,
Gekijouban Tensei Shitara Slime Datta Ken: Soukai no Namida Hen,mal_59971,59971,182206,49236,18885,tt38650409,,1363974,2704960,plantowatch,0,0,2026-08-07T21:10:41.801894+00:00,
Genjitsu Shugi Yuusha no Oukoku Saikenki,mal_41710,41710,117612,43613,15505,tt13399402,389422,102088,1323275,completed,13,0,2026-08-07T18:35:55+00:00,
Genjitsu Shugi Yuusha no Oukoku Saikenki,kitsu_43613,41710,117612,43613,15505,tt13399402,389422,102088,,watching,5,0,2025-02-15T18:43:10.945000+00:00,
Ginga Eiyuu Densetsu,mal_820,820,820,727,584,tt0096633,81618,27660,36927,plantowatch,0,0,2026-08-07T21:10:41.800920+00:00,
Ginga Eiyuu Densetsu,kitsu_727,820,820,727,584,tt0096633,81618,27660,,plantowatch,0,0,2026-01-23T11:11:50.409000+00:00,
Giniro no Kami no Agito,mal_1140,1140,1140,1021,3385,tt0493247,,14945,41100,completed,1,6,2026-07-21T10:00:26+00:00,
Giniro no Kami no Agito,kitsu_1021,1140,1140,1021,3385,tt0493247,,[14945],41100,completed,1,0,2025-02-15T18:43:05.895000+00:00,
Gintama,mal_918,918,918,818,3468,tt0988818,79895,57041,37474,plantowatch,1,0,2026-07-21T10:00:09+00:00,
Gintama,kitsu_818,918,918,818,3468,tt0988818,79895,57041,,watching,1,0,2025-02-15T18:43:07.142000+00:00,
Gintama Movie 2: Kanketsu-hen - Yorozuya yo Eien Nare,kitsu_7241,15335,15335,7241,9384,tt2374144,79895,57041,,plantowatch,0,0,2018-03-01T05:07:40.086000+00:00,
Gintama',mal_9969,9969,9969,5971,8126,tt0988818,79895,57041,39573,completed,51,0,2026-08-07T18:35:18+00:00,
Gintama',kitsu_5971,9969,9969,5971,8126,tt0988818,79895,57041,,watching,1,0,2026-06-30T11:53:51.263000+00:00,
Gintama' Enchousen,mal_15417,15417,15417,7253,9427,tt0988818,79895,57041,38526,completed,13,0,2026-08-07T18:35:16+00:00,
Gintama': Enchousen,kitsu_7253,15417,15417,7253,9427,tt0988818,79895,57041,,watching,1,0,2025-02-15T18:43:10.273000+00:00,
Gintama.,mal_34096,34096,97889,12553,12419,tt0988818,79895,57041,619029,plantowatch,0,0,2026-08-07T21:10:41.801311+00:00,
Gintama.,kitsu_12553,34096,97889,12553,12419,tt0988818,79895,57041,,plantowatch,0,0,2018-03-01T05:08:29.022000+00:00,
Gintama°,mal_28977,28977,20996,10083,10993,tt0988818,79895,57041,452622,plantowatch,0,0,2026-08-07T21:10:41.801236+00:00,
Gintama°,kitsu_10083,28977,20996,10083,10993,tt0988818,79895,57041,,plantowatch,0,0,2018-03-01T05:07:25.193000+00:00,
Gnosia,mal_60427,60427,185116,49929,19022,tt34852231,457372,278604,2650258,plantowatch,0,0,2026-08-07T21:10:41.801881+00:00,
Gnosia,kitsu_49929,60427,185116,49929,19022,tt34852231,457372,278604,,plantowatch,0,0,2026-01-23T11:37:22.415000+00:00,
Goblin Slayer,mal_37349,37349,101165,40597,13831,tt8690728,350166,82591,767901,completed,12,10,2026-07-05T13:37:44+00:00,
Goblin Slayer,kitsu_40597,37349,101165,40597,13831,tt8690728,350166,82591,,completed,12,0,2026-01-24T22:34:05.054000+00:00,
Goblin Slayer II,mal_47160,47160,129188,44010,16027,tt8690728,350166,82591,1536153,completed,12,0,2026-01-26T14:06:03+00:00,
Goblin Slayer II,kitsu_44010,47160,129188,44010,16027,tt8690728,350166,82591,,completed,12,0,2026-01-23T11:53:29.356000+00:00,
Goblin Slayer: Goblin's Crown,mal_39576,39576,108623,42204,14782,tt11151982,350166,82591,1062561,completed,1,0,2026-07-21T07:30:30+00:00,
Goblin Slayer: Goblin's Crown,kitsu_42204,39576,108623,42204,14782,tt11151982,350166,82591,,completed,1,0,2025-02-15T18:43:42.414000+00:00,
Golden Kamuy,mal_36028,36028,99699,13689,13337,tt8225204,338455,76757,706665,plantowatch,0,0,2026-08-07T21:10:41.801349+00:00,
Golden Kamuy,mal_37989,37989,102977,41442,14185,tt8225204,338455,76757,849475,plantowatch,0,0,2026-08-07T21:10:41.801391+00:00,
Golden Kamuy,kitsu_13689,36028,99699,13689,13337,tt8225204,338455,76757,,plantowatch,0,0,2024-11-25T09:24:56.399000+00:00,
Golden Kamuy 2nd Season,kitsu_41442,37989,102977,41442,14185,tt8225204,338455,76757,,plantowatch,0,0,2026-01-23T11:25:48.136000+00:00,
Good Night World,mal_56146,56146,167820,47813,15547,tt28521881,437799,231677,1340485,completed,12,0,2026-08-07T18:35:55+00:00,
Good Night World,kitsu_47813,56146,167820,47813,15547,tt28521881,437799,231677,,watching,8,0,2025-02-15T18:43:13.298000+00:00,
Goumon Baito-kun no Nichijou,mal_61886,61886,197731,50426,19399,tt38976904,464977,305163,2817572,plantowatch,0,0,2026-08-07T21:10:41.801914+00:00,
Goumon Baito-kun no Nichijou,kitsu_50426,61886,197731,50426,19399,tt38976904,464977,305163,,plantowatch,0,0,2026-01-24T22:34:18.587000+00:00,
Goumon Baito-kun no Nichijou,anilist_197731,61886,197731,50426,19399,tt38976904,464977,305163,,plantowatch,0,0,2026-01-24T22:34:18.587000+00:00,
Grimm Kumikyoku,mal_49210,49210,135643,44745,16383,tt14872196,429983,249812,1666077,completed,6,0,2026-07-05T13:38:01+00:00,
Grimm Kumikyoku,kitsu_44745,49210,135643,44745,16383,tt14872196,429983,249812,,completed,6,0,2025-02-15T18:43:05.418000+00:00,
"Guild no Uketsukejou desu ga, Zangyou wa Iya nanode Boss wo Solo Toubatsu Shiyou to Omoimasu",mal_55997,55997,167143,47752,18118,tt33059860,437234,249964,2210444,completed,12,0,2026-07-21T18:20:12+00:00,
"Guild no Uketsukejou desu ga, Zangyou wa Iya nanode Boss wo Solo Toubatsu Shiyou to Omoimasu",kitsu_47752,55997,167143,47752,18118,tt33059860,437234,249964,,watching,4,0,2025-02-15T18:43:34.554000+00:00,
Guimi Zhi Zhu: Xiaochou Pian,mal_49818,49818,137667,48233,19357,tt28618556,464419,232230,2823778,watching,13,0,2026-07-05T13:41:34.432000+00:00,
Guimi Zhi Zhu: Xiaochou Pian,kitsu_48233,49818,137667,48233,19357,tt28618556,464419,232230,,watching,13,0,2026-07-05T13:41:34.432000+00:00,
Gunjou no Magmell,mal_37806,37806,101597,41265,14063,tt9826314,358180,85841,812915,completed,13,0,2026-07-05T13:37:45+00:00,
Gunjou no Magmell,kitsu_41265,37806,101597,41265,14063,tt9826314,358180,85841,,completed,13,0,2025-02-15T18:43:04.186000+00:00,
"Hachi-nan tte, Sore wa Nai deshou!",mal_38830,38830,106319,43059,14535,tt11886172,374787,99624,989647,watching,12,0,2026-07-05T13:37:47+00:00,
"Hachi-nan tte, Sore wa Nai deshou!",kitsu_43059,38830,106319,43059,14535,tt11886172,374787,99624,,watching,12,0,2026-01-24T22:38:32.432000+00:00,
Hagure Yuusha no Aesthetica,mal_13161,13161,13161,6896,9015,tt2269368,259649,62171,45012,plantowatch,0,0,2026-08-07T21:10:41.801154+00:00,
Hagure Yuusha no Aesthetica,kitsu_6896,13161,13161,6896,9015,tt2269368,259649,62171,,plantowatch,0,0,2024-11-25T09:20:33.725000+00:00,
Hai to Gensou no Grimgar,mal_31859,31859,21428,11447,11712,tt5341430,303868,65369,530500,completed,12,0,2026-07-05T13:37:38+00:00,
Hai to Gensou no Grimgar,kitsu_11447,31859,21428,11447,11712,tt5341430,303868,65369,,completed,12,0,2025-02-15T18:43:42.632000+00:00,
Hametsu no Oukoku,mal_54362,54362,160900,47076,17846,tt28774702,430544,219673,2088616,completed,12,0,2026-08-07T18:36:18+00:00,
Hametsu no Oukoku,kitsu_47076,54362,160900,47076,17846,tt28774702,430544,219673,,watching,2,0,2025-02-15T18:43:12.738000+00:00,
Hataraku Saibou,mal_37141,37141,100977,14212,13743,tt8673610,346931,80671,757695,completed,13,0,2026-08-07T18:35:39+00:00,
Hataraku Saibou,kitsu_14212,37141,100977,14212,13743,tt8673610,346931,80671,,watching,1,0,2026-01-23T11:53:03.823000+00:00,
"Hazure Skill ""Kinomi Master"": Skill no Mi (Tabetara Shinu) wo Mugen ni Taberareru You ni Natta Ken ni Tsuite",mal_59002,59002,178100,48973,18675,tt32579866,450933,276204,2484896,completed,12,0,2026-07-21T18:20:15+00:00,
"Hazure Skill ""Kinomi Master"": Skill no Mi (Tabetara Shinu) wo Mugen ni Taberareru You ni Natta Ken ni Tsuite",kitsu_48973,59002,178100,48973,18675,tt32579866,450933,276204,,watching,1,0,2026-07-05T13:26:07.512000+00:00,
Hazure Waku no [Joutai Ijou Skill] de Saikyou ni Natta Ore ga Subete wo Juurin Suru made,mal_57892,57892,173694,48450,18438,tt32469108,445011,245285,2354820,completed,12,0,2025-03-02T19:27:02+00:00,
"Hazurewaku no ""Joutai Ijou Skill"" de Saikyou ni Natta Ore ga Subete wo Juurin suru made",kitsu_48450,57892,173694,48450,18438,tt32469108,445011,245285,,completed,12,0,2025-02-15T18:43:42.683000+00:00,
HELL MODE: The Hardcore Gamer Dominates in Another World with Garbage Balancing,anilist_185262,60460,185262,50444,19029,tt38646634,457532,280049,,watching,3,0,2026-01-24T22:34:15.403000+00:00,
Hell Mode: Yarikomi Suki no Gamer wa Hai Settei no Isekai de Musou Suru,mal_63817,63817,209983,50760,19978,tt38646634,457532,280049,3063280,watching,5,0,2026-08-07T18:36:42+00:00,
Hell Mode: Yarikomi-zuki no Gamer wa Haisettei no Isekai de Musou Suru,mal_60460,60460,185262,50444,19029,tt38646634,457532,280049,2653360,watching,12,0,2026-07-05T13:26:58+00:00,
Hell Mode: Yarikomizuki no Gamer wa Hai Settei no Isekai de Musou suru,kitsu_50444,60460,185262,50444,19029,tt38646634,457532,280049,,watching,3,0,2026-01-24T22:34:15.403000+00:00,
Hell Mode: Yarikomizuki no Gamer wa Hai Settei no Isekai de Musou suru 2nd Season,kitsu_50760,63817,209983,50760,,,,,,watching,1,0,2026-07-05T13:31:03.641000+00:00,
Hellsing,mal_270,270,270,245,32,tt0325547,71278,16830,39099,plantowatch,3,0,2026-07-21T10:00:17+00:00,
Hellsing,kitsu_245,270,270,245,32,tt0325547,71278,16830,,watching,3,0,2025-02-15T18:43:09.428000+00:00,
Hellsing Ultimate,mal_777,777,777,695,3296,tt0495212,263688,61752,36703,plantowatch,10,9,2026-07-21T10:00:07+00:00,
Hellsing Ultimate,kitsu_695,777,777,695,3296,tt0495212,263688,61752,,completed,10,0,2026-01-24T22:34:05.968000+00:00,
Heppoko Jikken Animation Excel Saga,mal_379,379,379,346,25,tt0240493,72462,9519,37993,plantowatch,0,0,2026-08-07T21:10:41.800971+00:00,
Heppoko Jikken Animation Excel♥Saga,kitsu_346,379,379,346,25,tt0240493,72462,9519,,plantowatch,0,0,2026-01-23T11:11:13.663000+00:00,
High School DxD,mal_11617,11617,11617,6550,8660,tt2230051,254653,45950,36253,plantowatch,0,0,2026-08-07T21:10:41.800883+00:00,
High School DxD,kitsu_6550,11617,11617,6550,8660,tt2230051,254653,45950,,plantowatch,0,0,2026-06-30T11:53:58.275000+00:00,
Highschool of the Dead,kitsu_5187,8074,8074,5187,7382,tt1685401,171591,56998,,plantowatch,0,0,2026-06-30T11:35:38.408000+00:00,
Hikaru ga Shinda Natsu,mal_58913,58913,177689,48893,18649,tt33028568,450428,278196,2473990,completed,12,0,2026-07-13T13:55:03+00:00,
Hikaru ga Shinda Natsu,kitsu_48893,58913,177689,48893,18649,tt33028568,450428,278196,,watching,2,0,2026-06-30T11:47:38.897000+00:00,
"Hime-sama ""Goumon"" no Jikan Desu",mal_55774,55774,166522,47656,18082,tt30643998,436603,229443,2196600,completed,12,6,2026-08-07T18:36:20+00:00,
"Hime-sama ""Goumon"" no Jikan Desu",mal_58524,58524,176370,48667,18566,tt30643998,436603,229443,2415192,plantowatch,0,0,2026-08-07T21:10:41.801809+00:00,
"Himesama ""Goumon"" no Jikan desu",kitsu_47656,55774,166522,47656,18082,tt30643998,436603,229443,,watching,3,0,2026-01-23T10:11:58.712000+00:00,
"Himesama ""Goumon"" no Jikan desu 2nd Season",kitsu_48667,58524,176370,48667,18566,tt30643998,436603,229443,,plantowatch,0,0,2026-01-24T22:34:18.560000+00:00,
Hitoribocchi no Isekai Kouryaku,mal_57891,57891,173693,48449,18432,tt32512773,445009,259558,2354146,completed,12,0,2026-07-21T18:20:14+00:00,
Hitoribocchi no Isekai Kouryaku,kitsu_48449,57891,173693,48449,18432,tt32512773,445009,259558,,watching,2,0,2026-07-05T13:25:47.838000+00:00,
Honzuki no Gekokujou: Ryoushu no Youjo,mal_57466,57466,171110,48293,18302,tt10885406,366263,91768,2316218,plantowatch,1,0,2026-07-19T09:14:40+00:00,
Honzuki no Gekokujou: Shisho ni Naru Tame ni wa Shudan o Erande Iraremasen,mal_39468,39468,108268,42241,14727,tt10885406,366263,91768,1055017,plantowatch,14,0,2026-07-21T07:30:30+00:00,
Honzuki no Gekokujou: Shisho ni Naru Tame ni wa Shudan o Erande Iraremasen,mal_42429,42429,121176,43607,15634,tt10885406,366263,91768,1406099,completed,10,0,2026-08-07T18:35:56+00:00,
Honzuki no Gekokujou: Shisho ni Naru Tame ni wa Shudan wo Erandeiraremasen,kitsu_42241,39468,108268,42241,14727,tt10885406,366263,91768,,completed,14,0,2025-02-15T18:43:00.961000+00:00,
Honzuki no Gekokujou: Shisho ni Naru Tame ni wa Shudan wo Erandeiraremasen - Ryoushu no Youjo,kitsu_48293,57466,171110,48293,18302,tt10885406,366263,91768,,plantowatch,0,0,2026-01-24T22:34:18.076000+00:00,
Honzuki no Gekokujou: Shisho ni Naru Tame ni wa Shudan wo Erandeiraremasen 2nd Season,mal_40815,40815,113693,42838,15293,tt10885406,366263,91768,,completed,12,8,2026-07-21T07:48:48+00:00,
Honzuki no Gekokujou: Shisho ni Naru Tame ni wa Shudan wo Erandeiraremasen 2nd Season,kitsu_42838,40815,113693,42838,15293,tt10885406,366263,91768,,completed,12,0,2025-02-15T18:43:42.897000+00:00,
Honzuki no Gekokujou: Shisho ni Naru Tame ni wa Shudan wo Erandeiraremasen 3rd Season,kitsu_43607,42429,121176,43607,15634,tt10885406,366263,91768,,completed,10,0,2026-01-23T11:53:10.066000+00:00,
Hoshi Furu Oukoku no Nina,mal_57362,57362,171038,48391,18291,tt32178571,442797,240641,2309512,completed,12,0,2026-08-07T18:36:24+00:00,
Hoshifuru Oukoku no Nina,kitsu_48391,57362,171038,48391,18291,tt32178571,442797,240641,,watching,4,0,2025-02-15T18:43:16.122000+00:00,
Hotaru no Haka,mal_578,578,578,534,332,tt0095327,,[12477],40605,completed,1,0,2026-07-21T10:00:24+00:00,
Hotaru no Haka,kitsu_534,578,578,534,332,tt0095327,,[12477],40605,completed,1,0,2025-02-15T18:42:59.566000+00:00,
Howl no Ugoku Shiro,mal_431,431,431,395,1218,tt0347149,,[4935],36368,completed,1,0,2026-07-21T10:00:06+00:00,
Howl no Ugoku Shiro,kitsu_395,431,431,395,1218,tt0347149,,[4935],36368,completed,1,0,2025-02-15T18:42:59.384000+00:00,
Hunter x Hunter (2011),mal_11061,11061,11061,6448,8550,tt2098220,252322,46298,40398,plantowatch,148,0,2026-07-21T10:00:23+00:00,
Hunter x Hunter (2011),kitsu_6448,11061,11061,6448,8550,tt2098220,252322,46298,,completed,148,0,2026-06-30T11:53:59.382000+00:00,
Immoral Game Master The Animation,mal_61583,61583,191452,,,,,,,watching,2,0,2026-01-26T14:08:05+00:00,arm_v1
Infinite Dendrogram,mal_38909,38909,107420,42131,14564,tt11295582,362429,94649,999587,watching,13,0,2026-07-05T13:37:47+00:00,
Infinite Dendrogram,kitsu_42131,38909,107420,42131,14564,tt11295582,362429,94649,,watching,13,0,2026-01-24T22:38:36.580000+00:00,
Initial D,mal_185,185,185,162,135,tt0385426,70900,40424,40099,watching,26,0,2026-08-07T18:35:21+00:00,
Initial D First Stage,kitsu_162,185,185,162,135,tt0385426,70900,40424,,watching,2,0,2026-01-23T11:53:39.993000+00:00,
Initial D Fourth Stage,mal_18,18,18,9,1724,tt0385426,70900,40424,40301,watching,0,0,2026-08-07T21:10:41.801081+00:00,
Initial D Fourth Stage,kitsu_9,18,18,9,1724,tt0385426,70900,40424,,watching,0,0,2026-06-30T11:52:54.809000+00:00,
InuYasha,mal_249,249,249,224,144,tt0290223,71361,35610,39260,plantowatch,8,0,2026-07-21T10:00:18+00:00,
InuYasha,kitsu_224,249,249,224,144,tt0290223,71361,35610,,watching,8,0,2025-02-15T18:43:15.920000+00:00,
Isekai Cheat Magician,mal_37744,37744,101547,42319,14038,tt10431262,360708,90215,805807,completed,12,0,2026-07-05T13:37:45+00:00,
Isekai Cheat Magician,kitsu_42319,37744,101547,42319,14038,tt10431262,360708,90215,,completed,12,0,2025-02-15T18:43:00.740000+00:00,
"Isekai de Cheat Skill o Te ni Shita Ore wa, Genjitsu Sekai o mo Musou Suru: Level Up wa Jinsei o Kaeta",mal_56906,56906,170110,48138,18241,tt27417996,423653,208493,2275410,plantowatch,0,0,2026-08-07T21:10:41.801770+00:00,manual_override
"Isekai de Cheat Skill wo Te ni Shita Ore wa, Genjitsu Sekai wo mo Musou Suru: Level Up wa Jinsei wo Kaeta",mal_52830,52830,153845,46370,17580,tt27417996,423653,208493,1977640,completed,13,0,2025-03-02T19:21:43+00:00,
"Isekai de Cheat Skill wo Te ni Shita Ore wa, Genjitsu Sekai wo mo Musou Suru: Level Up wa Jinsei wo Kaeta",kitsu_46370,52830,153845,46370,17580,tt27417996,423653,208493,,completed,13,0,2025-02-15T18:43:02.553000+00:00,
"Isekai de Cheat Skill wo Te ni Shita Ore wa, Genjitsu Sekai wo mo Musou Suru: Level Up wa Jinsei wo Kaeta 2nd Season",kitsu_48138,56906,170110,48138,18241,tt27417996,423653,208493,,plantowatch,0,0,2026-01-24T22:41:09.159000+00:00,manual_override
Isekai de Mofumofu Nadenade Suru Tame ni Ganbattemasu.,mal_52359,52359,152072,46242,17504,tt30689225,422186,205672,1948876,plantowatch,0,0,2026-08-07T21:10:41.801677+00:00,
Isekai de Mofumofu Nadenade suru Tame ni Ganbattemasu.,kitsu_46242,52359,152072,46242,17504,tt30643982,422186,205672,,plantowatch,0,0,2024-05-30T07:54:28.174000+00:00,
Isekai Maou to Shoukan Shoujo no Dorei Majutsu,mal_37210,37210,101004,41133,13757,tt8438524,347425,80563,759893,completed,12,0,2026-07-05T13:37:43+00:00,
Isekai Maou to Shoukan Shoujo no Dorei Majutsu,kitsu_41133,37210,101004,41133,13757,tt8438524,347425,80563,,completed,12,0,2025-02-15T18:43:00.641000+00:00,
Isekai Maou to Shoukan Shoujo no Dorei Majutsu Ω,mal_41623,41623,117448,43118,15493,tt8438524,347425,80563,1315941,completed,10,0,2026-07-05T13:37:53+00:00,
Isekai Maou to Shoukan Shoujo no Dorei Majutsu Ω,kitsu_43118,41623,117448,43118,15493,tt8438524,347425,80563,,completed,10,0,2026-01-23T11:53:33.431000+00:00,
Isekai Meikyuu de Harem wo,mal_44524,44524,15918,43911,15918,tt13628870,393301,114477,1499697,completed,12,0,2026-07-05T13:37:56+00:00,
Isekai Meikyuu de Harem wo,kitsu_43911,44524,,43911,15918,tt13628870,393301,114477,,completed,12,0,2025-02-15T18:43:43.222000+00:00,
Isekai Mokushiroku Mynoghra: Hametsu no Bunmei de Hajimeru Sekai Seifuku,mal_59130,59130,178433,49057,18702,tt32731400,451504,280038,2498864,plantowatch,1,0,2026-07-03T04:20:26+00:00,
Isekai Mokushiroku Mynoghra: Hametsu no Bunmei de Hajimeru Sekai Seifuku,kitsu_49057,59130,178433,49057,18702,tt32731400,451504,280038,,plantowatch,1,0,2026-01-23T11:34:56.088000+00:00,
Isekai Munchkin: HP 1 no Mama de Saikyou Saisoku Dungeon Kouryaku,mal_60253,60253,183960,49923,18970,,,,2629434,plantowatch,1,0,2026-01-23T11:53:41.749000+00:00,manual_override
Isekai Munchkin: HP 1 no Mama de Saikyou Saisoku Dungeon Kouryaku,kitsu_49923,60253,183960,49923,18970,,,,2629434,plantowatch,1,0,2026-01-23T11:53:41.749000+00:00,manual_override
Isekai Munchkin: HP 1 no Mama de Saikyou Saisoku Dungeon Kouryaku,anilist_183960,60253,183960,49923,18970,,,,2629434,plantowatch,1,0,2026-01-23T11:53:41.749000+00:00,manual_override
Isekai Nonbiri Nouka,mal_51462,51462,146850,46016,17290,tt19223420,418367,196285,1879750,completed,12,6,2026-06-30T11:05:26+00:00,
Isekai Nonbiri Nouka,kitsu_46016,51462,146850,46016,17290,tt19223420,418367,196285,,completed,12,0,2025-02-15T18:43:03.437000+00:00,
Isekai Nonbiri Nouka 2,mal_62146,62146,197824,50117,19506,tt19223420,418367,196285,2849414,completed,12,0,2026-07-21T18:20:19+00:00,
Isekai Nonbiri Nouka 2,kitsu_50117,62146,197824,50117,19506,tt19223420,418367,196285,,watching,2,0,2026-06-30T12:14:29.571000+00:00,
Isekai Oji-san,mal_49220,49220,135806,44773,16389,tt15219320,405214,127714,1669581,completed,13,0,2026-07-05T13:38:02+00:00,
Isekai Ojisan,kitsu_44773,49220,135806,44773,16389,tt15219320,405214,127714,,completed,13,0,2026-01-23T11:53:10.296000+00:00,
Isekai Shikkaku,mal_52367,52367,152137,46243,17507,tt31186547,422250,205743,1949496,completed,12,0,2025-03-02T19:21:46+00:00,
Isekai Shikkaku,kitsu_46243,52367,152137,46243,17507,tt31186547,422250,205743,,completed,12,0,2025-02-15T18:43:05.469000+00:00,
Isekai Shokudou,mal_34012,34012,97617,12535,12385,tt7224994,329820,72425,615059,completed,12,0,2026-07-21T18:20:06+00:00,
Isekai Shokudou,kitsu_12535,34012,97617,12535,12385,tt7224994,329820,72425,,watching,1,0,2026-01-23T11:53:04.151000+00:00,
Isekai wa Smartphone to Tomo ni.,mal_35203,35203,98491,13457,13004,tt7088332,329992,72505,670707,completed,12,0,2026-07-05T13:37:42+00:00,
Isekai wa Smartphone to Tomo ni.,kitsu_13457,35203,98491,13457,13004,tt7088332,329992,72505,,completed,12,0,2025-02-15T18:43:43.406000+00:00,
Isekai wa Smartphone to Tomo ni. 2,mal_51632,51632,147571,46057,17317,tt7088332,329992,72505,1892262,completed,12,0,2026-01-26T14:07:17+00:00,
Isekai wa Smartphone to Tomo ni. 2,kitsu_46057,51632,147571,46057,17317,tt7088332,329992,72505,,completed,12,0,2026-01-23T11:53:33.900000+00:00,
Isekai Yakkyoku,mal_49438,49438,136707,44900,16441,tt18574004,406592,129195,1686587,completed,12,0,2026-07-05T13:38:02+00:00,
Isekai Yakkyoku,kitsu_44900,49438,136707,44900,16441,tt18574004,406592,129195,,completed,12,0,2025-02-15T18:43:02.295000+00:00,
Isekai Yururi Kikou: Kosodate Shinagara Boukensha Shimasu,mal_57380,57380,171031,48390,18295,tt30236310,442839,240633,2311082,completed,12,0,2025-03-02T19:27:02+00:00,
Isekai Yururi Kikou: Kosodate shinagara Boukensha shimasu,kitsu_48390,57380,171031,48390,18295,tt30236310,442839,240633,,completed,12,0,2025-02-15T18:43:05.002000+00:00,
"Isshun de Chiryou Shiteita no ni Yakutatazu to Tsuihou Sareta Tensai Chiyushi, Yami Healer Toshite Tanoshiku Ikiru",mal_58359,58359,175872,48606,18528,tt32524709,447246,276253,2399590,completed,12,0,2026-08-14T11:43:53.963000+00:00,
"Isshun de Chiryou shiteita noni Yakutatazu to Tsuihou sareta Tensai Chiyushi, Yami Healer toshite Tanoshiku Ikiru",kitsu_48606,58359,175872,48606,18528,tt32524709,447246,276253,,watching,12,0,2026-01-24T22:34:14.044000+00:00,
Itai no wa Iya nano de Bougyoryoku ni Kyokufuri Shitai to Omoimasu.,mal_38790,38790,106479,42043,14523,tt11428630,373679,96402,983753,completed,12,0,2026-07-05T13:37:47+00:00,
Itai no wa Iya nanode Bougyoryoku ni Kyokufuri Shitai to Omoimasu.,kitsu_42043,38790,106479,42043,14523,tt11428630,373679,96402,,completed,12,0,2025-02-15T18:43:00.897000+00:00,
Itai no wa Iya nanode Bougyoryoku ni Kyokufuri Shitai to Omoimasu. 2,mal_41514,41514,116867,43086,15464,tt11428630,373679,96402,1304507,completed,12,0,2026-07-05T13:37:52+00:00,
Itai no wa Iya nanode Bougyoryoku ni Kyokufuri Shitai to Omoimasu. 2,kitsu_43086,41514,116867,43086,15464,tt11428630,373679,96402,,completed,12,0,2026-01-23T11:53:33.745000+00:00,
Itou Junji: Collection,mal_36124,36124,99940,13717,13385,tt7814574,335237,75775,709293,completed,12,0,2026-07-05T13:37:42+00:00,
Itou Junji: Collection,kitsu_13717,36124,99940,13717,13385,tt7814574,335237,75775,,completed,12,0,2025-02-15T18:43:00.486000+00:00,
Izure Saikyou no Renkinjutsushi?,mal_58822,58822,177506,48842,18620,tt33478787,449884,261298,2460014,completed,12,0,2026-01-23T11:53:10.537000+00:00,
Izure Saikyou no Renkinjutsushi?,kitsu_48842,58822,177506,48842,18620,tt33478787,449884,261298,,completed,12,0,2026-01-23T11:53:10.537000+00:00,
"Jack-of-All-Trades, Party of None",kitsu_50423,61128,187264,50423,19190,tt38648925,460903,285166,,watching,11,0,2026-06-30T11:49:43.927000+00:00,manual_override
Jidou Hanbaiki ni Umarekawatta Ore wa Meikyuu wo Samayou,mal_52619,52619,153360,46311,17557,tt28100731,423121,207564,1968312,completed,12,0,2025-09-06T12:23:35+00:00,
Jidou Hanbaiki ni Umarekawatta Ore wa Meikyuu wo Samayou,kitsu_46311,52619,153360,46311,17557,tt28100731,423121,207564,,completed,12,0,2025-02-15T18:42:57.306000+00:00,
Jidou Hanbaiki ni Umarekawatta Ore wa Meikyuu wo Samayou 2nd Season,mal_56700,56700,169440,47968,18204,tt28100731,423121,207564,2260548,completed,12,0,2026-01-26T14:06:33+00:00,
Jidou Hanbaiki ni Umarekawatta Ore wa Meikyuu wo Samayou 2nd Season,kitsu_47968,56700,169440,47968,18204,tt28100731,423121,207564,,completed,12,0,2026-01-23T11:53:33.383000+00:00,
Jigokuraku,mal_46569,46569,128893,44012,16012,tt13911284,402474,117465,1530957,completed,13,9,2026-07-05T13:37:57+00:00,
Jigokuraku,kitsu_44012,46569,128893,44012,16012,tt13911284,402474,117465,,completed,13,0,2026-01-24T22:34:06.791000+00:00,
Jigokuraku 2nd Season,mal_55825,55825,166613,47679,18090,tt13911284,402474,117465,2200134,completed,12,0,2026-07-21T18:20:11+00:00,
Jigokuraku 2nd Season,kitsu_47679,55825,166613,47679,18090,tt13911284,402474,117465,,watching,5,0,2026-06-30T11:45:23.937000+00:00,
"Jitsu wa Ore, Saikyou Deshita?",mal_52969,52969,154391,46456,17611,tt28254867,424414,209649,1988464,completed,12,7,2026-06-30T11:05:27+00:00,
"Jitsu wa Ore, Saikyou deshita?",kitsu_46456,52969,154391,46456,17611,tt28254867,424414,209649,,completed,12,0,2026-01-23T11:53:10.644000+00:00,
JoJo no Kimyou na Bouken (TV),mal_14719,14719,14719,7158,9304,tt2359704,262954,45790,38049,plantowatch,26,0,2026-07-21T10:00:12+00:00,
JoJo no Kimyou na Bouken (TV),kitsu_7158,14719,14719,7158,9304,tt2359704,262954,45790,,completed,26,0,2025-02-15T18:43:43.721000+00:00,
JoJo no Kimyou na Bouken Part 3: Stardust Crusaders,kitsu_8063,20899,20474,8063,10206,tt2359704,262954,45790,,completed,24,0,2026-06-30T11:59:44.187000+00:00,
JoJo no Kimyou na Bouken Part 3: Stardust Crusaders - Egypt-hen,kitsu_8739,26055,20799,8739,10835,tt2359704,262954,45790,,completed,24,0,2026-06-30T11:59:57.795000+00:00,
JoJo no Kimyou na Bouken Part 4: Diamond wa Kudakenai,kitsu_11459,31933,21450,11459,11734,tt2359704,262954,45790,,completed,39,0,2026-06-30T11:54:15.681000+00:00,
JoJo no Kimyou na Bouken Part 5: Ougon no Kaze,mal_37991,37991,102883,41410,14173,tt2359704,262954,45790,847427,completed,39,0,2026-07-05T13:37:45+00:00,
JoJo no Kimyou na Bouken Part 5: Ougon no Kaze,kitsu_41410,37991,102883,41410,14173,tt2359704,262954,45790,,completed,39,0,2026-06-30T12:01:48.090000+00:00,
JoJo no Kimyou na Bouken Part 6: Stone Ocean,mal_48661,48661,131942,44294,16187,tt2359704,262954,45790,1599907,completed,12,0,2026-07-05T13:37:59+00:00,
JoJo no Kimyou na Bouken Part 6: Stone Ocean,kitsu_44294,48661,131942,44294,16187,tt2359704,262954,45790,,completed,12,0,2026-01-23T11:53:33.772000+00:00,
JoJo no Kimyou na Bouken Part 6: Stone Ocean Part 3,kitsu_46598,53273,,46598,17664,tt2359704,262954,45790,,completed,14,0,2026-06-30T12:12:02.851000+00:00,
JoJo no Kimyou na Bouken: Diamond wa Kudakenai,mal_31933,31933,21450,11459,11734,tt2359704,262954,45790,532312,completed,39,0,2026-07-05T13:37:39+00:00,
JoJo no Kimyou na Bouken: Stardust Crusaders,mal_20899,20899,20474,8063,10206,tt2359704,262954/2,45790,45984,completed,24,0,2026-06-30T11:59:44.187000+00:00,
JoJo no Kimyou na Bouken: Stardust Crusaders - Egypt-hen,mal_26055,26055,20799,8739,10835,tt2359704,262954/2,45790,419352,completed,24,0,2026-06-30T11:59:57.795000+00:00,
JoJo no Kimyou na Bouken: Steel Ball Run - 1st STAGE,mal_61469,61469,190327,49847,19287,tt2359704,262954,45790,2754038,watching,1,0,2026-06-30T12:13:53.608000+00:00,
JoJo no Kimyou na Bouken: Stone Ocean (Part 3),mal_53273,53273,17664,46598,17664,tt2359704,262954,45790,2007654,completed,14,0,2026-06-30T12:12:02.851000+00:00,
Jujutsu Kaisen,mal_40748,40748,113415,42765,15275,tt12343534,377543,95479,1211265,completed,24,0,2026-07-05T13:37:50+00:00,
Jujutsu Kaisen,mal_51009,51009,145064,45857,17196,tt12343534,377543,95479,1847578,watching,0,0,2026-08-07T21:10:41.801647+00:00,
Jujutsu Kaisen,kitsu_42765,40748,113415,42765,15275,tt12343534,377543,95479,,completed,24,0,2025-02-15T18:43:01.238000+00:00,
Jujutsu Kaisen 2nd Season,kitsu_45857,51009,145064,45857,17196,tt12343534,377543,95479,,watching,0,0,2025-02-15T18:43:06.526000+00:00,
Juubee Ninpuuchou,mal_617,617,617,572,277,tt0107692,72842,27117,40913,plantowatch,0,0,2026-08-07T21:10:41.801103+00:00,
Juubee Ninpuuchou,kitsu_572,617,617,572,277,tt0107692,72842,27117,,plantowatch,0,0,2026-06-30T11:51:29.897000+00:00,
Juubee Ninpuuchou: Ryuuhougyoku Hen,mal_618,618,618,573,681,tt0400690,72842,27117,36802,plantowatch,0,0,2026-08-07T21:10:41.800911+00:00,
Juubee Ninpuuchou: Ryuuhougyoku-hen,kitsu_573,618,618,573,681,tt0400690,72842,27117,,plantowatch,0,0,2026-06-30T11:51:34.097000+00:00,
K,mal_14467,14467,14467,7125,9043,tt2377452,261249,45799,37833,plantowatch,0,0,2026-08-07T21:10:41.800961+00:00,
K,kitsu_7125,14467,14467,7125,9043,tt2377452,261249,45799,,plantowatch,0,0,2026-06-30T11:37:19.871000+00:00,
Kage no Jitsuryokusha ni Naritakute!,mal_48316,48316,130298,44107,16073,tt14115938,407520,119495,1555221,completed,20,0,2026-07-05T13:37:58+00:00,
Kage no Jitsuryokusha ni Naritakute!,kitsu_44107,48316,130298,44107,16073,tt14115938,407520,119495,,completed,20,0,2025-02-15T18:43:03.487000+00:00,
Kage no Jitsuryokusha ni Naritakute! 2nd season,mal_54595,54595,161964,47099,17877,tt14115938,407520,119495,2102362,completed,12,0,2026-01-26T14:06:19+00:00,
Kage no Jitsuryokusha ni Naritakute! 2nd Season,kitsu_47099,54595,161964,47099,17877,tt14115938,407520,119495,,completed,12,0,2026-01-23T11:53:31.850000+00:00,
Kaifuku Jutsushi no Yarinaoshi,mal_40750,40750,15277,,15277,tt13370404,388575,99071,1211761,completed,12,0,2026-07-05T13:37:50+00:00,
Kaijuu 8 Gou,mal_52588,52588,153288,46300,17550,tt21975436,423075,207468,1967108,completed,12,0,2026-08-07T18:36:12+00:00,
Kaijuu 8-gou,kitsu_46300,52588,153288,46300,17550,tt21975436,423075,207468,,watching,6,0,2025-02-15T18:43:13.560000+00:00,
Kaiko sareta Ankoku Heishi (30-dai) no Slow na Second Life,mal_52446,52446,152523,46274,17517,tt21342052,422564,206324,1955698,watching,12,0,2026-07-05T13:41:46.619000+00:00,
Kaiko sareta Ankoku Heishi (30-dai) no Slow na Second Life,kitsu_46274,52446,152523,46274,17517,tt21342052,422564,206324,,watching,12,0,2026-07-05T13:41:46.619000+00:00,
Kami no Niwatsuki Kusunoki-tei,mal_62050,62050,196029,50171,19472,tt17351512,465799,296870,2833326,plantowatch,0,0,2026-08-07T21:10:41.801924+00:00,
Kami no Niwatsuki Kusunoki-tei,kitsu_50171,62050,196029,50171,19472,tt17351512,465799,296870,,plantowatch,0,0,2026-01-24T22:34:18.209000+00:00,
Kami no Tou,kitsu_43004,40221,115230,43004,15391,tt12057106,376729,97860,,watching,13,0,2026-01-24T22:38:44.978000+00:00,
Kami no Tou: Tower of God,mal_40221,40221,115230,43004,15391,tt12057106,376729,97860,1255681,watching,13,0,2026-07-05T13:37:52+00:00,
Kami-tachi ni Hirowareta Otoko,kitsu_43273,41312,115740,43273,15400,tt12642654,380477,102086,,completed,12,0,2025-02-15T18:43:43.858000+00:00,
Kami-tachi ni Hirowareta Otoko 2nd Season,mal_49109,49109,135102,44665,16364,tt12642654,380477,102086,1650679,completed,12,0,2026-07-05T13:38:01+00:00,
Kami-tachi ni Hirowareta Otoko 2nd Season,kitsu_44665,49109,135102,44665,16364,tt12642654,380477,102086,,completed,12,0,2026-01-23T11:53:33.798000+00:00,
Kamitachi ni Hirowareta Otoko,mal_41312,41312,115740,43273,15400,tt12642654,380477,102086,1264197,completed,12,0,2026-07-05T13:37:52+00:00,
Kanata no Astra,mal_39198,39198,107663,42148,14661,tt10483250,361456,88041,1035233,plantowatch,0,0,2026-08-07T21:10:41.801419+00:00,
Kanata no Astra,kitsu_42148,39198,107663,42148,14661,tt10483250,361456,88041,,plantowatch,0,0,2026-06-30T11:41:05.341000+00:00,
"Kanchigai no Atelier Meister: Eiyuu Party no Moto Zatsuyougakari ga, Jitsu wa Sentou Igai ga SSS Rank Datta to Iu Yoku Aru Hanashi",mal_60140,60140,183133,49740,18931,tt35014218,455638,277881,2612238,completed,12,0,2026-01-23T11:53:10.876000+00:00,
"Kanchigai no Atelier Meister: Eiyuu Party no Moto Zatsuyougakari ga, Jitsu wa Sentou Igai ga SSS Rank Datta to Iu Yoku Aru Hanashi",kitsu_49740,60140,183133,49740,18931,tt35014218,455638,277881,,completed,12,0,2026-01-23T11:53:10.876000+00:00,
Kara no Kyoukai Movie 8: Shuushou,kitsu_4804,6954,6954,4804,,,,,,plantowatch,0,0,2026-01-23T11:12:42.434000+00:00,
Kara no Kyoukai Movie: Mirai Fukuin,kitsu_7167,14807,14807,7167,9309,tt2983564,82099,97825,,plantowatch,0,0,2026-01-23T11:23:11.152000+00:00,
Kara no Kyoukai Movie: Mirai Fukuin - Extra Chorus,kitsu_8305,22763,20697,8305,10566,,82099,97825,49886,plantowatch,0,0,2026-01-23T11:23:27.445000+00:00,
Karigurashi no Arrietty,mal_7711,7711,7711,5090,7258,tt1568921,,51739,37552,completed,1,0,2026-07-05T13:45:04+00:00,
Karigurashi no Arrietty,kitsu_5090,7711,7711,5090,7258,tt1568921,,[51739],37552,completed,1,0,2026-01-23T11:53:33.501000+00:00,
"Katainaka no Ossan, Kensei ni Naru",mal_59452,59452,179955,49119,18793,tt35346717,452710,260823,2529414,completed,12,0,2026-07-06T13:45:26+00:00,
"Katainaka no Ossan, Kensei ni Naru",kitsu_49119,59452,179955,49119,18793,tt35346717,452710,260823,,watching,10,0,2026-01-23T11:53:04.385000+00:00,
"Katainaka no Ossan, Kensei ni Naru II",mal_61897,61897,194829,49995,19400,tt35346717,452710,260823,2818476,watching,5,0,2026-08-07T18:36:38+00:00,
Katsute Kami Datta Kemono-tachi e,mal_39199,39199,107672,42268,14662,tt10431310,361714,88051,1035235,completed,12,0,2026-08-07T18:35:46+00:00,
Katsute Kami Datta Kemono-tachi e,kitsu_42268,39199,107672,42268,14662,tt10431310,361714,88051,,watching,5,0,2025-02-15T18:43:14.282000+00:00,
Kaze no Tani no Nausicaä,mal_572,572,572,529,275,tt0087544,,[81],36223,completed,1,0,2026-07-05T13:21:02+00:00,
Kaze no Tani no Nausicaä,kitsu_529,572,572,529,275,tt0087544,,[81],36223,completed,1,0,2025-02-15T18:42:59.530000+00:00,
Kemono no Souja Erin,mal_5420,5420,5420,4095,6187,tt1671144,88911,54923,36702,plantowatch,0,0,2026-08-07T21:10:41.800905+00:00,
Kemono no Souja Erin,kitsu_4095,5420,5420,4095,6187,tt1671144,88911,54923,,plantowatch,0,0,2026-01-23T11:12:27.012000+00:00,
Kenja no Deshi wo Nanoru Kenja,mal_42072,42072,119056,44121,15578,tt14960284,400134,104032,1356975,completed,12,0,2026-07-05T13:37:54+00:00,
Kenja no Deshi wo Nanoru Kenja,kitsu_44121,42072,119056,44121,15578,tt14960284,400134,104032,,completed,12,0,2025-02-15T18:43:03.630000+00:00,
Kenja no Mago,mal_36407,36407,100112,40944,13477,tt9828724,354602,85844,721437,completed,12,0,2026-07-05T13:37:42+00:00,
Kenja no Mago,kitsu_40944,36407,100112,40944,13477,tt9828724,354602,85844,,completed,12,0,2025-02-15T18:43:00.542000+00:00,
Kenpuu Denki Berserk,mal_33,33,33,24,98,tt0318871,73752,35935,36853,completed,25,0,2026-07-21T10:00:07+00:00,
Kenpuu Denki Berserk,kitsu_24,33,33,24,98,tt0318871,73752,35935,,completed,25,0,2025-02-15T18:43:43.980000+00:00,
Kidou Senkan Nadesico,mal_218,218,218,194,180,tt0115263,71313,35544,38462,plantowatch,0,0,2026-08-07T21:10:41.800987+00:00,
Kidou Senkan Nadesico,kitsu_194,218,218,194,180,tt0115263,71313,35544,,plantowatch,0,0,2026-06-30T11:32:48.729000+00:00,
Kidou Senkan Nadesico: The Prince of Darkness,mal_219,219,219,195,369,tt0407924,71313,35544,39376,plantowatch,0,0,2026-08-07T21:10:41.801035+00:00,
Kidou Senkan Nadesico: The Prince of Darkness,kitsu_195,219,219,195,369,tt0407924,71313,35544,,plantowatch,0,0,2026-06-30T11:32:56.696000+00:00,
Kijin Gentoushou,mal_49778,49778,143598,45151,16614,tt32281073,442540,133154,1727401,completed,24,0,2026-01-23T11:53:33.454000+00:00,
Kijin Gentoushou,kitsu_45151,49778,143598,45151,16614,tt32281073,442540,133154,,completed,24,0,2026-01-23T11:53:33.454000+00:00,
Kikansha no Mahou wa Tokubetsu desu,mal_54852,54852,163142,47240,17944,tt28313387,432815,230050,2125698,completed,12,0,2026-07-05T13:25:04+00:00,
Kikansha no Mahou wa Tokubetsu desu,kitsu_47240,54852,163142,47240,17944,tt28313387,432815,230050,,completed,12,0,2025-02-15T18:43:03.773000+00:00,
Kill la Kill,mal_18679,18679,18679,7712,9875,tt3114390,272074,60728,43328,plantowatch,24,7,2026-07-21T10:00:29+00:00,
Kill la Kill,kitsu_7712,18679,18679,7712,9875,tt3114390,272074,60728,,completed,24,0,2025-02-15T18:43:44.072000+00:00,
Kimetsu no Yaiba,mal_38000,38000,101922,41370,14107,tt9335498,348545,85937,831411,completed,26,10,2026-07-05T13:37:45+00:00,
Kimetsu no Yaiba,kitsu_41370,38000,101922,41370,14107,tt9335498,348545,85937,,completed,26,0,2026-01-24T22:34:06.475000+00:00,
Kimetsu no Yaiba Movie 1: Mugenjou-hen - Akaza Sairai,kitsu_49001,59192,178788,49001,18699,tt32820897,348545,[1311031],,plantowatch,0,0,2026-01-23T11:35:04.392000+00:00,
Kimetsu no Yaiba Movie: Mugen Ressha-hen,mal_40456,40456,112151,42586,15113,tt11032374,348545,635302,1176707,completed,1,0,2026-07-21T07:30:31+00:00,
Kimetsu no Yaiba Movie: Mugen Ressha-hen,kitsu_42586,40456,112151,42586,15113,tt11032374,348545,[635302],,completed,1,0,2025-02-15T18:43:44.172000+00:00,
Kimetsu no Yaiba: Hashira Geiko-hen,mal_55701,55701,166240,47635,18067,tt9335498,348545,85937,2191900,completed,8,0,2026-01-26T14:07:24+00:00,
Kimetsu no Yaiba: Hashira Geiko-hen,kitsu_47635,55701,166240,47635,18067,tt9335498,348545,85937,,completed,8,0,2026-01-23T11:53:33.985000+00:00,
Kimetsu no Yaiba: Katanakaji no Sato-hen,mal_51019,51019,145139,45866,17198,tt9335498,348545,85937,1848368,completed,11,0,2025-03-02T19:21:42+00:00,
Kimetsu no Yaiba: Katanakaji no Sato-hen,kitsu_45866,51019,145139,45866,17198,tt9335498,348545,85937,,completed,11,0,2025-02-15T18:43:44.218000+00:00,
Kimetsu no Yaiba: Mugen Ressha-hen,kitsu_45249,49926,129874,45249,16803,tt9335498,348545,85937,,completed,7,0,2025-02-15T18:43:44.267000+00:00,
Kimetsu no Yaiba: Mugen Ressha-hen (TV),mal_49926,49926,129874,45249,16803,tt9335498,348545,85937,1738291,completed,7,0,2025-03-02T19:21:35+00:00,
Kimetsu no Yaiba: Yuukaku-hen,mal_47778,47778,142329,44081,16054,tt9335498,348545,85937,1546285,completed,11,0,2025-03-02T19:21:27+00:00,
Kimetsu no Yaiba: Yuukaku-hen,kitsu_44081,47778,142329,44081,16054,tt9335498,348545,85937,,completed,11,0,2025-02-15T18:43:44.325000+00:00,
Kimi no Na wa.,mal_32281,32281,21519,11614,11829,tt5311514,,372058,543146,plantowatch,0,0,2026-08-07T21:10:41.801278+00:00,
Kimi no Na wa.,kitsu_11614,32281,21519,11614,11829,tt5311514,,[372058],543146,plantowatch,0,0,2018-03-01T04:46:26.493000+00:00,
"Kimi to Boku no Saigo no Senjou, Arui wa Sekai ga Hajimaru Seisen",mal_40595,40595,112667,42638,15216,tt12331304,387027,101972,1192421,completed,12,0,2026-08-07T18:35:50+00:00,
"Kimi to Boku no Saigo no Senjou, Aruiwa Sekai ga Hajimaru Seisen",kitsu_42638,40595,112667,42638,15216,tt12331304,387027,101972,,watching,11,0,2025-02-15T18:43:14.498000+00:00,
Kiseijuu: Sei no Kakuritsu,mal_22535,22535,20623,8147,10272,tt3358020,279831,61459,47304,plantowatch,3,0,2026-07-21T10:00:32+00:00,
Kiseijuu: Sei no Kakuritsu,kitsu_8147,22535,20623,8147,10272,tt3358020,279831,61459,,watching,3,0,2025-02-15T18:43:09.006000+00:00,
Kite,mal_42731,42731,139097,,,,,,,plantowatch,0,0,2026-06-30T13:44:53+00:00,arm
Kiteretsu Daihyakka,mal_6509,6509,6509,4586,2723,,,,39291,plantowatch,0,0,2026-08-07T21:10:41.801030+00:00,
Kiteretsu Daihyakka,kitsu_4586,6509,6509,4586,2723,,,,39291,plantowatch,0,0,2026-06-30T11:53:01.852000+00:00,
Kizetsu Yuusha to Ansatsu Hime,mal_60951,60951,186561,49899,19143,tt35677101,459970,283705,2707982,watching,12,0,2026-08-07T18:36:36+00:00,
Kizetsu Yuusha to Ansatsu Hime,kitsu_49899,60951,186561,49899,19143,tt35677101,459970,283705,,watching,1,0,2026-01-23T11:53:04.535000+00:00,
Kizoku Tensei: Megumareta Umare kara Saikyou no Chikara wo Eru,mal_60692,60692,185993,49867,19087,tt38978132,458508,281161,2677074,completed,12,0,2026-07-21T18:20:18+00:00,
Kizoku Tensei: Megumareta Umare kara Saikyou no Chikara wo Eru,kitsu_49867,60692,185993,49867,19087,tt38978132,458508,281161,,watching,6,0,2026-06-30T11:49:26.823000+00:00,
Kodai Ouja Kyouryuu King,mal_3576,3576,3576,3117,4763,tt1524993,85329,21409,38085,plantowatch,0,0,2026-08-07T21:10:41.800974+00:00,
Kodai Ouja Kyouryuu King,kitsu_3117,3576,3576,3117,4763,tt1524993,85329,21409,,plantowatch,0,0,2026-06-30T11:35:05.134000+00:00,
Koe no Katachi,kitsu_10028,28851,20954,10028,10937,tt5323662,,[378064],436948,plantowatch,0,0,2018-03-01T04:46:46.544000+00:00,
Koko wa Ore ni Makasete Saki ni Ike to Itte kara 10-nen ga Tattara Densetsu ni Natte Ita.,mal_62617,62617,199748,50555,19635,tt39443204,468809,302051,2893984,watching,4,0,2026-07-28T09:10:36+00:00,
"Kon'yakuhaki Sareta Reijou o Hirotta Ore ga, Ikenai Koto o Oshiekomu",mal_52934,52934,154214,46434,17592,tt27548413,424116,217405,1984862,completed,12,0,2026-08-07T18:36:13+00:00,
"Kono Healer, Mendokusai",mal_48742,48742,132351,44383,16249,tt14453538,401935,123250,1612465,watching,12,0,2026-07-05T13:41:30.340000+00:00,
"Kono Healer, Mendokusai",kitsu_44383,48742,132351,44383,16249,tt14453538,401935,123250,,watching,12,0,2026-07-05T13:41:30.340000+00:00,
Kono Sekai wa Fukanzen Sugiru,mal_54835,54835,163077,47236,17936,tt32332918,432805,222925,2125612,watching,13,0,2026-01-24T22:40:44.581000+00:00,
Kono Sekai wa Fukanzen Sugiru,kitsu_47236,54835,163077,47236,17936,tt32332918,432805,222925,,watching,13,0,2026-01-24T22:40:44.581000+00:00,
Kono Subarashii Sekai ni Bakuen wo!,mal_51958,51958,150075,46139,16446,tt27329086,420657,203040,1688485,watching,12,0,2026-07-05T13:38:02+00:00,
Kono Subarashii Sekai ni Bakuen wo!,kitsu_46139,51958,150075,46139,16446,tt27329086,420657,203040,,watching,12,0,2026-01-24T22:39:51.019000+00:00,
Kono Subarashii Sekai ni Shukufuku o!,mal_30831,30831,21202,10941,11261,tt5370118,303867,65844,520074,plantowatch,10,0,2026-07-21T07:30:27+00:00,
Kono Subarashii Sekai ni Shukufuku o! 2: Kono Subarashii Geijutsu ni Shukufuku o!,mal_34626,34626,97996,13136,13317,tt5370118,303867,65844,705161,plantowatch,0,0,2026-08-07T21:10:41.801347+00:00,
Kono Subarashii Sekai ni Shukufuku o! 3 Bonus Stage,mal_59833,59833,181244,49203,18865,tt5370118,303867,65844,2582160,plantowatch,0,0,2026-08-07T21:10:41.801859+00:00,
Kono Subarashii Sekai ni Shukufuku o! 4,mal_61203,61203,187924,49674,19213,,,,2735124,plantowatch,0,0,2026-08-07T21:10:41.801905+00:00,
Kono Subarashii Sekai ni Shukufuku o! Kurenai Densetsu,mal_38040,38040,102976,41440,13310,tt9239552,303867,532067,704879,plantowatch,0,0,2026-08-07T21:10:41.801346+00:00,
Kono Subarashii Sekai ni Shukufuku wo!,kitsu_10941,30831,21202,10941,11261,tt5370118,303867,65844,,completed,10,0,2026-01-23T11:53:32.294000+00:00,
Kono Subarashii Sekai ni Shukufuku wo! 2,mal_32937,32937,21699,11937,11992,tt5370118,303867/2,65844,568514,completed,10,0,2026-06-16T15:45:08+00:00,
Kono Subarashii Sekai ni Shukufuku wo! 2,kitsu_11937,32937,21699,11937,11992,tt5370118,303867,65844,,completed,10,0,2026-01-23T11:53:33.250000+00:00,
Kono Subarashii Sekai ni Shukufuku wo! 2: Kono Subarashii Geijutsu ni Shukufuku wo!,kitsu_13136,34626,97996,13136,13317,tt5370118,303867,65844,,plantowatch,0,0,2026-01-23T11:24:58.521000+00:00,
Kono Subarashii Sekai ni Shukufuku wo! 3,mal_49458,49458,136804,44911,17431,tt5370118,303867,65844,1920042,completed,11,0,2026-06-16T15:45:14+00:00,
Kono Subarashii Sekai ni Shukufuku wo! 3,kitsu_44911,49458,136804,44911,17431,tt5370118,303867,65844,,completed,11,0,2026-01-23T11:53:33.408000+00:00,
Kono Subarashii Sekai ni Shukufuku wo! 3: Bonus Stage,kitsu_49203,59833,181244,49203,18865,tt5370118,303867,65844,,plantowatch,0,0,2026-01-23T11:35:56.473000+00:00,
Kono Subarashii Sekai ni Shukufuku wo! 4,kitsu_49674,61203,187924,49674,19213,,,,2735124,plantowatch,0,0,2026-01-23T11:53:42.345000+00:00,
Kono Subarashii Sekai ni Shukufuku wo! 4,anilist_187924,61203,187924,49674,19213,,,,2735124,plantowatch,0,0,2026-01-23T11:53:42.345000+00:00,
Kono Subarashii Sekai ni Shukufuku wo! Movie: Kurenai Densetsu,kitsu_41440,38040,102976,41440,13310,tt9239552,303867,[532067],,plantowatch,0,0,2026-01-23T11:25:56.129000+00:00,
Kono Subarashii Sekai ni Shukufuku wo!: Kono Subarashii Choker ni Shukufuku wo!,mal_32380,32380,21574,11752,11854,tt5370118,303867,65844,545458,plantowatch,1,0,2026-01-24T22:34:16.694000+00:00,
Kono Subarashii Sekai ni Shukufuku wo!: Kono Subarashii Choker ni Shukufuku wo!,kitsu_11752,32380,21574,11752,11854,tt5370118,303867,65844,,plantowatch,1,0,2026-01-24T22:34:16.694000+00:00,
"Konyaku Haki sareta Reijou wo Hirotta Ore ga, Ikenai Koto wo Oshiekomu",kitsu_46434,52934,154214,46434,17592,tt27548413,424116,217405,,watching,4,0,2025-02-15T18:43:12.838000+00:00,
Kore wa Zombie desu ka?,kitsu_5507,8841,8841,5507,7674,tt1780262,220571,38420,,plantowatch,0,0,2023-08-06T07:02:44.753000+00:00,
Kore wa Zombie Desuka?,mal_8841,8841,8841,5507,7674,tt1780262,220571,38420,41033,plantowatch,0,0,2026-08-07T21:10:41.801110+00:00,
Koukaku Kidoutai,mal_58929,58929,177699,48899,18652,tt36517689,450475,255358,2474924,watching,5,0,2026-08-07T18:36:28+00:00,
Koukaku Kidoutai,mal_43,43,43,25,61,tt0113568,73749,1095,37585,completed,1,0,2026-07-05T13:45:04+00:00,
Koukaku Kidoutai,kitsu_25,43,43,25,61,tt0113568,73749,1095,,plantowatch,1,0,2026-07-05T13:28:06.018000+00:00,
Koukaku Kidoutai Arise: Ghost in the Shell - Border:1 Ghost Pain,mal_17187,17187,17187,7602,9658,,,,,completed,1,0,2026-07-21T10:00:29+00:00,
Koukaku Kidoutai Arise: Ghost in the Shell - Border:1 Ghost Pain,kitsu_7602,17187,17187,7602,,,,,,completed,1,0,2025-02-15T18:43:44.378000+00:00,
Koukaku Kidoutai: Stand Alone Complex,mal_467,467,467,429,247,tt0346314,73749,1095,38384,completed,26,0,2026-07-21T18:20:02+00:00,
Koukaku Kidoutai: Stand Alone Complex,kitsu_429,467,467,429,247,tt0346314,73749,1095,,watching,2,0,2026-07-05T13:42:55.012000+00:00,
Koutetsujou no Kabaneri,mal_28623,28623,21196,10036,10951,tt5556656,305082,65945,441598,plantowatch,0,0,2026-08-07T21:10:41.801226+00:00,
Koutetsujou no Kabaneri,kitsu_10036,28623,21196,10036,10951,tt5556656,305082,65945,,plantowatch,0,0,2024-11-25T09:22:12.251000+00:00,
Koutetsujou no Kabaneri Movie 2: Moeru Inochi,kitsu_12502,33520,98663,12502,,,,,,plantowatch,0,0,2026-01-23T11:24:41.783000+00:00,
Koutetsujou no Kabaneri Soushuuhen,mal_33520,33520,98663,12502,12246,,,,596557,plantowatch,0,0,2026-08-07T21:10:41.801302+00:00,
"Kumo desu ga, Nani ka?",mal_37984,37984,103632,41463,14201,tt12598008,377902,99618,855675,completed,24,8,2026-07-05T13:37:46+00:00,
"Kumo desu ga, Nani ka?",kitsu_41463,37984,103632,41463,14201,tt12598008,377902,99618,,completed,24,0,2026-06-30T11:40:33.213000+00:00,
Kun Tun Tianxia Zhi Zhang Men Guilai,mal_60572,60572,191974,49892,19323,,,,2768832,watching,12,0,2026-08-07T18:36:37+00:00,
Kun Tun Tianxia Zhi Zhang Men Guilai,kitsu_49892,60572,191974,49892,19323,,,,2768832,watching,1,0,2026-01-23T11:53:04.743000+00:00,
Kuro Gal ni Natta kara Shinyuu to shitemita.,mal_47591,47591,16048,44102,16048,,,,1544051,completed,8,0,2026-06-16T07:56:03+00:00,
Kuro Gal ni Natta kara Shinyuu to shitemita.,kitsu_44102,47591,,44102,,,,,,completed,8,0,2026-01-23T11:53:11.381000+00:00,
Kuro no Shoukanshi,mal_51064,51064,145260,45884,17204,tt21249100,416588,157842,1852004,watching,12,9,2026-01-24T22:39:42.633000+00:00,
Kuro no Shoukanshi,kitsu_45884,51064,145260,45884,17204,tt21249100,416588,157842,,watching,12,0,2026-01-24T22:39:42.633000+00:00,
Kuro no Tsuki: Tsuki no Saidan,mal_59853,59853,181443,50325,18869,tt38646055,454526,271609,2583088,completed,12,0,2026-08-07T18:36:33+00:00,
Kuromukuro,mal_32245,32245,21516,11605,11819,tt5895314,307365,66080,542604,plantowatch,0,0,2026-08-07T21:10:41.801275+00:00,
Kuromukuro,kitsu_11605,32245,21516,11605,11819,tt5895314,307365,66080,,plantowatch,0,0,2026-06-30T11:39:21.434000+00:00,
Kuroshitsuji,mal_4898,4898,4898,3840,6048,tt1316554,83996,50712,40590,completed,24,7,2026-08-07T18:35:22+00:00,
Kuroshitsuji,kitsu_3840,4898,4898,3840,6048,tt1316554,83996,50712,,watching,2,0,2026-01-24T22:37:22.140000+00:00,
Kuroshitsuji II,mal_6707,6707,6707,4678,7369,tt1316554,83996,50712,41353,completed,12,7,2026-07-21T18:20:04+00:00,
Kuroshitsuji II,kitsu_4678,6707,6707,4678,7369,tt1316554,83996,50712,,watching,2,7,2026-06-30T11:57:56.875000+00:00,
Kuroshitsuji Movie: Book of the Atlantic,kitsu_11449,31812,21425,11449,11696,tt5476944,83996,50712,,plantowatch,0,0,2018-03-01T05:10:09.639000+00:00,
Kuroshitsuji: Book of the Atlantic,mal_31812,31812,21425,11449,11696,tt5476944,83996,50712,529126,plantowatch,0,0,2026-08-07T21:10:41.801261+00:00,
Kusuriya no Hitorigoto,mal_54492,54492,161645,47083,17870,tt26743760,431162,220542,2097814,completed,24,0,2026-06-30T11:44:58+00:00,
Kusuriya no Hitorigoto,kitsu_47083,54492,161645,47083,17870,tt26743760,431162,220542,,completed,24,0,2025-02-15T18:43:04.628000+00:00,
Kusuriya no Hitorigoto 2nd Season,mal_58514,58514,176301,48649,18562,tt26743760,431162,220542,2413572,completed,24,0,2026-06-30T11:56:12.530000+00:00,
Kusuriya no Hitorigoto 2nd Season,kitsu_48649,58514,176301,48649,18562,tt26743760,431162,220542,,completed,24,0,2026-06-30T11:56:12.530000+00:00,
Kyoukai no Kanata,mal_18153,18153,18153,7714,9518,tt3114376,272697,61695,37963,watching,0,0,2026-08-07T21:10:41.800969+00:00,
Kyoukai no Kanata,kitsu_7714,18153,18153,7714,9518,tt3114376,272697,61695,,watching,0,0,2025-02-15T18:43:08.707000+00:00,
Kyuukyoku Shinka shita Full Dive RPG ga Genjitsu yori mo Kusoge Dattara,kitsu_43861,44276,126791,43861,15905,tt13593022,395156,114198,,plantowatch,0,0,2026-06-30T11:42:01.488000+00:00,
Kyuukyoku Shinka Shita Full Dive RPG ga Genjitsu yori mo Kusogee Dattara,mal_44276,44276,126791,43861,15905,tt13593022,395156,114198,1494003,plantowatch,0,0,2026-08-07T21:10:41.801545+00:00,
Lazarus,mal_56038,56038,167336,47778,18130,tt28454008,437408,231003,2213900,plantowatch,0,0,2026-08-07T21:10:41.801754+00:00,
Lazarus,kitsu_47778,56038,167336,47778,18130,tt28454008,437408,231003,,plantowatch,0,0,2026-06-30T11:45:50.249000+00:00,
Leadale no Daichi nite,mal_48239,48239,130166,44186,16069,tt14506186,402831,119335,1551897,completed,12,0,2026-07-05T13:37:58+00:00,
Leadale no Daichi nite,kitsu_44186,48239,130166,44186,16069,tt14506186,402831,119335,,completed,12,0,2025-02-15T18:43:44.531000+00:00,
LESSON XX,mal_1908,1908,1908,1718,799,,,,40610,completed,1,0,2026-07-05T13:21:43+00:00,
Lesson XX,kitsu_1718,1908,1908,1718,799,,,,40610,completed,1,0,2026-06-30T11:52:26.411000+00:00,
Level 1 dakedo Unique Skill de Saikyou desu,mal_51764,51764,148465,46099,17353,tt27990591,419854,201363,1904382,watching,12,0,2026-01-24T22:39:46.927000+00:00,
Level 1 dakedo Unique Skill de Saikyou desu,kitsu_46099,51764,148465,46099,17353,tt27990591,419854,201363,,watching,12,0,2026-01-24T22:39:46.927000+00:00,
Little Witch Academia (TV),mal_33489,33489,21858,12272,12235,tt6352180,318161,69293,595209,completed,25,0,2026-07-05T13:37:40+00:00,
Little Witch Academia (TV),kitsu_12272,33489,21858,12272,12235,tt6352180,318161,69293,,completed,25,0,2025-02-15T18:43:04.519000+00:00,
Little Witch Academia: Mahoujikake no Parade,mal_19489,19489,19489,7862,9971,tt4831682,318161,347413,43078,completed,1,0,2026-07-21T10:00:29+00:00,
Little Witch Academia: Mahoujikake no Parade,kitsu_7862,19489,19489,7862,9971,tt4831682,318161,[347413],,completed,1,0,2025-02-15T18:43:44.621000+00:00,
Lodoss-tou Senki,mal_207,207,207,183,169,tt0100044,78777,42713,36119,plantowatch,1,0,2026-07-21T10:00:05+00:00,
Lodoss-tou Senki,kitsu_183,207,207,183,169,tt0100044,78777,42713,,watching,1,0,2025-02-15T18:43:13.932000+00:00,
Lodoss-tou Senki: Eiyuu Kishi Den,mal_206,206,206,182,137,tt0100044,78777,42713,36960,watching,27,0,2026-08-07T18:35:12+00:00,
Lodoss-tou Senki: Eiyuu Kishi Den,kitsu_182,206,206,182,137,tt0100044,78777,42713,,watching,1,0,2026-07-05T13:20:32.267000+00:00,
Log Horizon,mal_17265,17265,17265,7622,9677,tt2942218,272128,60846,40864,plantowatch,25,0,2026-07-21T10:00:25+00:00,
Log Horizon,kitsu_7622,17265,17265,7622,9677,tt2942218,272128,60846,,completed,25,0,2025-02-15T18:43:44.689000+00:00,
Log Horizon 2nd Season,mal_23321,23321,20671,8313,10551,tt2942218,272128,60846,48980,completed,25,0,2026-08-14T11:45:00.134000+00:00,
Log Horizon 2nd Season,kitsu_8313,23321,20671,8313,10551,tt2942218,272128,60846,,watching,25,0,2026-01-24T22:37:30.624000+00:00,
Log Horizon: Entaku Houkai,mal_41109,41109,114862,42957,15363,tt2942218,272128,60846,1247169,completed,12,0,2026-07-05T13:37:51+00:00,
Log Horizon: Entaku Houkai,kitsu_42957,41109,114862,42957,15363,tt2942218,272128,60846,,completed,12,0,2026-01-23T11:53:33.695000+00:00,
LOST SONG,mal_34338,34338,98073,12722,12523,tt7211600,341395,78375,631961,completed,12,0,2025-03-02T19:15:53+00:00,
Lost Song,kitsu_12722,34338,98073,12722,12523,tt7211600,341395,78375,,completed,12,0,2025-02-15T18:43:04.570000+00:00,
Lv2 Kara Cheat datta Moto Yuusha Kouho no Mattari Isekai Life,mal_56923,56923,170130,48125,18247,tt29521186,440897,237233,2275518,completed,12,7,2026-08-14T11:45:01.581000+00:00,
Lv2 kara Cheat datta Motoyuusha Kouho no Mattari Isekai Life,kitsu_48125,56923,170130,48125,18247,tt29521186,440897,237233,,watching,12,7,2026-01-24T22:34:14.671000+00:00,
Lv999 no Murabito,mal_62322,62322,197715,50109,19534,tt38262097,467127,298994,2864122,watching,7,8,2026-08-07T18:36:39+00:00,
Made in Abyss,mal_34599,34599,97986,13273,12681,tt7222086,326109,72636,644821,completed,13,0,2026-07-05T13:37:41+00:00,
Made in Abyss,kitsu_13273,34599,97986,13273,12681,tt7222086,326109,72636,,completed,13,0,2025-02-15T18:43:44.741000+00:00,
Made in Abyss Movie 1: Tabidachi no Yoake,mal_37514,37514,101343,41080,13941,,,,,completed,1,0,2026-07-21T07:30:29+00:00,
Made in Abyss Movie 1: Tabidachi no Yoake,kitsu_41080,37514,101343,41080,,,,,,completed,1,0,2025-02-15T18:43:03.166000+00:00,
Made in Abyss Movie 3: Fukaki Tamashii no Reimei,mal_36862,36862,100643,14027,13612,tt10068916,326109,573730,740881,completed,1,0,2026-07-21T07:30:29+00:00,
Made in Abyss Movie 3: Fukaki Tamashii no Reimei,kitsu_14027,36862,100643,14027,13612,tt10068916,326109,[573730],,completed,1,0,2025-02-15T18:43:44.811000+00:00,
Made in Abyss: Retsujitsu no Ougonkyou,mal_41084,41084,114745,42951,15359,tt7222086,326109,72636,1244779,completed,12,0,2026-07-05T13:37:51+00:00,
Made in Abyss: Retsujitsu no Ougonkyou,kitsu_42951,41084,114745,42951,15359,tt7222086,326109,72636,,completed,12,0,2025-02-15T18:43:44.853000+00:00,
Magi: Sinbad no Bouken,kitsu_8256,22097,20609,8256,10392,tt4431276,310718,66870,,plantowatch,0,0,2026-06-30T11:38:04.470000+00:00,
Magi: Sinbad no Bouken (TV),kitsu_11431,31741,21394,11431,11672,tt4431276,310718,66870,,watching,0,0,2026-06-30T12:00:25.519000+00:00,
Magi: Sindbad no Bouken,mal_31741,31741,21394,11431,11672,tt4431276,310718,66870,526666,watching,0,0,2026-08-07T21:10:41.801259+00:00,
Magi: Sindbad no Bouken,mal_22097,22097,20609,8256,10392,tt4431276,310718,66870,46612,plantowatch,0,0,2026-08-07T21:10:41.801168+00:00,
Magi: The Kingdom of Magic,mal_18115,18115,18115,7696,9807,tt2425098,262094,60654,43119,watching,0,0,2026-08-07T21:10:41.801143+00:00,
Magi: The Kingdom of Magic,kitsu_7696,18115,18115,7696,9807,tt2425098,262094,60654,,watching,0,0,2025-02-15T18:43:08.604000+00:00,
Magi: The Labyrinth of Magic,mal_14513,14513,14513,7129,9268,tt2425098,262094,60654,40430,plantowatch,0,0,2026-08-07T21:10:41.801085+00:00,
Magi: The Labyrinth of Magic,kitsu_7129,14513,14513,7129,9268,tt2425098,262094,60654,,plantowatch,0,0,2026-06-30T11:37:27.840000+00:00,
Magic Maker: Isekai Mahou no Tsukurikata,mal_59265,59265,179297,49063,18750,tt34621291,452091,258912,2512650,completed,12,0,2026-01-23T11:53:11.671000+00:00,
Magic Maker: Isekai Mahou no Tsukurikata,kitsu_49063,59265,179297,49063,18750,tt34621291,452091,258912,,completed,12,0,2026-01-23T11:53:11.671000+00:00,
Mahou Shoujo Madoka★Magica,mal_9756,9756,9756,5853,8069,tt1773185,219181/1,39218,36433,completed,12,6,2026-07-10T13:55:02+00:00,
Mahou Shoujo Madoka★Magica,kitsu_5853,9756,9756,5853,8069,tt1773185,219181,39218,,completed,12,0,2026-06-30T11:53:47.244000+00:00,
Mahou Shoujo Madoka★Magica Movie 1: Hajimari no Monogatari,mal_11977,11977,11977,6636,8778,,,,38910,completed,1,8,2026-08-14T12:46:49+00:00,
Mahou Shoujo Madoka★Magica Movie 1: Hajimari no Monogatari,kitsu_6636,11977,11977,6636,,,,,,plantowatch,1,0,2026-06-30T11:36:47.727000+00:00,
Mahou Tsukai no Yome,mal_35062,35062,98436,13228,12942,tt7326322,316842,73833,666969,plantowatch,24,0,2026-07-21T07:30:29+00:00,
Mahou Tsukai Reimeiki,mal_48842,48842,133175,44511,16280,tt15766292,401920,124363,1623357,watching,10,0,2026-08-07T17:10:50+00:00,
Mahouka Koukou no Rettousei,mal_20785,20785,20458,8053,10182,tt3874528,278329,60833,43849,plantowatch,0,0,2026-08-07T21:10:41.801147+00:00,
Mahouka Koukou no Rettousei,kitsu_8053,20785,20458,8053,10182,tt3874528,278329,60833,,plantowatch,0,0,2026-06-30T11:54:34.135000+00:00,
Mahouka Koukou no Rettousei Movie: Yotsuba Keishou-hen,kitsu_50601,59174,178707,50601,18720,tt38652027,,[1310387],2502792,plantowatch,0,0,2026-06-30T11:59:53.396000+00:00,
Mahouka Koukou no Rettousei: Raihousha-hen,kitsu_42608,40497,112300,42608,15132,tt3874528,278329,60833,,plantowatch,0,0,2026-01-24T22:34:18.728000+00:00,
Mahouka Koukou no Rettousei: Raihousha-hen,mal_40497,40497,112300,42608,15132,tt3874528,278329,60833,,plantowatch,0,0,2026-01-24T22:34:18.728000+00:00,
Mahoutsukai no Yakusoku,mal_57152,57152,170916,48971,18599,tt34621467,449966,258578,2444132,completed,12,0,2026-07-21T18:20:15+00:00,
Mahoutsukai no Yakusoku,kitsu_48971,57152,170916,48971,18599,tt34621467,449966,258578,,watching,3,0,2026-01-23T10:12:22.580000+00:00,
Mahoutsukai no Yome,kitsu_13228,35062,98436,13228,12942,tt7326322,316842,73833,,completed,24,0,2026-06-30T11:54:24.095000+00:00,
Mahoutsukai no Yome Season 2,mal_52955,52955,154364,46436,17599,tt7326322,316842,73833,1987604,completed,12,0,2026-07-21T18:20:11+00:00,
Mahoutsukai no Yome Season 2,kitsu_46436,52955,154364,46436,17599,tt7326322,316842,73833,,watching,3,0,2026-07-05T13:43:16.405000+00:00,
Mahoutsukai no Yome: Hoshi Matsu Hito,mal_32902,32902,21688,11913,11982,tt7326322,316842,67800,565938,completed,3,0,2026-07-05T13:37:40+00:00,
Mahoutsukai no Yome: Hoshi Matsu Hito,kitsu_11913,32902,21688,11913,11982,tt5970298,316842,67800,,completed,3,0,2025-02-15T18:43:44.946000+00:00,
Mahoutsukai Reimeiki,kitsu_44511,48842,133175,44511,16280,tt15766292,401920,124363,,watching,9,0,2026-06-30T11:42:37.435000+00:00,
MahoYome,mal_36502,36502,100256,13918,12942,,,,,completed,24,0,2026-01-23T11:53:11.750000+00:00,
MahoYome,kitsu_13918,36502,100256,13918,,,,,,completed,24,0,2026-01-23T11:53:11.750000+00:00,
MahoYome Specials,mal_51097,51097,148584,47323,,,,,,completed,6,0,2026-07-05T13:41:42.617000+00:00,arm
MahoYome Specials,kitsu_47323,51097,148584,47323,,,,,,completed,6,0,2026-07-05T13:41:42.617000+00:00,
Mai no Mahou to Katei no Hi,mal_9940,9940,9940,5952,8087,tt1837602,,[61695],41172,plantowatch,0,0,2026-08-07T21:10:41.801116+00:00,
Mai no Mahou to Katei no Hi,kitsu_5952,9940,9940,5952,8087,tt1837602,,[61695],41172,plantowatch,0,0,2026-06-30T11:53:46.427000+00:00,
Mairimashita! Iruma-kun,mal_39196,39196,107693,42310,14660,tt11034066,369144,91801,1034469,completed,23,0,2026-08-07T18:35:46+00:00,
Mairimashita! Iruma-kun,mal_41402,41402,116338,43047,15428,tt11034066,369144,91801,1294833,watching,0,0,2026-08-07T21:10:41.801489+00:00,
Mairimashita! Iruma-kun,mal_60310,60310,184492,49361,18995,tt11034066,369144,91801,2638832,watching,18,0,2026-08-07T18:36:34+00:00,
Mairimashita! Iruma-kun,kitsu_42310,39196,107693,42310,14660,tt11034066,369144,91801,,watching,17,0,2025-02-15T18:43:10.648000+00:00,
Mairimashita! Iruma-kun 2nd Season,kitsu_43047,41402,116338,43047,15428,tt11034066,369144,91801,,watching,0,0,2025-02-15T18:43:12.030000+00:00,
Mairimashita! Iruma-kun 3rd Season,mal_49784,49784,139092,45154,16627,tt11034066,369144,91801,1728821,completed,21,0,2026-07-21T18:20:10+00:00,
Mairimashita! Iruma-kun 3rd Season,kitsu_45154,49784,139092,45154,16627,tt11034066,369144,91801,,watching,1,0,2026-06-30T12:11:31.048000+00:00,
Majo no Tabitabi,mal_40571,40571,112609,42627,15202,tt12457334,371436,94693,1190969,watching,12,0,2026-07-05T13:37:50+00:00,
Majo no Tabitabi,kitsu_42627,40571,112609,42627,15202,tt12457334,371436,94693,,watching,12,0,2026-01-24T22:38:53.486000+00:00,
Majo no Takkyuubin,mal_512,512,512,471,286,tt0097814,,[16859],40068,completed,1,0,2026-07-21T10:00:21+00:00,
Majo no Takkyuubin,kitsu_471,512,512,471,286,tt0097814,,[16859],40068,completed,1,0,2025-02-15T18:42:59.422000+00:00,
Majo to Yajuu,mal_52816,52816,153818,46369,17575,tt30089363,423601,208445,1976398,plantowatch,0,0,2026-08-07T21:10:41.801689+00:00,
Majo to Yajuu,kitsu_46369,52816,153818,46369,17575,tt30089363,423601,208445,,plantowatch,0,0,2026-06-30T11:58:52.979000+00:00,
Majutsushi Kunon wa Miete Iru,mal_60810,60810,186333,50424,19131,tt38646949,459339,282946,2694464,watching,13,0,2026-08-07T18:36:35+00:00,
Majutsushi Kunon wa Mieteiru,kitsu_50424,60810,186333,50424,19131,tt38646949,459339,282946,,watching,9,0,2026-06-30T11:49:39.824000+00:00,
Make My Day,mal_49164,49164,135429,44691,16378,,,,1658239,watching,0,0,2026-08-07T21:10:41.801603+00:00,
Make My Day,kitsu_44691,49164,135429,44691,16378,,,,1658239,watching,0,0,2025-02-15T18:43:11.310000+00:00,
Mamonogurai no Boukensha: Ore dake Mamono o Kuratte Tsuyoku Naru,mal_63304,63304,210234,50570,19831,,,,2992900,completed,12,0,2026-07-05T13:42:46.825000+00:00,
Mamonogurai no Boukensha: Ore dake Mamono wo Kuratte Tsuyoku Naru,kitsu_50570,63304,210234,50570,,,,,,completed,12,0,2026-07-05T13:42:46.825000+00:00,
Mao,mal_62048,62048,196012,50035,19469,tt37577523,465787,295999,2833322,watching,18,0,2026-08-07T18:36:39+00:00,
"Maou Gakuin no Futekigousha II: Shijou Saikyou no Maou no Shiso, Tensei shite Shison-tachi no Gakkou e Kayou",kitsu_44125,48417,130588,44125,16101,tt12432936,375927,97617,,completed,12,0,2026-07-05T13:41:25.933000+00:00,
"Maou Gakuin no Futekigousha II: Shijou Saikyou no Maou no Shiso, Tensei shite Shison-tachi no Gakkou e Kayou Part 2",kitsu_45081,48418,130590,45081,16102,tt12432936,375927,97617,,completed,12,0,2026-06-30T12:11:14.795000+00:00,
"Maou Gakuin no Futekigousha: Shijou Saikyou no Maou no Shiso, Tensei shite Shison-tachi no Gakkou e Kayou",mal_40496,40496,112301,43005,15131,tt12432936,375927,97617,1182675,completed,13,8,2026-07-05T13:37:49+00:00,
"Maou Gakuin no Futekigousha: Shijou Saikyou no Maou no Shiso, Tensei shite Shison-tachi no Gakkou e Kayou",kitsu_43005,40496,112301,43005,15131,tt12432936,375927,97617,,completed,13,0,2026-06-30T11:54:40.279000+00:00,
"Maou Gakuin no Futekigousha: Shijou Saikyou no Maou no Shiso, Tensei shite Shison-tachi no Gakkou e Kayou II",mal_48417,48417,130588,44125,16101,tt12432936,375927,97617,1570398,completed,12,8,2026-07-05T13:41:25.933000+00:00,
"Maou Gakuin no Futekigousha: Shijou Saikyou no Maou no Shiso, Tensei shite Shison-tachi no Gakkou e Kayou II Part 2",mal_48418,48418,130590,45081,16102,tt12432936,375927,97617,1570400,completed,12,0,2026-06-30T12:11:14.795000+00:00,
Maou Gun Saikyou no Majutsushi wa Ningen Datta,mal_57876,57876,173584,48440,18427,tt32333026,444916,248951,2353302,completed,12,0,2026-08-07T18:36:25+00:00,
Maou no Musume wa Yasashi Sugiru!!,mal_61884,61884,194742,49992,19398,tt38969275,464963,294280,2817570,plantowatch,0,0,2026-08-07T21:10:41.801913+00:00,
Maou no Musume wa Yasashi Sugiru!!,anilist_194742,61884,194742,49992,19398,tt38969275,464963,294280,,plantowatch,0,0,2026-01-24T22:34:18.535000+00:00,
Maou no Musume wa Yasashisugiru!!,kitsu_49992,61884,194742,49992,19398,tt38969275,464963,294280,,plantowatch,0,0,2026-01-24T22:34:18.535000+00:00,
"Maou-sama, Retry!",mal_38297,38297,104252,41950,14391,tt10443362,361709,88044,908345,completed,12,0,2026-07-05T13:37:46+00:00,
"Maou-sama, Retry!",kitsu_41950,38297,104252,41950,14391,tt10443362,361709,88044,,completed,12,0,2026-01-23T11:53:11.805000+00:00,
"Maou-sama, Retry! R",mal_56400,56400,168500,47881,18167,tt10443362,361709,88044,2237118,completed,12,0,2026-01-26T14:06:29+00:00,
"Maou-sama, Retry! R",kitsu_47881,56400,168500,47881,18167,tt10443362,361709,88044,,completed,12,0,2026-01-23T11:53:33.335000+00:00,
Maougun Saikyou no Majutsushi wa Ningen datta,kitsu_48440,57876,173584,48440,18427,tt32333026,444916,248951,,watching,8,0,2025-02-15T18:43:13.882000+00:00,
Mars Red,mal_41265,41265,115183,43302,15389,tt12415634,397250,99099,1255315,completed,13,0,2026-08-07T18:35:52+00:00,
Mars Red,kitsu_43302,41265,115183,43302,15389,tt12415634,397250,99099,,watching,1,0,2025-02-15T18:43:13.426000+00:00,
Mashin Souzouden Wataru,mal_57827,57827,173333,49502,18406,tt33304729,444740,271264,2347540,completed,24,0,2026-07-21T18:20:14+00:00,
Mashin Souzouden Wataru,kitsu_49502,57827,173333,49502,18406,tt33304729,444740,271264,,watching,2,0,2026-01-23T11:53:05.482000+00:00,
MASHLE,mal_52211,52211,151801,46229,17478,tt21209804,421737,204832,1944030,completed,12,8,2026-06-30T11:05:26+00:00,
Mashle,kitsu_46229,52211,151801,46229,17478,tt21209804,421737,204832,,completed,12,0,2025-02-15T18:43:02.477000+00:00,
Mashle: Shinkakusha Kouho Senbatsu Shiken Hen,mal_55813,55813,166610,47671,18088,tt21209804,421737,204832,2199482,plantowatch,0,0,2026-08-07T21:10:41.801747+00:00,
Mashle: Shinkakusha Kouho Senbatsu Shiken-hen,kitsu_47671,55813,166610,47671,18088,tt21209804,421737,204832,,plantowatch,0,0,2025-02-15T18:43:49.603000+00:00,
"Mata Korosarete Shimatta no Desu ne, Tantei-sama",mal_62964,62964,202381,50554,19722,tt39122702,470519,312293,2936722,plantowatch,0,0,2026-08-07T21:10:41.801936+00:00,manual_override
"Mata Korosarete Shimatta no desu ne, Tantei-sama",kitsu_50554,62964,202381,50554,19722,tt39122702,470519,312293,,plantowatch,0,0,2026-06-30T12:01:42.453000+00:00,manual_override
Mato Seihei no Slave,mal_50392,50392,141821,45512,16982,tt16156736,412656,139060,1781532,plantowatch,0,0,2026-08-07T21:10:41.801631+00:00,
Mato Seihei no Slave,kitsu_45512,50392,141821,45512,16982,tt16156736,412656,139060,,plantowatch,0,0,2024-05-30T07:53:52.587000+00:00,
"Megami ""Isekai Tensei Nani ni Naritai desu ka"" Ore ""Yuusha no Rokkotsu de""",kitsu_50642,63376,206951,50642,19862,tt40547960,473229,312522,,watching,2,0,2026-06-30T12:14:53.097000+00:00,
"Megami ""Isekai Tensei Nani ni Naritai Desuka"" Ore ""Yuusha no Rokkotsu de""",mal_63376,63376,206951,50642,19862,tt40547960,473229,312522,3006108,completed,12,0,2026-08-07T18:36:41+00:00,
Meikyuu Black Company,mal_42340,42340,120608,43268,15619,tt13943462,388574,105476,1380621,completed,12,0,2026-08-07T18:35:56+00:00,
Meikyuu Black Company,kitsu_43268,42340,120608,43268,15619,tt13943462,388574,105476,,watching,6,0,2025-02-15T18:43:14.713000+00:00,
Meitantei Conan,mal_235,235,235,210,266,tt0131179,72454,30983,41422,plantowatch,1,0,2026-07-21T10:00:27+00:00,
Meitantei Conan,kitsu_210,235,235,210,266,tt0131179,72454,30983,,watching,1,0,2026-06-30T11:33:01.022000+00:00,
Meitantei Conan,mal_64359,64359,235,210,266,tt0131179,72454,30983,41422,watching,1209,0,2026-08-14T07:38:07+00:00,
Meitantei Conan Movie 03: Seikimatsu no Majutsushi,kitsu_698,781,781,698,2646,tt1067920,72454,30983,,watching,0,0,2026-01-23T11:53:05.368000+00:00,
"Meitou ""Isekai no Yu"" Kaitaku-ki: Arafou Onsen Mania no Tensei Saki wa, Nonbiri Onsen Tengoku Deshita",mal_57315,57315,171019,48257,18288,tt30644058,442690,241021,2307706,plantowatch,0,0,2026-08-07T21:10:41.801779+00:00,
"Meitou ""Isekai no Yu"" Kaitakuki: Around 40 Onsen Mania no Tensei Saki wa, Nonbiri Onsen Tengoku deshita",kitsu_48257,57315,171019,48257,18288,tt30644058,442690,241021,,plantowatch,0,0,2025-02-15T18:43:49.685000+00:00,
MF Ghost,mal_50695,50695,143327,45713,17094,tt28299608,414207,154526,1816794,completed,12,0,2026-07-05T13:38:04+00:00,
MF Ghost,kitsu_45713,50695,143327,45713,17094,tt28299608,414207,154526,,completed,12,0,2026-06-30T11:43:34.058000+00:00,
MF Ghost 2nd Season,mal_57559,57559,171642,48337,18327,tt28299608,414207,154526,2325190,completed,12,0,2026-06-30T12:12:42.011000+00:00,
MF Ghost 2nd Season,kitsu_48337,57559,171642,48337,18327,tt28299608,414207,154526,,completed,12,0,2026-06-30T12:12:42.011000+00:00,
MF Ghost 3rd Season,mal_60602,60602,185753,49441,19071,tt28299608,414207,154526,2667700,watching,0,0,2026-08-07T21:10:41.801888+00:00,
MF Ghost Battle Digest,mal_59019,59019,,,,,,,,watching,0,0,2026-06-30T13:45:16+00:00,arm
Mieruko-chan,mal_48483,48483,131083,44185,16132,tt14271890,399121,121078,1568925,completed,12,0,2026-07-21T18:20:09+00:00,
Mieruko-chan,kitsu_44185,48483,131083,44185,16132,tt14271890,399121,121078,,watching,3,0,2026-06-30T11:42:25.254000+00:00,
"Mikata ga Yowa Sugite Hojo Mahou ni Toushite Ita Kyuutei Mahoushi, Tsuihou Sarete Saikyou wo Mezasu",mal_61276,61276,188487,49715,19231,tt36631539,461708,286984,2864124,completed,12,0,2026-08-14T11:45:13.405000+00:00,
"Mikata ga Yowasugite Hojo Mahou ni Tesshiteita Kyuutei Mahoushi, Tsuihou sarete Saikyou wo Mezasu",kitsu_49715,61276,188487,49715,19231,tt36631539,461708,286984,,watching,12,0,2026-01-24T22:34:14.904000+00:00,
Mimi wo Sumaseba,mal_585,585,585,540,336,tt0113824,,[37797],38494,completed,1,0,2026-07-21T10:00:14+00:00,
Mimi wo Sumaseba,kitsu_540,585,585,540,336,tt0113824,,[37797],38494,completed,1,0,2025-02-15T18:42:59.606000+00:00,
Mizu Zokusei no Mahou Tsukai,mal_60732,60732,186052,49493,19097,tt36592736,456435,281615,2682272,watching,12,0,2026-07-19T08:03:19+00:00,
Mizu Zokusei no Mahoutsukai,kitsu_49493,60732,186052,49493,19097,tt36592736,456435,281615,,watching,0,0,2026-07-05T13:27:14.888000+00:00,
Mo Dao Zu Shi,mal_37208,37208,101972,41036,14162,tt9005728,341295,80732,844067,completed,15,0,2026-07-21T18:20:08+00:00,
Mo Dao Zu Shi,kitsu_41036,37208,101972,41036,14162,tt9005728,341295,80732,,watching,1,0,2026-06-30T12:01:24.427000+00:00,
Mo Dao Zu Shi: Wanjie Pian,kitsu_43083,40434,121467,43083,16618,tt9005728,341295,80732,,plantowatch,0,0,2026-06-30T11:57:18.467000+00:00,
Mo Dao Zu Shi: Xian Yun Pian,mal_38450,38450,104458,42163,14428,tt9005728,341295,80732,923343,completed,8,0,2026-07-21T18:20:08+00:00,
Mo Dao Zu Shi: Xian Yun Pian,kitsu_42163,38450,104458,42163,14428,tt9005728,341295,80732,,watching,1,0,2026-06-30T12:01:52.742000+00:00,
Mo Dao Zushi: Wanjie Pian,mal_40434,40434,121467,43083,16618,tt9005728,341295,80732,1727409,plantowatch,0,0,2026-08-07T21:10:41.801616+00:00,
Mob Psycho 100,mal_32182,32182,21507,11578,11803,tt5897304,307375,67075,541198,plantowatch,0,0,2026-08-07T21:10:41.801272+00:00,
Mob Psycho 100,kitsu_11578,32182,21507,11578,11803,tt5897304,307375,67075,,plantowatch,0,0,2024-11-22T15:27:57.515000+00:00,
Mononoke Hime,mal_164,164,164,142,7,tt0119698,,[128],36228,completed,1,0,2026-07-21T10:00:05+00:00,
Mononoke Hime,kitsu_142,164,164,142,7,tt0119698,,[128],36228,completed,1,0,2025-02-15T18:42:59.286000+00:00,
Monster,mal_19,19,19,10,1539,tt0434706,74599,30981,50250,plantowatch,0,0,2026-08-07T21:10:41.801195+00:00,
Monster,kitsu_10,19,19,10,1539,tt0434706,74599,30981,,plantowatch,0,0,2026-06-30T11:32:16.325000+00:00,
Monster Farm: Enbanseki no Himitsu,mal_1469,1469,1469,1315,2908,tt0218775,72858,15130,37611,plantowatch,1,0,2026-07-21T10:00:09+00:00,
Monster Farm: Enbanseki no Himitsu,kitsu_1315,1469,1469,1315,2908,tt0218775,72858,15130,,watching,1,0,2026-06-30T11:34:00.952000+00:00,
Monster Strike: Deadverse Reloaded,mal_62066,62066,196230,50201,19466,tt38572778,465794,300323,2832570,plantowatch,0,0,2026-08-07T21:10:41.801922+00:00,
Monster Strike: Deadverse Reloaded,kitsu_50201,62066,196230,50201,19466,tt38572778,465794,300323,,plantowatch,0,0,2026-06-30T12:01:24.552000+00:00,
Moonrise,mal_38903,38903,150654,46176,14561,tt20672482,421103,203740,999043,plantowatch,0,0,2026-08-07T21:10:41.801413+00:00,
Moonrise,kitsu_46176,38903,150654,46176,14561,tt20672482,421103,203740,,plantowatch,0,0,2026-01-23T11:26:08.202000+00:00,
Mouryou no Hako,mal_4879,4879,4879,3835,6047,tt2172914,83474,42960,39676,plantowatch,0,0,2026-08-07T21:10:41.801051+00:00,
Mouryou no Hako,kitsu_3835,4879,4879,3835,6047,tt2172914,83474,42960,,plantowatch,0,0,2026-01-23T11:12:19.127000+00:00,
Mugen no Ryvius,mal_593,593,593,548,192,tt0272402,72393,42982,40238,plantowatch,0,0,2026-08-07T21:10:41.801078+00:00,
Mugen no Ryvius,kitsu_548,593,593,548,192,tt0272402,72393,42982,,plantowatch,0,0,2026-01-23T11:11:34.322000+00:00,
Muhyo to Rouji no Mahouritsu Soudan Jimusho,mal_37487,37487,101340,41076,13916,tt9286928,347467/1,80853,782273,completed,12,0,2026-07-02T01:15:13+00:00,
Muhyo to Rouji no Mahouritsu Soudan Jimusho,kitsu_41076,37487,101340,41076,13916,tt9286928,347467,80853,,completed,12,0,2026-06-30T12:01:32.341000+00:00,
Muhyo to Rouji no Mahouritsu Soudan Jimusho 2nd Season,mal_39948,39948,110028,43295,14953,tt9286928,347467,80853,1111463,completed,12,0,2026-07-02T01:15:15+00:00,
Muhyo to Rouji no Mahouritsu Soudan Jimusho 2nd Season,kitsu_43295,39948,110028,43295,14953,tt9286928,347467,80853,,completed,12,0,2026-06-30T12:02:00.455000+00:00,
Mujikaku Seijo wa Kyou mo Muishiki ni Chikara o Tarenagasu,mal_62080,62080,196219,50048,19485,tt41278636,465988,296436,2838530,watching,6,0,2026-08-07T18:36:39+00:00,
Mujin Wakusei Survive,mal_709,709,709,643,1122,tt1561921,84660,43242,38986,plantowatch,0,0,2026-08-07T21:10:41.801022+00:00,
Mujin Wakusei Survive,kitsu_643,709,709,643,1122,tt1561921,84660,43242,,plantowatch,0,0,2026-01-23T11:11:42.337000+00:00,
Mushishi,mal_457,457,457,419,3433,tt0807832,79214,26867,38545,plantowatch,0,0,2026-08-07T21:10:41.800998+00:00,
Mushishi,kitsu_419,457,457,419,3433,tt0807832,79214,26867,,plantowatch,0,0,2026-06-30T11:51:21.919000+00:00,
Mushoku no Eiyuu: Betsu ni Skill nanka Ira Nakkatan Daga,mal_56854,56854,169969,48058,18232,tt32582999,440502,236565,2272656,completed,12,0,2026-08-14T11:45:18.270000+00:00,
Mushoku no Eiyuu: Betsu ni Skill Nanka Iranakatta n da ga,kitsu_48058,56854,169969,48058,18232,tt32582999,440502,236565,,watching,12,0,2026-01-24T22:34:14.754000+00:00,
Mushoku Tensei II: Isekai Ittara Honki Dasu,mal_51179,51179,146065,45950,17236,tt13293588,371310,94664,1863030,completed,12,0,2025-03-02T19:21:43+00:00,
Mushoku Tensei II: Isekai Ittara Honki Dasu,kitsu_45950,51179,146065,45950,17236,tt13293588,371310,94664,,completed,12,0,2025-02-15T18:42:57.258000+00:00,
Mushoku Tensei II: Isekai Ittara Honki Dasu Part 2,mal_55888,55888,166873,47694,18104,tt13293588,371310,94664,2204668,completed,12,10,2026-06-30T11:55:41.555000+00:00,
Mushoku Tensei II: Isekai Ittara Honki Dasu Part 2,kitsu_47694,55888,166873,47694,18104,tt13293588,371310,94664,,completed,12,10,2026-06-30T11:55:41.555000+00:00,
Mushoku Tensei III: Isekai Ittara Honki Dasu,kitsu_49002,59193,178789,49002,18727,tt13293588,371310,94664,,plantowatch,0,0,2026-01-24T22:34:18.336000+00:00,
Mushoku Tensei: Isekai Ittara Honki Dasu,mal_39535,39535,108465,42323,14758,tt13293588,371310,94664,1059371,completed,11,10,2026-07-21T18:20:09+00:00,
Mushoku Tensei: Isekai Ittara Honki Dasu,kitsu_42323,39535,108465,42323,14758,tt13293588,371310,94664,,completed,11,0,2026-01-24T22:34:06.604000+00:00,
Mushoku Tensei: Isekai Ittara Honki Dasu 3rd Season,mal_59193,59193,178789,49002,18727,tt13293588,371310,94664,2832226,watching,7,0,2026-08-14T11:54:51.011000+00:00,
Mushoku Tensei: Isekai Ittara Honki Dasu Part 2,mal_45576,45576,127720,43907,15954,tt13293588,371310,94664,1524389,completed,12,0,2025-03-02T19:21:24+00:00,
Mushoku Tensei: Isekai Ittara Honki Dasu Part 2,kitsu_43907,45576,127720,43907,15954,tt13293588,371310,94664,,completed,12,0,2025-02-15T18:43:06.174000+00:00,
My Home Hero,mal_52092,52092,151189,46209,17471,tt22410622,421452,204412,1934932,plantowatch,0,0,2026-08-07T21:10:41.801670+00:00,
My Home Hero,kitsu_46209,52092,151189,46209,17471,tt22410622,421452,204412,,plantowatch,0,0,2026-01-23T11:30:52.688000+00:00,
Nageki no Bourei wa Intai Shitai,mal_58172,58172,175019,48559,18498,tt32508529,446389,258579,2381592,watching,13,0,2026-01-26T14:07:43+00:00,
Nageki no Bourei wa Intai Shitai,mal_60619,60619,185801,49651,19075,tt32508529,446389,258579,2669160,watching,0,0,2026-08-07T21:10:41.801889+00:00,
Nageki no Bourei wa Intai shitai,kitsu_48559,58172,175019,48559,18498,tt32508529,446389,258579,,watching,13,0,2026-01-24T22:34:12.704000+00:00,
Nageki no Bourei wa Intai shitai Part 2,kitsu_49651,60619,185801,49651,19075,tt32508529,446389,258579,,watching,0,0,2026-01-23T11:53:39.502000+00:00,
Nanatsu no Maken ga Shihai Suru,mal_50582,50582,142598,45579,17030,tt27845099,413333,153337,1804640,completed,15,0,2026-08-07T18:36:06+00:00,
Nanatsu no Maken ga Shihai suru,kitsu_45579,50582,142598,45579,17030,tt27845099,413333,153337,,watching,1,0,2025-02-15T18:43:12.156000+00:00,
Nanatsu no Taizai,mal_23755,23755,20789,8699,10596,tt3909224,284131,62104,49552,plantowatch,24,0,2026-07-21T10:00:34+00:00,
Nanatsu no Taizai,kitsu_8699,23755,20789,8699,10596,tt3909224,284131,62104,,completed,24,0,2025-02-15T18:43:45.240000+00:00,
Nanatsu no Taizai: Ensa no Edinburgh,mal_50315,50315,141352,45472,16963,,,,1771537,watching,0,0,2026-08-07T21:10:41.801629+00:00,
Nanatsu no Taizai: Ensa no Edinburgh,kitsu_45472,50315,141352,45472,,,,,,watching,0,0,2025-02-15T18:43:11.463000+00:00,
Nanatsu no Taizai: Ensa no Edinburgh - Kouhen,mal_53911,53911,162291,47155,,,,,,completed,0,0,2023-08-08T09:38:09.598000+00:00,arm
Nanatsu no Taizai: Ensa no Edinburgh Part 2,kitsu_47155,53911,162291,47155,,,,,,completed,0,0,2023-08-08T09:38:09.598000+00:00,
Nanatsu no Taizai: Funnu no Shinpan,mal_41491,41491,116752,43458,15459,tt3909224,284131,62104,1302113,completed,24,0,2026-07-05T13:37:52+00:00,
Nanatsu no Taizai: Funnu no Shinpan,kitsu_43458,41491,116752,43458,15459,tt3909224,284131,62104,,completed,24,0,2026-01-23T11:53:33.720000+00:00,
Nanatsu no Taizai: Imashime no Fukkatsu,mal_34577,34577,99539,12633,11646,tt3909224,284131,62104,526110,completed,24,0,2026-07-21T07:30:28+00:00,
Nanatsu no Taizai: Imashime no Fukkatsu,kitsu_12633,34577,99539,12633,11646,tt3909224,284131,62104,,completed,24,0,2025-02-15T18:43:45.292000+00:00,
Nanatsu no Taizai: Kamigami no Gekirin,mal_39701,39701,108928,42263,14819,tt3909224,284131,62104,1072473,completed,24,0,2026-07-05T13:37:48+00:00,
Nanatsu no Taizai: Kamigami no Gekirin,kitsu_42263,39701,108928,42263,14819,tt3909224,284131,62104,,completed,24,0,2026-01-23T11:53:33.622000+00:00,
Naruto,mal_20,20,20,11,239,tt0409591,78857,46260,39508,plantowatch,220,7,2026-07-21T10:00:18+00:00,
Naruto,kitsu_11,20,20,11,239,tt0409591,78857,46260,,completed,220,0,2025-02-15T18:43:05.809000+00:00,
Naruto Movie 1: Dai Katsugeki!! Yuki Hime Ninpouchou Dattebayo!,mal_442,442,442,405,1456,tt0476680,78857,46260,40808,completed,1,0,2026-07-21T10:00:24+00:00,
Naruto Movie 1: Dai Katsugeki!! Yuki Hime Ninpouchou Dattebayo!,kitsu_405,442,442,405,1456,tt0476680,78857,46260,,completed,1,0,2025-02-15T18:43:45.377000+00:00,
Naruto Movie 2: Dai Gekitotsu! Maboroshi no Chiteiiseki Dattebayo!,mal_936,936,936,833,3030,tt0791188,78857,46260,40419,completed,1,0,2026-07-21T10:00:23+00:00,
Naruto Movie 2: Dai Gekitotsu! Maboroshi no Chiteiiseki Dattebayo!,kitsu_833,936,936,833,3030,tt0791188,78857,46260,,completed,1,0,2025-02-15T18:43:45.438000+00:00,
Naruto Movie 3: Dai Koufun! Mikazuki-jima no Animal Panic Dattebayo!,mal_2144,2144,2144,1941,4421,tt1071815,78857,46260,41723,completed,1,0,2026-07-21T10:00:28+00:00,
Naruto Movie 3: Dai Koufun! Mikazuki-jima no Animal Panic Dattebayo!,kitsu_1941,2144,2144,1941,4421,tt1071815,78857,46260,,completed,1,0,2025-02-15T18:43:45.493000+00:00,
Naruto Narutimate Hero 3: Tsuini Gekitotsu! Jounin vs. Genin!! Musabetsu Dairansen Taikai Kaisai!!,kitsu_960,1074,1074,960,9685,tt0409591,78857,46260,,completed,1,7,2026-06-30T11:53:15.148000+00:00,
Naruto Shippuuden,mal_1735,1735,1735,1555,4880,tt0988824,79824,31910,40053,plantowatch,0,0,2026-08-07T21:10:41.801063+00:00,
NARUTO: Narutimate Hero 3: Tsui ni Gekitotsu! Jounin VS Genin!! Musabetsu Dairansen Taikai Kaisai!!,mal_1074,1074,1074,960,9685,tt0409591,78857,46260,37326,completed,1,7,2026-06-30T11:53:15.148000+00:00,
Naruto: Shippuuden,kitsu_1555,1735,1735,1555,4880,tt0988824,79824,31910,,plantowatch,0,0,2023-08-06T07:01:12.156000+00:00,
Naze Boku no Sekai wo Daremo Oboeteinai no ka?,mal_56062,56062,167419,47786,18133,tt31844529,437517,244672,2215662,completed,12,0,2025-03-02T19:26:58+00:00,
Naze Boku no Sekai wo Daremo Oboeteinai no ka?,kitsu_47786,56062,167419,47786,18133,tt31844529,437517,244672,,completed,12,0,2025-02-15T18:43:05.059000+00:00,
NEET Kunoichi to Nazeka Dousei Hajimemashita,mal_58082,58082,174654,48535,18491,tt32034812,445965,273048,2373186,plantowatch,0,0,2026-08-07T21:10:41.801797+00:00,
NEET Kunoichi to Nazeka Dousei Hajimemashita,kitsu_48535,58082,174654,48535,18491,tt32034812,445965,273048,,plantowatch,0,0,2026-06-30T11:46:58.542000+00:00,
Neko to Ryuu,mal_61048,61048,186863,49585,19172,tt41278620,460501,284029,2721022,plantowatch,1,0,2026-07-19T08:50:59+00:00,
Neko to Ryuu,kitsu_49585,61048,186863,49585,19172,tt41278620,460501,284029,,plantowatch,0,0,2026-01-24T22:34:18.417000+00:00,
New Game!,mal_31953,31953,21455,11467,11736,tt5862798,309532,67012,532694,completed,12,0,2026-08-07T18:35:33+00:00,
New Game!,kitsu_11467,31953,21455,11467,11736,tt5862798,309532,67012,,watching,2,0,2025-02-15T18:43:36.841000+00:00,
New PANTY & STOCKING with GARTERBELT,mal_52293,52293,151799,46227,17493,tt1727444,188551,246862,1944026,completed,13,0,2026-06-30T11:55:21.326000+00:00,
New Panty & Stocking with Garterbelt,kitsu_46227,52293,151799,46227,17493,[''],188551,246862,,completed,13,0,2026-06-30T11:55:21.326000+00:00,
Nichijou,mal_10165,10165,10165,6062,8168,tt2098308,240291,44684,36599,plantowatch,0,0,2026-08-07T21:10:41.800900+00:00,
Nichijou,kitsu_6062,10165,10165,6062,8168,tt2098308,240291,44684,,plantowatch,0,0,2018-03-01T05:09:32.347000+00:00,
Nichijou: Nichijou no 0 Wa,mal_8857,8857,8857,5512,7630,tt2098308,240291,44684,38377,plantowatch,0,0,2026-08-07T21:10:41.800981+00:00,
Nichijou: Nichijou no 0-wa,kitsu_5512,8857,8857,5512,7630,tt2098308,240291,44684,,plantowatch,0,0,2026-06-30T11:53:26.326000+00:00,
Nige Jouzu no Wakagimi,mal_54724,54724,162896,47197,17909,tt27187054,432455,222623,2125692,completed,12,0,2026-08-07T18:36:19+00:00,
Nige Jouzu no Wakagimi,kitsu_47197,54724,162896,47197,17909,tt27187054,432455,222623,,watching,5,0,2025-02-15T18:43:15.147000+00:00,
Nihon e Youkoso Elf-san.,mal_57648,57648,172439,48361,18361,tt30689448,443904,249031,2333756,completed,12,0,2026-07-21T18:20:13+00:00,
Nihon e Youkoso Elf-san.,kitsu_48361,57648,172439,48361,18361,tt30689448,443904,249031,,watching,1,0,2026-01-23T11:53:05.897000+00:00,
Ningen Fushin no Boukensha-tachi ga Sekai o Sukuu You Desu,mal_49612,49612,137909,44982,16538,tt15237164,415188,131366,1709005,watching,12,0,2026-07-09T07:20:06+00:00,
Ningen Fushin no Boukensha-tachi ga Sekai wo Sukuu you desu,kitsu_44982,49612,137909,44982,16538,tt15237164,415188,131366,,watching,1,0,2025-02-15T18:43:11.784000+00:00,
Ningyohime Marina no Bouken,mal_3194,3194,3194,2850,3497,,,,39164,completed,26,0,2026-08-14T11:43:21.488000+00:00,
No Game No Life,mal_19815,19815,19815,7880,9998,tt3431758,278155,60808,46128,plantowatch,12,0,2026-07-21T10:00:31+00:00,
No Game No Life,kitsu_7880,19815,19815,7880,9998,tt3431758,278155,60808,,completed,12,0,2025-02-15T18:43:45.612000+00:00,
No Game No Life: Zero,mal_33674,33674,21875,12325,12276,tt5914996,278155,60808,601109,completed,1,0,2026-07-21T07:30:28+00:00,
No Game No Life: Zero,kitsu_12325,33674,21875,12325,12276,tt5914996,278155,60808,,completed,1,0,2025-02-15T18:43:00.230000+00:00,
Noragami,mal_20507,20507,20447,7881,9925,tt3225270,275610,64710,46052,plantowatch,0,0,2026-08-07T21:10:41.801161+00:00,
Noragami,kitsu_7881,20507,20447,7881,9925,tt3225270,275610,64710,,plantowatch,0,0,2023-08-08T09:34:13.398000+00:00,
Noumin Kanren no Skill bakka Agetetara Nazeka Tsuyoku Natta.,mal_51128,51128,145815,46270,17222,tt21345970,417165,158522,1858262,completed,12,0,2026-07-06T13:45:24+00:00,
Noumin Kanren no Skill bakka Agetetara Nazeka Tsuyoku Natta.,kitsu_46270,51128,145815,46270,17222,tt21345970,417165,158522,,watching,11,0,2026-01-23T11:53:05.946000+00:00,
Nozomanu Fushi no Boukensha,mal_51648,51648,147642,46059,17320,tt30177477,419112,197848,1892374,completed,12,9,2026-06-30T11:05:26+00:00,
Nozomanu Fushi no Boukensha,kitsu_46059,51648,147642,46059,17320,tt30177477,419112,197848,,completed,12,0,2025-02-15T18:43:04.138000+00:00,
Nukitashi the Animation,mal_57969,57969,174188,48476,18459,tt37205655,445390,244808,2361024,plantowatch,0,0,2026-08-07T21:10:41.801794+00:00,
Nukitashi the Animation,kitsu_48476,57969,,48476,18459,tt37205655,445390,244808,,plantowatch,0,0,2026-01-23T11:34:00.215000+00:00,
Nurarihyon no Mago,mal_7592,7592,7592,5044,7404,tt2716982,171731,37471,38212,plantowatch,0,0,2026-08-07T21:10:41.800976+00:00,
Nurarihyon no Mago,kitsu_5044,7592,7592,5044,7404,tt2716982,171731,37471,,plantowatch,0,0,2026-06-30T11:53:18.241000+00:00,
Nurarihyon no Mago: Sennen Makyou,mal_10049,10049,10049,7728,8177,tt2716982,171731,37471,38466,watching,0,0,2026-08-07T21:10:41.800989+00:00,
Nurarihyon no Mago: Sennen Makyou,kitsu_7728,10049,10049,7728,8177,tt2716982,171731,37471,,watching,0,0,2025-02-15T18:43:08.011000+00:00,
Nyaight of the Living Cat,mal_58197,58197,175124,48564,18501,tt31435652,446480,247045,2383742,plantowatch,0,0,2026-08-07T21:10:41.801800+00:00,
Nyaight of the Living Cat,kitsu_48564,58197,175124,48564,18501,tt31435652,446480,247045,,plantowatch,0,0,2026-06-30T11:47:06.828000+00:00,
Odayaka Kizoku no Kyuuka no Susume.,mal_60071,60071,182771,50442,18914,tt36632066,455309,274141,2604450,plantowatch,0,0,2026-08-07T21:10:41.801866+00:00,
Odayaka Kizoku no Kyuuka no Susume.,kitsu_50442,60071,182771,50442,18914,tt36632066,455309,274141,,plantowatch,0,0,2026-01-24T22:34:18.050000+00:00,
Odayaka Kizoku no Kyuuka no Susume.,anilist_182771,60071,182771,50442,18914,tt36632066,455309,274141,,plantowatch,0,0,2026-01-24T22:34:18.050000+00:00,
Odd Taxi,mal_46102,46102,128547,43932,15989,tt14134550,397208,116727,1523509,plantowatch,0,0,2026-08-07T21:10:41.801556+00:00,
Odd Taxi,kitsu_43932,46102,128547,43932,15989,tt14134550,397208,116727,,plantowatch,0,0,2026-01-23T11:28:04.349000+00:00,
Odd Taxi Movie: In the Woods,kitsu_45653,50653,143080,45653,17076,tt16609250,397208,[919609],,plantowatch,0,0,2026-01-23T11:29:44.567000+00:00,
Okashi na Tensei,mal_52611,52611,153339,46309,17553,tt27990718,423096,207521,1967684,completed,12,0,2026-08-07T18:36:12+00:00,
Okashi na Tensei,kitsu_46309,52611,153339,46309,17553,tt27990718,423096,207521,,watching,9,0,2025-02-15T18:43:11.691000+00:00,
Okiraku Ryoushu no Tanoshii Ryouchi Bouei,anilist_191205,61549,191205,50432,19298,tt38977386,462789,288589,,watching,4,0,2026-02-01T17:45:11.002000+00:00,
Okiraku Ryoushu no Tanoshii Ryouchi Bouei: Seisan-kei Majutsu de Na mo na Kimura wo Saikyou no Jousai Toshi ni,mal_61549,61549,191205,50432,19298,tt38977386,462789,288589,2761708,watching,12,0,2026-06-30T11:49:59+00:00,
Okiraku Ryoushu no Tanoshii Ryouchi Bouei: Seisankei Majutsu de Na mo Naki Mura wo Saikyou no Jousai Toshi ni,kitsu_50432,61549,191205,50432,19298,tt38977386,462789,288589,,watching,4,0,2026-02-01T17:45:11.002000+00:00,
One Piece,mal_21,21,21,12,69,tt0388629,81797,37854,38636,plantowatch,1,0,2026-07-21T10:00:15+00:00,
One Piece,kitsu_12,21,21,12,69,tt0388629,81797,37854,,watching,1,0,2025-02-15T18:43:06.758000+00:00,
One Piece Movie 02: Nejimaki-jima no Daibouken,mal_460,460,460,422,893,tt0832449,81797,23446,37672,completed,1,0,2026-07-21T10:00:10+00:00,
One Piece Movie 02: Nejimaki-jima no Daibouken,kitsu_422,460,460,422,893,tt0832449,81797,[23446],,completed,1,0,2025-02-15T18:43:03.966000+00:00,
One Punch Man,mal_30276,30276,21087,10740,11123,tt4508902,293088,63926,478386,plantowatch,0,0,2026-08-07T21:10:41.801238+00:00,
One Punch Man,mal_34134,34134,97668,12566,12430,tt4508902,293088,63926,620039,plantowatch,0,0,2026-08-07T21:10:41.801313+00:00,
One Punch Man,kitsu_10740,30276,21087,10740,11123,tt4508902,293088,63926,,plantowatch,0,0,2024-12-08T05:58:23.866000+00:00,
One Punch Man 2nd Season,kitsu_12566,34134,97668,12566,12430,tt4508902,293088,63926,,plantowatch,0,0,2018-03-01T05:06:45.787000+00:00,
Onimusha,mal_53150,53150,155015,46533,17642,tt22301234,425299,210945,1999988,completed,8,0,2026-08-07T18:36:14+00:00,
Onimusha,kitsu_46533,53150,155015,46533,17642,tt22301234,425299,210945,,watching,4,0,2025-02-15T18:43:14.986000+00:00,
Onmyo Kaiten Re:verse,anilist_187387,61150,187387,49909,19200,tt36271422,461053,285828,,watching,1,0,2026-01-23T11:53:38.839000+00:00,
Onmyou Kaiten Re:Birth,kitsu_49909,61150,187387,49909,19200,tt36271422,461053,285828,,watching,1,0,2026-01-23T11:53:38.839000+00:00,
Onmyou Kaiten Re:Verse,mal_61150,61150,187387,49909,19200,tt36271422,461053,285828,2733172,completed,12,0,2026-08-07T18:36:36+00:00,
Ore dake Haireru Kakushi Dungeon,mal_41899,41899,118375,43301,15557,tt12728856,388006,103157,1341855,watching,12,0,2026-07-19T08:02:48+00:00,
Ore dake Haireru Kakushi Dungeon,kitsu_43301,41899,118375,43301,15557,tt12728856,388006,103157,,watching,12,0,2026-01-24T22:39:01.684000+00:00,
Ore dake Level Up na Ken,mal_52299,52299,151807,46231,17495,tt21209876,389597,127532,1944032,completed,12,10,2026-06-30T11:44:11+00:00,
Ore dake Level Up na Ken,kitsu_46231,52299,151807,46231,17495,tt21209876,389597,127532,,completed,12,0,2025-02-15T18:43:04.252000+00:00,
Ore dake Level Up na Ken Season 2: Arise from the Shadow,kitsu_48671,58567,176496,48671,18576,tt21209876,389597,127532,,completed,13,0,2026-01-23T11:53:12.332000+00:00,
Ore dake Level Up na Ken: ReAwakening,mal_59841,59841,184694,49220,,,,,,completed,1,0,2026-06-30T12:13:00.596000+00:00,arm
Ore dake Level Up na Ken: ReAwakening,kitsu_49220,59841,184694,49220,,,,,,completed,1,0,2026-06-30T12:13:00.596000+00:00,
Ore dake Level Up na Ken: Season 2 - Arise from the Shadow,mal_58567,58567,176496,48671,18576,tt21209876,389597,127532,2419656,completed,13,0,2026-01-23T11:53:12.332000+00:00,
"Ore wa Subete wo ""Parry"" suru: Gyaku Kanchigai no Sekai Saikyou wa Boukensha ni Naritai",kitsu_48202,57058,170695,48202,18266,tt32395862,441727,238892,,watching,1,0,2026-07-05T13:25:23.899000+00:00,
Ore wa Subete wo [Parry] Suru: Gyaku Kanchigai no Sekai Saikyou wa Boukensha ni Naritai,mal_57058,57058,170695,48202,18266,tt32395862,441727,238892,2281228,completed,12,7,2026-07-06T14:44:20+00:00,
Orient,mal_45560,45560,128034,44205,15969,tt15170340,402475,115911,1515903,completed,12,0,2026-08-07T18:35:58+00:00,
Orient,kitsu_44205,45560,128034,44205,15969,tt15170340,402475,115911,,watching,3,0,2025-02-15T18:43:11.138000+00:00,
Otome Game no Hametsu Flag shika Nai Akuyaku Reijou ni Tensei Shiteshimatta...,mal_38555,38555,104647,42277,14449,tt11821792,371437,94904,936631,completed,12,0,2026-08-07T18:35:45+00:00,
Otome Game no Hametsu Flag shika Nai Akuyaku Reijou ni Tensei shiteshimatta...,kitsu_42277,38555,104647,42277,14449,tt11821792,371437,94904,,watching,3,0,2026-07-05T13:23:32.602000+00:00,
Ouran Koukou Host Club,mal_853,853,853,755,4148,tt0816397,79713,1043,40638,plantowatch,0,0,2026-08-07T21:10:41.801094+00:00,
Ouran Koukou Host Club,kitsu_755,853,853,755,4148,tt0816397,79713,1043,,plantowatch,0,0,2026-06-30T11:33:49.036000+00:00,
OVA Tokyo Ghoul,mal_30458,30458,21132,10789,11268,,,,499586,plantowatch,0,0,2026-08-07T21:10:41.801246+00:00,
Overlord,mal_29803,29803,20832,9965,10816,tt4869896,294002,64196,415932,plantowatch,13,0,2026-07-21T07:30:24+00:00,
Overlord,kitsu_9965,29803,20832,9965,10816,tt4869896,294002,64196,,watching,13,0,2026-06-30T11:54:11.590000+00:00,
Overlord II,mal_35073,35073,98437,13237,12952,tt4869896,294002,64196,667803,completed,13,0,2026-07-21T18:20:08+00:00,
Overlord II,kitsu_13237,35073,98437,13237,12952,tt4869896,294002,64196,,watching,1,0,2026-06-30T12:01:12.585000+00:00,
Overlord III,mal_37675,37675,101474,41174,14008,tt4869896,294002,64196,798741,plantowatch,1,0,2026-07-21T07:30:29+00:00,
Overlord III,kitsu_41174,37675,101474,41174,14008,tt4869896,294002,64196,,plantowatch,1,0,2026-06-30T11:40:25.118000+00:00,
Overlord IV,mal_48895,48895,133844,44529,16296,tt4869896,294002,64196,1630649,plantowatch,0,0,2026-08-07T21:10:41.801597+00:00,
Overlord IV,kitsu_44529,48895,133844,44529,16296,tt4869896,294002,64196,,plantowatch,0,0,2026-06-30T11:58:13.768000+00:00,
Overlord Movie 1: Fushisha no Ou,kitsu_12584,34161,98873,12584,12439,tt4869896,294002,64196,,plantowatch,0,0,2024-12-07T09:17:10.221000+00:00,
Overlord Movie 3: Sei Oukoku-hen,kitsu_44530,48896,133845,44530,16297,tt14603848,294002,[1014505],,plantowatch,0,0,2026-06-30T11:58:20.574000+00:00,
Owari no Seraph,mal_26243,26243,20829,8736,10813,tt4584326,289906,62255,414524,plantowatch,0,0,2026-08-07T21:10:41.801202+00:00,
Owari no Seraph,kitsu_8736,26243,20829,8736,10813,tt4584326,289906,62255,,plantowatch,0,0,2026-01-23T11:23:35.430000+00:00,
Owari no Seraph: Kyuuketsuki Shahar,mal_31378,31378,21586,11342,11809,tt4584326,289906,62255,541878,plantowatch,0,0,2026-08-07T21:10:41.801273+00:00,
Owari no Seraph: Kyuuketsuki Shahar,kitsu_11342,31378,21586,11342,11809,tt4584326,289906,62255,,plantowatch,0,0,2026-01-23T11:24:04.838000+00:00,
Owari no Seraph: Nagoya Kessen Hen,mal_28927,28927,20993,10082,10984,tt4584326,289906,62255,452484,plantowatch,0,0,2026-08-07T21:10:41.801234+00:00,
Owari no Seraph: Nagoya Kessen-hen,kitsu_10082,28927,20993,10082,10984,tt4584326,289906,62255,,plantowatch,0,0,2026-01-23T11:23:47.864000+00:00,
Panty & Stocking with Garterbelt,mal_8795,8795,8795,5497,7529,tt1727444,188551/1,42421,40204,completed,13,0,2026-06-30T11:53:43.230000+00:00,
Panty & Stocking with Garterbelt,kitsu_5497,8795,8795,5497,7529,tt1727444,188551,42421,,completed,13,0,2026-06-30T11:53:43.230000+00:00,
"Party kara Tsuihou sareta Sono Chiyushi, Jitsu wa Saikyou ni Tsuki",mal_57944,57944,174043,48468,18451,tt32510166,445252,244625,2359370,completed,12,0,2025-09-06T12:25:40+00:00,
"Party kara Tsuihou sareta Sono Chiyushi, Jitsu wa Saikyou ni Tsuki",kitsu_48468,57944,174043,48468,18451,tt32510166,445252,244625,,completed,12,0,2025-02-15T18:43:45.828000+00:00,
Plunderer,mal_37345,37345,101168,40600,13826,tt11418324,368562,93149,767889,completed,24,0,2026-08-07T18:35:41+00:00,
Plunderer,kitsu_40600,37345,101168,40600,13826,tt11418324,368562,93149,,watching,1,0,2025-02-15T18:43:10.405000+00:00,
Pluto,mal_35737,35737,99088,13563,13225,tt26737616,431093,91997,693327,plantowatch,0,0,2026-08-07T21:10:41.801336+00:00,
Pluto,kitsu_13563,35737,99088,13563,13225,tt26737616,431093,91997,,plantowatch,0,0,2026-01-23T11:25:03.037000+00:00,
Pocket Monsters,mal_40351,40351,112153,42534,15067,tt0168366,76703,60572,1159779,completed,136,0,2026-08-07T18:35:48+00:00,
Pocket Monsters,mal_53876,53876,158871,46859,17777,tt0168366,76703,220150,2059216,watching,146,0,2026-08-07T18:36:17+00:00,
Pocket Monsters Best Wishes! Season 2: Decolora Adventure,mal_17873,17873,17873,7895,9764,tt0168366,76703,60572,41719,watching,11,8,2026-06-30T11:59:16.006000+00:00,
Pocket Monsters Best Wishes! Season 2: Episode N,mal_17115,17115,17115,7586,9653,tt0168366,76703,60572,37333,completed,14,0,2026-06-30T11:59:06.421000+00:00,
Pocket Monsters XY,mal_19291,19291,19291,7850,9956,tt0168366,76703,60572,44448,completed,93,0,2026-08-07T18:35:26+00:00,
Pocket Monsters XY&Z,mal_31592,31592,21356,11367,11585,tt0168366,76703/17,60572,522924,completed,47,0,2026-06-30T12:00:13.688000+00:00,
Pocket Monsters: Best Wishes!,mal_9107,9107,9107,5605,7891,tt0168366,76703,60572,37896,completed,84,0,2026-08-07T18:35:14+00:00,
Pokemon,mal_527,527,527,486,230,tt0168366,76703,60572,37468,completed,276,8,2026-07-09T11:35:06+00:00,
Pokemon,kitsu_486,527,527,486,230,tt0168366,76703,60572,,completed,276,0,2026-06-30T11:53:11.026000+00:00,
Pokemon (2019),kitsu_42534,40351,112153,42534,15067,tt0168366,76703,60572,,watching,49,0,2026-06-30T12:02:37.167000+00:00,
Pokemon (2023),kitsu_46859,53876,158871,46859,17777,tt26692417,76703,220150,,watching,43,0,2026-06-30T12:12:10.791000+00:00,
Pokemon Advanced Generation,mal_1564,1564,1564,1404,1041,tt0168366,76703,60572,40184,completed,192,8,2026-07-21T18:20:03+00:00,
Pokemon Advanced Generation,kitsu_1404,1564,1564,1404,1041,tt0168366,76703,60572,,completed,192,8,2026-07-05T13:40:19.067000+00:00,
Pokemon Best Wishes!,kitsu_5605,9107,9107,5605,7891,tt0168366,76703,60572,,watching,48,0,2026-06-30T11:35:54.488000+00:00,
Pokemon Best Wishes! Season 2: Decolora Adventure,kitsu_7895,17873,17873,7895,9764,tt0168366,76703,60572,,watching,11,8,2026-06-30T11:59:16.006000+00:00,
Pokemon Best Wishes! Season 2: Episode N,kitsu_7586,17115,17115,7586,9653,tt0168366,76703,60572,,completed,14,0,2026-06-30T11:59:06.421000+00:00,
Pokemon Diamond & Pearl,mal_1565,1565,1565,1405,4728,tt0168366,76703,60572,39403,completed,191,8,2026-07-21T18:20:03+00:00,
Pokemon Diamond & Pearl,kitsu_1405,1565,1565,1405,4728,tt0168366,76703,60572,,completed,191,8,2026-07-05T13:40:23.266000+00:00,
Pokemon Movie 17: Hakai no Mayu to Diancie,mal_21569,21569,20644,8149,10318,tt3918368,76703,60572,45750,completed,1,0,2026-07-21T10:00:30+00:00,
Pokemon Movie 17: Hakai no Mayu to Diancie,kitsu_8149,21569,20644,8149,10318,tt3918368,76703,60572,,completed,1,0,2025-02-15T18:43:45.886000+00:00,
Pokemon Movie 18: Ring no Choumajin Hoopa,mal_25805,25805,21266,8903,10966,tt4503906,,[350499],447618,completed,1,0,2026-07-21T07:30:25+00:00,
Pokemon Movie 18: Ring no Choumajin Hoopa,kitsu_8903,25805,21266,8903,10966,tt4503906,,[350499],447618,completed,1,0,2025-02-15T18:43:45.945000+00:00,
Pokemon Sun & Moon,mal_34034,34034,97634,12533,12407,tt0168366,76703,60572,617303,completed,146,8,2026-07-21T18:20:06+00:00,
Pokemon Sun & Moon,kitsu_12533,34034,97634,12533,12407,tt0168366,76703,60572,,watching,45,8,2026-06-30T12:00:49.010000+00:00,
Pokemon XY,kitsu_7850,19291,19291,7850,9956,tt0168366,76703,60572,,watching,45,0,2026-06-30T11:37:48.657000+00:00,
Pokemon XY&Z,kitsu_11367,31592,21356,11367,11585,tt0168366,76703,60572,,completed,47,0,2026-06-30T12:00:13.688000+00:00,
"Potion, Wagami wo Tasukeru",mal_62144,62144,198561,50196,19633,tt38572776,466376,299485,2892688,completed,12,0,2026-08-14T11:45:37.102000+00:00,
"Potion, Wagami wo Tasukeru",kitsu_50196,62144,198561,50196,19633,tt38572776,466376,297286,,watching,12,0,2026-01-23T11:53:39.309000+00:00,
Potion-danomi de Ikinobimasu!,mal_54616,54616,161992,47154,17878,tt29171927,431495,221148,2103874,completed,12,0,2025-03-02T19:26:54+00:00,
Potion-danomi de Ikinobimasu!,kitsu_47154,54616,161992,47154,17878,tt29171927,431495,221148,,completed,12,0,2025-02-15T18:43:03.725000+00:00,
Princess Connect! Re:Dive,mal_39292,39292,107871,42892,14690,tt11886236,377034,99084,1043311,plantowatch,0,0,2026-08-07T21:10:41.801423+00:00,
Princess Connect! Re:Dive,kitsu_42892,39292,107871,42892,14690,tt11886236,377034,99084,,plantowatch,0,0,2026-06-30T11:41:13.245000+00:00,
Princess Connect! Re:Dive Season 2,mal_42670,42670,122808,43600,15690,tt11886236,377034,99084,1409475,watching,0,0,2026-08-07T21:10:41.801523+00:00,
Princess Connect! Re:Dive Season 2,kitsu_43600,42670,122808,43600,15690,tt11886236,377034,99084,,watching,0,0,2026-01-23T11:53:06.483000+00:00,
Psycho-Pass,mal_13601,13601,13601,7000,9127,tt2379308,262090,43865,37912,plantowatch,0,0,2026-08-07T21:10:41.800965+00:00,
Psycho-Pass,kitsu_7000,13601,13601,7000,9127,tt2379308,262090,43865,,plantowatch,0,0,2026-06-30T11:37:03.626000+00:00,
Psycho-Pass Movie 1,kitsu_7986,21339,20514,7986,10066,tt4219130,262090,43865,,plantowatch,0,0,2023-08-06T07:05:26.309000+00:00,
Punch Line,mal_28617,28617,20964,10038,10948,tt5160872,289907,62484,441592,completed,12,5,2026-08-14T11:45:37.860000+00:00,
Punch Line,kitsu_10038,28617,20964,10038,10948,tt5160872,289907,62484,,plantowatch,0,0,2023-08-06T07:06:52.827000+00:00,
Puni Puni Poemi,mal_564,564,564,521,65,tt0368185,79714,34688,38421,plantowatch,0,0,2026-08-07T21:10:41.800985+00:00,
Puni Puni☆Poemii,kitsu_521,564,564,521,65,tt0368185,79714,34688,,plantowatch,0,0,2026-01-23T11:11:30.147000+00:00,
Quanzhi Fashi,mal_34300,34300,99200,13078,13171,tt11317074,328670,70311,686261,completed,12,0,2026-07-21T18:20:08+00:00,
Quanzhi Fashi,kitsu_13078,34300,99200,13078,13171,tt11317074,328670,70311,,watching,1,0,2026-06-30T12:00:53.059000+00:00,
Ragna Crimson,mal_51297,51297,146493,46000,17263,tt28685470,417983,195459,1869442,completed,24,0,2026-08-07T18:36:09+00:00,
Ragna Crimson,kitsu_46000,51297,146493,46000,17263,tt28685470,417983,195459,,watching,4,0,2025-02-15T18:43:12.788000+00:00,
"Rakudai Kenja no Gakuin Musou: Nidome no Tensei, S Rank Cheat Majutsushi Bouken Roku",mal_63508,63508,208044,50793,19896,tt40550160,474303,314554,3025908,watching,7,0,2026-08-07T18:36:42+00:00,
"Rakudai Kenja no Gakuin Musou: Nidome no Tensei, S-Rank Cheat Majutsushi Boukenroku",kitsu_50793,63508,208044,50793,19896,tt40550160,474303,314554,,watching,2,0,2026-07-05T13:30:59.552000+00:00,
Rakuen Tsuihou,mal_13391,13391,13391,6953,9088,tt2859246,469053,304023,47928,completed,1,0,2026-07-21T10:00:33+00:00,
Rakuen Tsuihou,kitsu_6953,13391,13391,6953,9088,tt2859246,,[304023],47928,completed,1,0,2025-02-15T18:43:46.061000+00:00,
Ranma 1/2,mal_59145,59145,178533,48981,18700,tt32766897,451479,259140,2498114,completed,12,0,2026-08-07T18:36:29+00:00,
Ranma 1/2,mal_1007,1007,1007,897,405,tt0096686,76932,57706,41325,plantowatch,0,0,2026-08-07T21:10:41.801123+00:00,
Ranma 1/2 Nettou Hen,mal_210,210,149939,186,193,tt0096686,76932,57706,40631,plantowatch,0,0,2026-08-07T21:10:41.801092+00:00,
Ranma ½,kitsu_186,210,,186,,,,,,plantowatch,0,0,2026-06-30T11:51:13.717000+00:00,
Ranma ½ (2024),kitsu_48981,59145,178533,48981,18700,tt32766897,451479,259140,,watching,2,0,2025-02-15T18:43:15.456000+00:00,
Ranma ½ OVA,kitsu_897,1007,1007,897,405,tt0096686,76932,57706,,plantowatch,0,0,2026-06-30T11:51:50.780000+00:00,
RDG: Red Data Girl,mal_14921,14921,14921,7182,9328,tt2622990,267433,57778,39889,plantowatch,0,0,2026-08-07T21:10:41.801060+00:00,
RDG: Red Data Girl,kitsu_7182,14921,14921,7182,9328,tt2622990,267433,57778,,plantowatch,0,0,2026-06-30T11:37:36.365000+00:00,
Re:Monster,mal_56690,56690,169417,47964,18201,tt31514720,439755,235389,2259800,completed,12,0,2026-07-06T13:45:25+00:00,
Re:Monster,kitsu_47964,56690,169417,47964,18201,tt31514720,439755,235389,,watching,11,0,2025-02-15T18:43:13.449000+00:00,
Re:Zero kara Hajimeru Isekai Seikatsu,mal_31240,31240,21355,11209,11370,tt5607616,305089,65942,509292,plantowatch,22,8,2026-07-21T07:30:27+00:00,
Re:Zero kara Hajimeru Isekai Seikatsu,mal_39587,39587,108632,42198,14792,tt5607616,305089,65942,1063491,completed,13,0,2026-08-07T18:35:47+00:00,
Re:Zero kara Hajimeru Isekai Seikatsu,kitsu_11209,31240,21355,11209,11370,tt5607616,305089,65942,,watching,22,0,2025-02-15T18:43:09.956000+00:00,
Re:Zero kara Hajimeru Isekai Seikatsu 2nd Season,kitsu_42198,39587,108632,42198,14792,tt5607616,305089,65942,,watching,12,0,2025-01-26T01:14:10.465000+00:00,
Rekishi ni Nokoru Akujo ni Naru zo,mal_56228,56228,168139,47858,18154,tt32812118,438125,248817,2228324,watching,0,0,2026-08-07T21:10:41.801757+00:00,
Rekishi ni Nokoru Akujo ni Naru zo,kitsu_47858,56228,168139,47858,18154,tt32812118,438125,248817,,watching,0,0,2026-07-05T13:25:12.110000+00:00,
Rokudenashi Majutsu Koushi to Akashic Records,mal_32951,32951,21700,11942,11995,tt6845846,318950,70637,568780,completed,12,0,2026-07-05T13:37:40+00:00,
Rokudenashi Majutsu Koushi to Akashic Records,kitsu_11942,32951,21700,11942,11995,tt6845846,318950,70637,,completed,12,0,2025-02-15T18:43:02.659000+00:00,
Room Mate,mal_34393,34393,98238,12759,12551,tt6754410,325192,71066,635943,completed,12,0,2026-07-21T18:20:07+00:00,
Room Mate,kitsu_12759,34393,98238,12759,12551,tt6754410,325192,71066,,watching,2,0,2026-06-30T12:00:57.033000+00:00,
Rosario to Vampire,mal_2993,2993,2993,2706,5273,tt1821149,81184,36983,39350,plantowatch,0,0,2026-08-07T21:10:41.801033+00:00,
Rosario to Vampire,kitsu_2706,2993,2993,2706,5273,tt1161684,81184,36983,,plantowatch,0,0,2026-06-30T11:34:49.044000+00:00,
Rougo ni Sonaete Isekai de 8-manmai no Kinka wo Tamemasu,mal_52461,52461,152765,46304,17523,tt21608762,422675,206748,1957158,watching,12,0,2026-01-24T22:40:03.527000+00:00,
Rougo ni Sonaete Isekai de 8-manmai no Kinka wo Tamemasu,kitsu_46304,52461,152765,46304,17523,tt21608762,422675,206748,,watching,12,0,2026-01-24T22:40:03.527000+00:00,
Rurouni Kenshin: Meiji Kenkaku Romantan,mal_45,45,45,27,90,tt0182629,70863,28136,38487,plantowatch,94,0,2026-07-21T10:00:14+00:00,
Rurouni Kenshin: Meiji Kenkaku Romantan,mal_50613,50613,142877,45616,17065,tt22249034,413578,210879,1810040,plantowatch,0,0,2026-08-07T21:10:41.801638+00:00,
Rurouni Kenshin: Meiji Kenkaku Romantan,kitsu_27,45,45,27,90,tt0182629,70863,28136,,completed,94,0,2026-06-30T11:52:58.841000+00:00,
Rurouni Kenshin: Meiji Kenkaku Romantan (2023),kitsu_45616,50613,142877,45616,17065,tt22249034,413578,210879,,plantowatch,0,0,2026-06-30T11:43:25.952000+00:00,
Rurouni Kenshin: Meiji Kenkaku Romantan - Seisou-hen,mal_401,401,401,368,195,tt0182629,70863,28136,40937,completed,2,0,2026-07-06T12:20:03+00:00,
Rurouni Kenshin: Meiji Kenkaku Romantan - Seisou-hen,kitsu_368,401,401,368,195,tt0182629,70863,28136,,completed,2,0,2026-07-05T13:40:14.988000+00:00,
Rurouni Kenshin: Meiji Kenkaku Romantan - Tsuioku-hen,mal_44,44,44,26,73,tt0182629,70863,28136,39604,completed,4,0,2026-07-21T10:00:19+00:00,
Rurouni Kenshin: Meiji Kenkaku Romantan - Tsuioku-hen,kitsu_26,44,44,26,73,tt0182629,70863,28136,,completed,4,0,2025-02-15T18:43:46.174000+00:00,
Ryza no Atelier: Tokoyami no Joou to Himitsu no Kakurega,mal_54760,54760,162893,47199,17920,tt27187053,432613,222625,2124754,completed,12,0,2025-03-02T19:26:55+00:00,
Ryza no Atelier: Tokoyami no Joou to Himitsu no Kakurega,kitsu_47199,54760,162893,47199,17920,tt27187053,432613,222625,,completed,12,0,2025-02-15T18:42:57.349000+00:00,
"S-Rank Monster no ""Behemoth"" Dakedo, Neko to Machigawarete Elf Musume no Pet to Shite Kurashitemasu",mal_58473,58473,176158,48628,18541,tt32856718,447749,249545,2408678,watching,12,0,2026-06-30T11:56:08.521000+00:00,
"S-Rank Monster no ""Behemoth"" dakedo, Neko to Machigawarete Elf Musume no Pet toshite Kurashitemasu",kitsu_48628,58473,176158,48628,18541,tt32856718,447749,249545,,watching,12,0,2026-06-30T11:56:08.521000+00:00,
Saihate no Paladin,mal_48761,48761,132473,44432,16261,tt14476244,401915,123525,1614785,completed,12,0,2026-07-05T13:38:00+00:00,
Saihate no Paladin,kitsu_44432,48761,132473,44432,16261,tt14476244,401915,123525,,completed,12,0,2025-02-15T18:43:02.208000+00:00,
Saihate no Paladin: Tetsusabi no Yama no Ou,mal_50664,50664,143085,45657,17078,tt14476244,401915,123525,1813848,completed,12,0,2026-07-05T13:38:04+00:00,
Saihate no Paladin: Tetsusabi no Yama no Ou,kitsu_45657,50664,143085,45657,17078,tt14476244,401915,123525,,completed,12,0,2026-01-23T11:53:33.860000+00:00,
Saijaku Tamer wa Gomi Hiroi no Tabi wo Hajimemashita.,mal_53590,53590,156891,46733,17712,tt30644010,427066,214310,2033288,completed,12,0,2025-03-02T19:26:51+00:00,
Saijaku Tamer wa Gomi Hiroi no Tabi wo Hajimemashita.,kitsu_46733,53590,156891,46733,17712,tt30644010,427066,214310,,completed,12,0,2025-02-15T18:43:04.369000+00:00,
Saiki Kusuo no Sainan,mal_19469,19469,19469,8806,9974,tt6354518,313435,67676,583457,watching,0,0,2026-08-07T21:10:41.801292+00:00,
Saiki Kusuo no Sainan: Saishidou Hen,mal_40542,40542,112625,42623,14797,tt6354518,313435,67676,1063993,completed,6,0,2026-08-07T18:35:47+00:00,
Saiki Kusuo no Ψ-nan,mal_33255,33255,21804,12127,12112,tt6354518,313435,67676,581837,completed,120,0,2026-07-21T18:20:06+00:00,
Saiki Kusuo no Ψ-nan,kitsu_12127,33255,21804,12127,12112,tt6354518,313435,67676,,watching,1,0,2026-06-30T12:00:33.241000+00:00,
Saiki Kusuo no Ψ-nan (ONA),kitsu_8806,19469,19469,8806,9974,tt6354518,313435,67676,,watching,0,0,2026-06-30T11:59:23.801000+00:00,
Saiki Kusuo no Ψ-nan 2,mal_34612,34612,98034,13477,12691,tt6354518,313435,67676,645921,completed,24,0,2026-07-21T18:20:07+00:00,
Saiki Kusuo no Ψ-nan 2,kitsu_13477,34612,98034,13477,12691,tt6354518,313435,67676,,watching,1,0,2026-06-30T12:01:04.884000+00:00,
Saiki Kusuo no Ψ-nan: Ψ-shidou-hen,kitsu_42623,40542,112625,42623,14797,tt6354518,313435,67676,,watching,1,0,2025-02-15T18:43:13.329000+00:00,
Saikyou Degarashi Ouji no An'yaku Teii Arasoi: Munou o Enjiru SS Rank Ouji wa Koui Keishou-sen o Kage kara Shihai Suru,mal_56736,56736,169582,47989,18210,tt32862795,476185,284581,2263626,watching,5,0,2026-08-07T18:36:22+00:00,
"Saikyou no Ousama, Nidome no Jinsei wa Nani wo Suru?",mal_60146,60146,183161,49294,18935,tt34119820,455684,274671,2613138,watching,12,0,2026-01-24T22:34:14.016000+00:00,
"Saikyou no Ousama, Nidome no Jinsei wa Nani wo Suru?",kitsu_49294,60146,183161,49294,18935,tt34119820,455684,274671,,watching,12,0,2026-01-24T22:34:14.016000+00:00,
"Saikyou no Ousama, Nidome no Jinsei wa Nani wo Suru? Season 2",mal_61831,61831,194317,49983,19381,tt34119820,455684,274671,2808584,plantowatch,10,0,2026-07-03T04:20:27+00:00,
"Saikyou no Ousama, Nidome no Jinsei wa Nani wo Suru? Season 2",kitsu_49983,61831,194317,49983,19381,tt34119820,455684,274671,,plantowatch,10,0,2026-06-30T11:57:02.834000+00:00,
"Saikyou no Shien-shoku ""Wajutsushi"" Dearu Ore wa Sekai Saikyou Clan o Shitagaeru",mal_58714,58714,177104,48837,18592,tt32501772,449245,258580,2440874,completed,12,0,2026-08-07T18:36:28+00:00,
"Saikyou no Shienshoku ""Wajutsushi"" de Aru Ore wa Sekai Saikyou Clan wo Shitagaeru",kitsu_48837,58714,177104,48837,18592,tt32501772,449245,258580,,watching,7,0,2025-02-15T18:43:16.254000+00:00,
Saikyou no Shokugyou wa Yuusha demo Kenja demo Naku Kanteishi (Kari) Rashii Desu yo?,mal_62825,62825,200769,50275,19667,tt41154853,469451,303460,2908912,completed,12,0,2026-08-14T11:55:03+00:00,
Saikyou no Shokugyou wa Yuusha demo Kenja demo Naku Kanteishi (Kari) Rashii desu yo?,kitsu_50275,62825,200769,50275,19667,tt38840807,469451,303460,,plantowatch,0,0,2026-01-24T22:34:18.754000+00:00,
Saikyou no Shokugyou wa Yuusha demo Kenja demo Naku Kanteishi (Kari) Rashii desu yo?,anilist_200769,62825,200769,50275,19667,tt38840807,469451,303460,,plantowatch,0,0,2026-01-24T22:34:18.754000+00:00,
Saikyou Onmyouji no Isekai Tenseiki,mal_50932,50932,144553,45813,17159,tt25809288,415378,156563,1837328,completed,13,0,2026-07-05T13:38:05+00:00,
Saikyou Onmyouji no Isekai Tenseiki,kitsu_45813,50932,144553,45813,17159,tt25809288,415378,156563,,completed,13,0,2025-02-15T18:43:02.343000+00:00,
"Saikyou Tank no Meikyuu Kouryaku: Tairyoku 9999 no Rare Skill-mochi Tank, Yuusha Party wo Tsuihou Sareru",mal_56845,56845,169935,48059,18229,tt30643971,440481,236532,2272654,completed,12,0,2025-03-02T19:26:59+00:00,
"Saikyou Tank no Meikyuu Kouryaku: Tairyoku 9999 no Rare Skill-mochi Tank, Yuusha Party wo Tsuihou sareru",kitsu_48059,56845,169935,48059,18229,tt30643971,440481,236532,,completed,12,0,2025-02-15T18:43:04.314000+00:00,
"Saioshi no Gikei Mederu Tame, Nagaikishimasu!",kitsu_50484,61969,199446,50484,,,,,,watching,1,0,2026-01-23T11:53:06.886000+00:00,manual_override
"Saioshi no Gikei o Mederu Tame, Nagaiki Shimasu!",mal_61969,61969,199446,50484,19809,,,,2985074,completed,12,0,2026-08-07T18:36:41+00:00,manual_override
Salaryman ga Isekai ni Ittara Shitennou ni Natta Hanashi,mal_59349,59349,179689,49065,18768,tt33021990,452426,259559,2520726,completed,12,0,2026-07-21T18:20:16+00:00,
Salaryman ga Isekai ni Ittara Shitennou ni Natta Hanashi,kitsu_49065,59349,179689,49065,18768,tt33021990,452426,259559,,watching,1,0,2026-07-05T13:26:23.598000+00:00,
Samurai Champloo,mal_205,205,205,181,1543,tt0423731,79089,1063,38839,plantowatch,0,0,2026-08-07T21:10:41.801014+00:00,
Samurai Champloo,kitsu_181,205,205,181,1543,tt0423731,79089,1063,,plantowatch,0,0,2026-06-30T11:32:40.376000+00:00,
Sayonara no Asa ni Yakusoku no Hana o Kazarou,mal_35851,35851,99457,13612,13262,tt7339826,,476292,699043,plantowatch,0,0,2026-08-07T21:10:41.801342+00:00,
Sayonara no Asa ni Yakusoku no Hana wo Kazarou,kitsu_13612,35851,99457,13612,13262,tt7339826,,[476292],699043,plantowatch,0,0,2026-06-30T11:39:57.577000+00:00,
"Sayounara Ryuusei, Konnichiwa Jinsei",mal_58445,58445,176053,48619,18537,tt32832435,447609,259786,2405746,completed,12,0,2026-08-07T18:36:27+00:00,
"Sayounara Ryuusei, Konnichiwa Jinsei",kitsu_48619,58445,176053,48619,18537,tt32832435,447609,259786,,watching,1,0,2025-02-15T18:43:16.073000+00:00,
"Seija Musou: Salaryman, Isekai de Ikinokoru Tame ni Ayumu Michi",mal_53263,53263,155418,46600,17662,tt28101962,425756,220779,2007064,completed,12,0,2025-03-02T19:26:49+00:00,
"Seija Musou: Salaryman, Isekai de Ikinokoru Tame ni Ayumu Michi",kitsu_46600,53263,155418,46600,17662,tt28101962,425756,220779,,completed,12,0,2025-02-15T18:42:57.705000+00:00,
Seijo no Maryoku wa Bannou desu,mal_42826,42826,123802,44115,15720,tt13049906,397831,115236,1427165,completed,12,0,2026-07-05T13:37:55+00:00,
Seijo no Maryoku wa Bannou desu,kitsu_44115,42826,123802,44115,15720,tt13049906,397831,115236,,completed,12,0,2025-02-15T18:43:02.704000+00:00,
Seijo no Maryoku wa Bannou desu Season 2,mal_51215,51215,146206,45957,17246,tt13049906,397831,115236,1865526,completed,12,0,2026-07-05T13:38:05+00:00,
Seijo no Maryoku wa Bannou desu Season 2,kitsu_45957,51215,146206,45957,17246,tt13049906,397831,115236,,completed,12,0,2026-01-23T11:53:12.681000+00:00,
Seiken no Blacksmith,mal_5940,5940,5940,4354,6546,tt1515993,117081,36134,38612,plantowatch,2,0,2026-07-21T10:00:15+00:00,
Seiken no Blacksmith,kitsu_4354,5940,5940,4354,6546,tt1515993,117081,36134,,watching,2,0,2025-02-15T18:43:09.575000+00:00,
Seirei Gensouki,mal_44203,44203,126546,44174,15875,tt13544802,398544,113808,1487393,completed,12,0,2026-07-05T13:37:55+00:00,
Seirei Gensouki,kitsu_44174,44203,126546,44174,15875,tt13544802,398544,113808,,completed,12,0,2025-02-15T18:43:05.354000+00:00,
Seirei Gensouki 2,mal_50306,50306,141182,45420,16962,tt13544802,398544,113808,1771535,completed,12,8,2026-07-05T13:41:38+00:00,
Seirei Gensouki 2,kitsu_45420,50306,141182,45420,16962,tt13544802,398544,113808,,completed,12,0,2026-07-05T13:24:24.582000+00:00,
Seirei no Moribito,mal_1827,1827,1827,1644,4403,tt1029248,80044,42830,36990,plantowatch,0,0,2026-08-07T21:10:41.800924+00:00,
Seirei no Moribito,kitsu_1644,1827,1827,1644,4403,tt1029248,80044,42830,,plantowatch,0,0,2026-06-30T11:34:20.747000+00:00,
"Sekai Saikou no Ansatsusha, Isekai Kizoku ni Tensei suru",mal_47790,47790,129898,44393,16055,tt14061838,398193,118821,1546995,completed,12,0,2026-07-30T16:10:03+00:00,
"Sekai Saikou no Ansatsusha, Isekai Kizoku ni Tensei suru",kitsu_44393,47790,129898,44393,16055,tt14061838,398193,118821,,watching,3,0,2025-02-15T18:43:14.824000+00:00,
Sekai Saikyou no Kouei: Meikyuukoku no Shinjin Tansakusha,mal_62435,62435,198409,50139,19569,tt41293112,467882,300267,2877684,watching,5,0,2026-08-07T18:36:40+00:00,
Semi wa Magic Cube,mal_43684,43684,118199,43709,14244,tt12228728,353090,128388,870909,dropped,26,0,2026-07-05T13:37:46+00:00,
Semi wa Magic Cube,kitsu_43709,43684,118199,43709,14244,tt12228728,353090,128388,,dropped,26,0,2026-06-30T11:54:50.215000+00:00,
Semi wa Magic Cube 2nd Season,mal_43729,43729,118200,,16253,tt12228728,353090,128388,1613165,completed,26,0,2026-07-02T01:15:16+00:00,
Sen to Chihiro no Kamikakushi,mal_199,199,199,176,112,tt0245429,,129,39079,completed,1,0,2026-07-21T10:00:17+00:00,
Sen to Chihiro no Kamikakushi,kitsu_176,199,199,176,112,tt0245429,,[129],39079,completed,1,0,2025-02-15T18:42:59.339000+00:00,
Sen'yuu.,mal_15751,15751,15751,7303,9393,tt2552188,264050,52883,40038,plantowatch,0,0,2026-08-07T21:10:41.801061+00:00,
Sengoku Youko,mal_56242,56242,168194,47891,18156,tt30325850,438151,234995,2228422,plantowatch,0,0,2026-08-07T21:10:41.801759+00:00,
Sengoku Youko: Sen Ma Konton Hen,mal_58488,58488,176660,48690,18543,tt30325850,438151,234995,2410750,plantowatch,0,0,2026-08-07T21:10:41.801805+00:00,
Sengoku Youko: Senma Konton-hen,kitsu_48690,58488,176660,48690,18543,tt30325850,438151,234995,,plantowatch,0,0,2026-01-23T11:34:20.309000+00:00,
Sengoku Youko: Yonaoshi Kyoudai-hen,kitsu_47891,56242,168194,47891,18156,tt30325850,438151,234995,,plantowatch,0,0,2026-01-23T11:32:59.654000+00:00,
Sentai Dai Shikkaku,mal_53770,53770,158417,46840,17703,tt28082379,428030,215799,2028054,plantowatch,0,0,2026-08-07T21:10:41.801710+00:00,
Sentai Daishikkaku,kitsu_46840,53770,158417,46840,17703,tt28082379,428030,215799,,plantowatch,0,0,2026-06-30T11:44:54.065000+00:00,
Sentai Red Isekai de Boukensha ni Naru,mal_59514,59514,180052,49121,18809,tt33084834,453022,261148,2535314,completed,12,0,2026-08-07T18:36:31+00:00,
Sentai Red Isekai de Boukensha ni Naru,kitsu_49121,59514,180052,49121,18809,tt33084834,453022,261148,,watching,2,0,2025-02-15T18:43:38.576000+00:00,
Senyuu.,kitsu_7303,15751,15751,7303,9393,tt2552188,264050,52883,,plantowatch,0,0,2024-11-25T09:21:06.532000+00:00,
Seven Knights Revolution: Eiyuu no Keishousha,mal_47391,47391,129386,44064,16038,tt13984000,397907,118151,1543177,completed,12,0,2026-08-07T18:35:59+00:00,
Seven Knights Revolution: Eiyuu no Keishousha,kitsu_44064,47391,129386,44064,16038,tt13984000,397907,118151,,watching,2,0,2025-02-15T18:43:14.779000+00:00,
Shaman King,mal_42205,42205,119675,43222,15596,tt12502782,383837,104699,1368107,completed,52,0,2026-08-07T18:35:55+00:00,
Shaman King (2021),kitsu_43222,42205,119675,43222,15596,tt12502782,383837,104699,,watching,9,0,2024-12-08T05:58:18.759000+00:00,
Shangri-La Frontier,mal_52347,52347,151970,46241,17501,tt28776190,421855,205050,1947224,completed,25,9,2026-06-30T11:05:27+00:00,
Shangri-La Frontier Season 2,mal_58572,58572,176508,48677,18578,tt28776190,421855,205050,2420616,watching,25,0,2026-01-24T22:34:12.732000+00:00,
"Shangri-La Frontier: Kusoge Hunter, Kamige ni Idoman to su",kitsu_46241,52347,151970,46241,17501,tt28776190,421855,205050,,completed,25,0,2026-01-24T22:34:07.735000+00:00,
"Shangri-La Frontier: Kusoge Hunter, Kamige ni Idoman to su 2nd Season",kitsu_48677,58572,176508,48677,18578,tt28776190,421855,205050,,watching,25,0,2026-01-24T22:34:12.732000+00:00,
Shigatsu wa Kimi no Uso,mal_23273,23273,20665,8403,10539,tt3895150,279830,61663,48926,plantowatch,0,0,2026-08-07T21:10:41.801176+00:00,
Shigatsu wa Kimi no Uso,kitsu_8403,23273,20665,8403,10539,tt3895150,279830,61663,,plantowatch,0,0,2018-03-01T05:06:56.725000+00:00,
Shiguang Dailiren,mal_44074,44074,126403,44503,16290,tt14976292,402033,123542,1625669,completed,11,0,2026-08-07T18:36:03+00:00,
Shiguang Dailiren,kitsu_44503,44074,126403,44503,16290,tt14976292,402033,123542,,watching,3,0,2025-02-15T18:43:38.729000+00:00,
"Shijou Saikyou no Daimaou, Murabito A ni Tensei suru",mal_48415,48415,130586,44187,16100,tt15447890,402652,120155,1573475,completed,12,0,2026-07-05T13:37:59+00:00,
"Shijou Saikyou no Daimaou, Murabito A ni Tensei suru",kitsu_44187,48415,130586,44187,16100,tt15447890,402652,120155,,completed,12,0,2025-02-15T18:43:46.830000+00:00,
Shikkakumon no Saikyou Kenja,mal_47161,47161,129191,44025,16029,tt15441424,402374,117884,1536155,completed,12,0,2026-07-05T13:37:58+00:00,
Shikkakumon no Saikyou Kenja,kitsu_44025,47161,129191,44025,16029,tt15441424,402374,117884,,completed,12,0,2025-02-15T18:43:01.823000+00:00,
"Shin no Nakama ja Nai to Yuusha no Party wo Oidasareta node, Henkyou de Slow Life suru Koto ni shimashita",mal_44037,44037,126213,44167,15853,tt13483212,400573,113256,1479825,completed,13,0,2026-07-05T13:37:55+00:00,
"Shin no Nakama ja Nai to Yuusha no Party wo Oidasareta node, Henkyou de Slow Life suru Koto ni Shimashita",kitsu_44167,44037,126213,44167,15853,tt13483212,400573,113256,,completed,13,0,2025-02-15T18:43:01.504000+00:00,
"Shin no Nakama ja Nai to Yuusha no Party wo Oidasareta node, Henkyou de Slow Life suru Koto ni Shimashita 2nd",mal_53488,53488,156131,46686,17693,tt13483212,400573,113256,2025266,completed,12,0,2026-01-26T14:07:21+00:00,
"Shin no Nakama ja Nai to Yuusha no Party wo Oidasareta node, Henkyou de Slow Life suru Koto ni Shimashita 2nd",kitsu_46686,53488,156131,46686,17693,tt13483212,400573,113256,,completed,12,0,2026-01-23T11:53:33.943000+00:00,
Shin Shinka no Mi: Shiranai Uchi ni Kachigumi Jinsei,mal_51495,51495,146954,46033,17295,tt15026576,402636,117706,1882260,completed,12,0,2026-01-26T14:07:15+00:00,
Shin Shinka no Mi: Shiranai Uchi ni Kachigumi Jinsei,kitsu_46033,51495,146954,46033,17295,tt15026576,402636,117706,,completed,12,0,2026-01-23T11:53:33.882000+00:00,
Shinchou Yuusha: Kono Yuusha ga Ore TUEEE Kuse ni Shinchou Sugiru,mal_38659,38659,105156,42079,14477,tt10974198,369048,93256,957923,completed,12,0,2026-07-05T13:37:46+00:00,
Shinchou Yuusha: Kono Yuusha ga Ore Tueee Kuse ni Shinchou Sugiru,kitsu_42079,38659,105156,42079,14477,tt10974198,369048,93256,,completed,12,0,2026-01-23T11:53:12.902000+00:00,
Shingeki no Kyojin,mal_16498,16498,16498,7442,9541,tt2560140,267440,1429,39687,plantowatch,0,10,2026-08-07T21:10:41.801053+00:00,
Shingeki no Kyojin,kitsu_7442,16498,16498,7442,9541,tt2560140,267440,1429,,watching,0,0,2026-07-05T13:41:01.468000+00:00,
Shingeki no Kyojin Movie: Kanketsu-hen - The Last Attack,kitsu_49129,59571,,49129,18820,tt33175825,,[1333100],2544548,plantowatch,0,0,2026-06-30T11:48:26.707000+00:00,
Shingeki no Kyojin Season 2,mal_25777,25777,20958,8671,10944,tt2560140,267440,1429,439744,completed,12,0,2025-03-02T19:15:42+00:00,
Shingeki no Kyojin Season 2,kitsu_8671,25777,20958,8671,10944,tt2560140,267440,1429,,completed,12,0,2025-02-15T18:43:47.054000+00:00,
Shingeki no Kyojin Season 3,kitsu_13569,35760,99147,13569,13241,tt2560140,267440,1429,,watching,12,0,2026-07-05T13:41:05.917000+00:00,
Shingeki no Kyojin Season 3 Part 2,mal_38524,38524,104578,41982,14444,tt2560140,267440,1429,931899,completed,10,0,2025-03-02T19:16:03+00:00,
Shingeki no Kyojin Season 3 Part 2,kitsu_41982,38524,104578,41982,14444,tt2560140,267440,1429,,completed,10,0,2025-02-15T18:43:47.182000+00:00,
Shingeki no Kyojin: The Final Season,mal_40028,40028,110277,42422,14977,tt2560140,267440,1429,1120029,completed,16,0,2025-03-02T19:21:11+00:00,
Shingeki no Kyojin: The Final Season,mal_51535,51535,146984,46038,17303,tt2560140,267440,1429,1883416,watching,0,0,2026-08-07T21:10:41.801657+00:00,
Shingeki no Kyojin: The Final Season,kitsu_42422,40028,110277,42422,14977,tt2560140,267440,1429,,completed,16,0,2025-02-15T18:43:47.244000+00:00,
Shingeki no Kyojin: The Final Season - Kanketsu-hen,kitsu_46038,51535,146984,46038,17303,tt2560140,267440,1429,,watching,0,0,2026-01-23T11:53:40.417000+00:00,
Shingeki no Kyojin: The Final Season Part 2,mal_48583,48583,131681,44240,16177,tt2560140,267440,1429,1579947,completed,12,0,2025-03-02T19:21:30+00:00,
Shingeki no Kyojin: The Final Season Part 2,kitsu_44240,48583,131681,44240,16177,tt2560140,267440,1429,,completed,12,0,2025-02-15T18:43:47.290000+00:00,
Shingeki no Kyojin: The Last Attack,mal_59571,59571,18820,49129,18820,tt33175825,,1333100,2544548,plantowatch,0,0,2026-08-07T21:10:41.801853+00:00,
"Shinjiteita Nakama-tachi ni Dungeon Okuchi de Korosarekaketa ga Gift ""Mugen Gacha"" de Level 9999 no Nakama-tachi wo Te ni Irete Moto Party Member to Sekai ni Fukushuu & ""Zamaa!"" Shimasu!",kitsu_49337,60303,184322,49337,18989,tt36593026,456730,278635,,watching,0,0,2026-07-05T13:26:50.741000+00:00,
"Shinjiteita Nakamatachi ni Dungeon Okuchi de Korosarekaketa ga Gift ""Mugen Gacha"" de Level 9999 no Nakamatachi wo Te ni Irete Moto Party Member to Sekai ni Fukushuu & ""Zamaa!"" Shimasu!",mal_60303,60303,184322,49337,18989,tt36593026,456730,278635,2637424,watching,5,0,2026-08-13T12:22:09+00:00,
Shinka no Mi: Shiranai Uchi ni Kachigumi Jinsei,mal_46985,46985,129068,44024,16018,tt15026576,402636,117706,1534019,completed,12,0,2026-07-05T13:37:57+00:00,
Shinka no Mi: Shiranai Uchi ni Kachigumi Jinsei,kitsu_44024,46985,129068,44024,16018,tt15026576,402636,117706,,completed,12,0,2025-02-15T18:43:01.766000+00:00,
"Shinmai Ossan Bouken-sha, Saikyou Party ni Shinu Hodo Kitaerarete Muteki ni Naru.",mal_54913,54913,163292,47272,17965,tt31596104,433155,250598,2131406,completed,12,0,2025-03-02T19:26:57+00:00,
"Shinmai Ossan Boukensha, Saikyou Party ni Shinu hodo Kitaerarete Muteki ni Naru.",kitsu_47272,54913,163292,47272,17965,tt31596104,433155,250598,,completed,12,0,2025-02-15T18:43:47.430000+00:00,
Shinmai Renkinjutsushi no Tenpo Keiei,mal_49849,49849,139369,45222,16732,tt19406880,410147,133938,1733475,completed,12,0,2026-07-05T13:38:03+00:00,
Shinmai Renkinjutsushi no Tenpo Keiei,kitsu_45222,49849,139369,45222,16732,tt19406880,410147,133938,,completed,12,0,2026-01-23T11:53:13.065000+00:00,
Shinseiki Evangelion,mal_30,30,30,21,22,tt0112159,70350,890,41254,plantowatch,26,0,2026-07-21T10:00:27+00:00,
Shinseiki Evangelion,kitsu_21,30,30,21,22,tt0112159,70350,890,,completed,26,0,2025-02-15T18:43:47.481000+00:00,
"Shinseiki Evangelion Movie: Air/Magokoro wo, Kimi ni",mal_32,32,32,23,202,tt0169858,70350,890,41175,completed,1,0,2026-07-21T10:00:26+00:00,
"Shinseiki Evangelion Movie: Air/Magokoro wo, Kimi ni",kitsu_23,32,32,23,202,tt0169858,70350,890,,completed,1,0,2025-02-15T18:42:59.097000+00:00,
Shinsekai yori,mal_13125,13125,13125,6887,9002,tt2309320,262838,53052,37940,plantowatch,3,0,2026-07-21T10:00:11+00:00,
Shinsekai yori,kitsu_6887,13125,13125,6887,9002,tt2309320,262838,53052,,watching,3,0,2026-01-23T11:53:35.032000+00:00,
Shirobuta Kizoku Desu ga Zense no Kioku ga Haeta no de Hiyoko na Otouto Sodatemasu,mal_59322,59322,179541,49064,18760,tt32985844,452300,281623,2517428,plantowatch,0,0,2026-08-07T21:10:41.801845+00:00,
Shirobuta Kizoku desu ga Zense no Kioku ga Haeta node Hiyoko na Otouto Sodatemasu,kitsu_49064,59322,179541,49064,18760,tt32985844,452300,281623,,plantowatch,0,0,2026-06-30T11:48:02.646000+00:00,
Shokei Shoujo no Virgin Road,mal_47162,47162,129193,44011,16031,tt13956452,402640,117886,1536159,plantowatch,0,0,2026-08-07T21:10:41.801565+00:00,
Shokei Shoujo no Virgin Road,kitsu_44011,47162,129193,44011,16031,tt13956452,402640,117886,,plantowatch,0,0,2026-06-30T11:57:53.182000+00:00,
Shokugeki no Souma,mal_28171,28171,20923,9967,10901,tt4731072,289909,62273,428720,plantowatch,24,0,2026-07-21T07:30:25+00:00,
Shokugeki no Souma,kitsu_9967,28171,20923,9967,10901,tt4731072,289909,62273,,completed,24,0,2025-02-15T18:43:47.556000+00:00,
Shokugeki no Souma: Gou no Sara,mal_40902,40902,114043,42921,15319,tt4731072,289909,62273,1228845,completed,13,0,2026-07-05T13:37:50+00:00,
Shokugeki no Souma: Gou no Sara,kitsu_42921,40902,114043,42921,15319,tt4731072,289909,62273,,completed,13,0,2026-01-23T11:53:33.669000+00:00,
Shokugeki no Souma: Ni no Sara,mal_32282,32282,21518,11612,11828,tt4731072,289909,62273,543144,completed,13,8,2026-07-05T13:37:40+00:00,
Shokugeki no Souma: Ni no Sara,kitsu_11612,32282,21518,11612,11828,tt4731072,289909,62273,,completed,13,0,2025-02-15T18:43:47.599000+00:00,
Shokugeki no Souma: San no Sara,mal_35788,35788,99255,13581,13244,tt4731072,289909,62273,695795,completed,12,0,2026-06-05T15:50:34+00:00,
Shokugeki no Souma: San no Sara,kitsu_13581,35788,99255,13581,13244,tt4731072,289909,62273,,completed,12,0,2026-01-23T11:53:33.574000+00:00,
Shokugeki no Souma: San no Sara - Tootsuki Ressha-hen,mal_36949,36949,100773,14092,13658,tt4731072,289909,62273,747261,completed,12,0,2026-06-30T12:01:20.439000+00:00,
Shokugeki no Souma: San no Sara - Tootsuki Ressha-hen,kitsu_14092,36949,100773,14092,13658,tt4731072,289909,62273,,completed,12,0,2026-06-30T12:01:20.439000+00:00,
Shokugeki no Souma: Shin no Sara,mal_39940,39940,109963,42390,14951,tt4731072,289909,62273,1109881,completed,12,0,2026-07-05T13:37:49+00:00,
Shokugeki no Souma: Shin no Sara,kitsu_42390,39940,109963,42390,14951,tt4731072,289909,62273,,completed,12,0,2026-01-23T11:53:33.646000+00:00,
Shoujo Tsubaki,mal_2981,2981,3619,2696,3619,tt0930902,258961,53064,38962,plantowatch,0,0,2026-08-07T21:10:41.801021+00:00,
Shuumatsu Nani Shitemasu ka? Isogashii desu ka? Sukutte Moratte Ii desu ka?,mal_33502,33502,21860,12769,12238,tt6819736,325208/1,70639,595993,plantowatch,1,0,2026-07-03T04:20:18+00:00,
Shuumatsu Nani Shitemasu ka? Isogashii desu ka? Sukutte Moratte Ii desu ka?,kitsu_12769,33502,21860,12769,12238,tt6819736,325208,70639,,plantowatch,1,0,2026-06-30T11:54:19.794000+00:00,
Shuumatsu no Walkure,mal_44942,44942,127399,44207,15932,tt13676344,393810,114868,1505151,plantowatch,0,0,2026-08-07T21:10:41.801552+00:00,
Shuumatsu no Walkure II,mal_49618,49618,138056,44988,16540,tt13676344,393810,114868,1710451,plantowatch,0,0,2026-08-07T21:10:41.801612+00:00,
Shuumatsu no Walkure III,mal_61200,61200,187921,49669,19212,tt13676344,393810,114868,2735122,plantowatch,0,0,2026-08-07T21:10:41.801904+00:00,
Shuumatsu no Walküre,kitsu_44207,44942,127399,44207,15932,tt13676344,393810,114868,,plantowatch,0,0,2026-01-23T10:10:19.996000+00:00,
Shuumatsu no Walküre II,kitsu_44988,49618,138056,44988,16540,tt13676344,393810,114868,,plantowatch,0,0,2026-01-23T11:28:56.642000+00:00,
Shuumatsu no Walküre III,kitsu_49669,61200,187921,49669,19212,tt13676344,393810,114868,,plantowatch,0,0,2026-01-23T11:38:33.781000+00:00,
Sidonia no Kishi Movie,mal_28495,28495,21154,10031,10939,tt3398976,278154,60831,438720,completed,1,0,2025-03-02T19:15:42+00:00,
Sidonia no Kishi Movie,kitsu_10031,28495,21154,10031,10939,tt3398976,278154,60831,,completed,1,0,2025-02-15T18:43:47.649000+00:00,
Silent Witch: Chinmoku no Majo no Kakushigoto,mal_59459,59459,179966,49097,18795,tt33317800,452832,281058,2530200,plantowatch,9,0,2026-07-03T04:20:27+00:00,
Silent Witch: Chinmoku no Majo no Kakushigoto,kitsu_49097,59459,179966,49097,18795,tt33317800,452832,281058,,plantowatch,9,0,2026-06-30T11:56:28.147000+00:00,
"Slime Taoshite 300-nen, Shiranai Uchi ni Level MAX ni Nattemashita",mal_40586,40586,112608,42628,15201,tt13248062,389377,99073,1190967,completed,12,0,2026-07-05T13:37:49+00:00,
"Slime Taoshite 300-nen, Shiranai Uchi ni Level Max ni Nattemashita",kitsu_42628,40586,112608,42628,15201,tt13248062,389377,99073,,completed,12,0,2025-02-15T18:43:47.695000+00:00,
"Slime Taoshite 300-nen, Shiranai Uchi ni Level Max ni Nattemashita: Sono Ni",mal_50738,50738,143337,45717,17110,tt13248062,389377,99073,1819462,completed,12,0,2026-07-05T13:38:04+00:00,
"Slime Taoshite 300-nen, Shiranai Uchi ni Level Max ni Nattemashita: Sono Ni",kitsu_45717,50738,143337,45717,17110,tt13248062,389377,99073,,completed,12,0,2026-01-23T11:53:33.313000+00:00,
Smile Precure!,mal_12191,12191,12191,6687,8819,tt2230557,255904,45801,37367,plantowatch,0,0,2026-08-07T21:10:41.800937+00:00,
Smile Precure!,kitsu_6687,12191,12191,6687,8819,tt2230557,255904,45801,,plantowatch,0,0,2026-06-30T11:36:55.706000+00:00,
Snowball Earth,mal_62068,62068,196144,50041,19477,tt39229727,465925,296232,2837598,completed,13,0,2026-08-07T18:36:39+00:00,
"Sokushi Cheat ga Saikyou sugite, Isekai no Yatsura ga Marude Aite ni Naranai n desu ga.",kitsu_46807,53730,158028,46807,17749,tt30146725,427883,236144,,watching,3,0,2025-02-15T18:43:13.258000+00:00,
"Sokushi Cheat ga Saikyou Sugite, Isekai no Yatsura ga Marude Aite ni Naranaindesu ga.",mal_53730,53730,158028,46807,17749,tt30146725,427883,236144,2048072,completed,12,0,2026-08-07T18:36:17+00:00,
Sora no Otoshimono,mal_5958,5958,5958,4363,6658,tt1528567,118101,37437,40552,plantowatch,0,0,2026-08-07T21:10:41.801086+00:00,
Sora no Otoshimono,kitsu_4363,5958,5958,4363,6658,tt1528567,118101,37437,,plantowatch,0,0,2026-06-30T11:35:13.622000+00:00,
Soul Eater,mal_3588,3588,3588,3128,5610,tt1214085,81751,37305,40057,plantowatch,51,10,2026-07-21T10:00:21+00:00,
Soul Eater,kitsu_3128,3588,3588,3128,5610,tt1214085,81751,37305,,completed,51,0,2025-02-15T18:43:47.749000+00:00,
Sousei no Onmyouji,mal_32105,32105,21499,11553,11785,tt5637108,307061,66078,538758,completed,50,0,2026-08-07T18:35:33+00:00,
Sousei no Onmyouji,kitsu_11553,32105,21499,11553,11785,tt5637108,307061,66078,,watching,2,0,2025-02-15T18:43:13.169000+00:00,
Sousou no Frieren,mal_52991,52991,154587,46474,17617,tt22248376,424536,209867,1990194,watching,28,10,2026-07-05T13:41:50.809000+00:00,
Sousou no Frieren,mal_59978,59978,182255,49240,18886,tt22248376,424536,209867,2595284,completed,10,0,2026-08-07T18:36:33+00:00,
Sousou no Frieren,kitsu_46474,52991,154587,46474,17617,tt22248376,424536,209867,,watching,28,0,2026-07-05T13:41:50.809000+00:00,
Sousou no Frieren 2nd Season,kitsu_49240,59978,182255,49240,18886,tt22248376,424536,209867,,watching,1,0,2026-01-23T11:53:40.069000+00:00,
Souzai Saishuka no Isekai Ryokouki,kitsu_49927,61174,187663,49927,19204,tt37430949,461265,284442,,watching,12,0,2026-01-24T22:34:14.884000+00:00,manual_override
Sozai Saishuka no Isekai Ryokouki,mal_61174,61174,187663,49927,19204,tt37430949,461265,284442,2733782,watching,12,0,2026-07-05T13:27:26+00:00,manual_override
Spy x Family,mal_50265,50265,140960,45398,16947,tt13706018,405920,120089,1766469,plantowatch,7,0,2026-07-06T13:45:24+00:00,
Spy x Family,mal_50602,50602,142838,45619,17061,tt13706018,405920,120089,1809622,completed,13,0,2026-08-07T18:36:06+00:00,
Spy x Family,mal_59027,59027,177937,48939,18677,tt13706018,405920,120089,2487518,watching,13,0,2026-08-07T18:36:29+00:00,
Spy x Family,mal_53887,53887,158927,46873,17784,tt13706018,405920,120089,2060000,watching,12,0,2026-08-07T18:36:17+00:00,
Spy x Family,kitsu_45398,50265,140960,45398,16947,tt13706018,405920,120089,,watching,7,0,2026-06-30T11:43:05.684000+00:00,
Spy x Family Part 2,kitsu_45619,50602,142838,45619,17061,tt13706018,405920,120089,,watching,2,0,2025-02-15T18:43:13.030000+00:00,
Spy x Family Season 2,kitsu_46873,53887,158927,46873,17784,tt13706018,405920,120089,,watching,1,0,2026-01-23T11:53:39.726000+00:00,
Spy x Family Season 3,kitsu_48939,59027,177937,48939,18677,tt13706018,405920,120089,,watching,7,0,2026-01-23T11:53:39.697000+00:00,
Steel Ball Run: JoJo no Kimyou na Bouken,kitsu_49847,61469,190327,49847,19287,tt2359704,262954,45790,,watching,1,0,2026-06-30T12:13:53.608000+00:00,
Steins;Gate,mal_9253,9253,9253,5646,7729,tt1910272,244061,42509,38960,plantowatch,0,0,2026-08-07T21:10:41.801019+00:00,
Steins;Gate,kitsu_5646,9253,9253,5646,7729,tt1910272,244061,42509,,plantowatch,0,0,2018-03-01T04:46:32.890000+00:00,
Steven Universe,kitsu_10735,,,10735,,,,,,completed,52,0,2018-03-01T05:11:54.283000+00:00,
Summer Time Render,mal_47194,47194,129201,44032,16033,tt15686254,407306,117933,1536163,plantowatch,0,0,2026-08-07T21:10:41.801567+00:00,
Summertime Render,kitsu_44032,47194,129201,44032,16033,tt15686254,407306,117933,,plantowatch,0,0,2026-06-30T11:42:21.146000+00:00,
Supernatural The Animation,mal_8986,8986,8986,5562,7654,tt1679482,197001,32871,38876,plantowatch,22,8,2026-07-06T13:45:09+00:00,
Supernatural The Animation,kitsu_5562,8986,8986,5562,7654,tt1679482,197001,32871,,completed,22,8,2026-06-30T11:58:36.306000+00:00,
Suzume no Tojimari,mal_50594,50594,142770,45597,17041,tt16428256,,916224,1807454,completed,1,0,2026-07-21T07:30:32+00:00,
Suzume no Tojimari,kitsu_45597,50594,142770,45597,17041,tt16428256,,[916224],1807454,completed,1,0,2025-02-15T18:43:04.821000+00:00,
Sword Art Online,mal_11757,11757,11757,6589,8692,tt2250192,259640,45782,37226,plantowatch,25,0,2026-07-21T10:00:08+00:00,
Sword Art Online,kitsu_6589,11757,11757,6589,8692,tt2250192,259640,45782,,completed,25,0,2026-02-10T13:22:04.337000+00:00,
Sword Art Online II,mal_21881,21881,20594,8174,10376,tt2250192,259640/2,45782,46206,completed,24,0,2026-06-30T11:54:03.493000+00:00,
Sword Art Online II,kitsu_8174,21881,20594,8174,10376,tt2250192,259640,45782,,completed,24,0,2026-06-30T11:54:03.493000+00:00,
Sword Art Online: Extra Edition,mal_20021,20021,20021,7914,10022,tt2250192,259640,45782,45406,watching,0,0,2026-08-07T21:10:41.801157+00:00,
Sword Art Online: Extra Edition,kitsu_7914,20021,20021,7914,10022,tt2250192,259640,45782,,watching,0,0,2026-01-23T11:53:07.653000+00:00,
Ta ga Tame no Alchemist,mal_37262,37262,107864,41761,13784,tt9715318,,597419,763237,completed,1,0,2026-07-05T13:45:10+00:00,
Ta ga Tame no Alchemist,kitsu_41761,37262,107864,41761,13784,tt9715318,,[597419],763237,completed,1,0,2026-01-23T11:53:13.384000+00:00,
Takopii no Genzai,mal_60489,60489,185407,49392,19038,tt36988358,457645,284445,2656626,plantowatch,0,0,2026-08-07T21:10:41.801884+00:00,
Takopii no Genzai,kitsu_49392,60489,185407,49392,19038,tt36988358,457645,284445,,plantowatch,0,0,2026-06-30T12:00:29.240000+00:00,
Tate no Yuusha no Nariagari,mal_35790,35790,99263,13593,13246,tt9529546,353712,83095,695799,completed,25,0,2026-08-07T18:35:38+00:00,
Tate no Yuusha no Nariagari,kitsu_13593,35790,99263,13593,13246,tt9529546,353712,83095,,watching,22,0,2025-02-15T18:43:10.160000+00:00,
Tate no Yuusha no Nariagari Season 3,mal_40357,40357,111322,42531,15071,tt9529546,353712,83095,1160301,completed,12,0,2026-08-07T18:35:49+00:00,
Tate no Yuusha no Nariagari Season 3,kitsu_42531,40357,111322,42531,15071,tt9529546,353712,83095,,watching,1,0,2025-02-15T18:43:06.666000+00:00,
Tatoeba Last Dungeon Mae no Mura no Shounen ga Joban no Machi de Kurasu Youna Monogatari,mal_40594,40594,112649,42635,15215,tt12898990,386933,100825,1191679,watching,12,0,2026-07-05T13:37:50+00:00,
Tatoeba Last Dungeon Mae no Mura no Shounen ga Joban no Machi de Kurasu Youna Monogatari,kitsu_42635,40594,112649,42635,15215,tt12898990,386933,100825,,watching,12,0,2026-01-24T22:38:57.578000+00:00,
Teen Titans,kitsu_7928,,,7928,,,,,,completed,65,0,2018-03-01T05:14:10.332000+00:00,
Tekken: Bloodline,mal_51347,51347,153906,45985,17578,tt19875850,418001,195530,1980740,completed,6,0,2026-06-30T12:11:38.845000+00:00,
Tekken: Bloodline,kitsu_45985,51347,153906,45985,17578,tt19875850,418001,195530,,completed,6,0,2026-06-30T12:11:38.845000+00:00,
Tengen Toppa Gurren Lagann,mal_2001,2001,2001,1801,4575,tt0948103,80096,21729,39552,plantowatch,27,8,2026-07-21T10:00:19+00:00,
Tengen Toppa Gurren Lagann,kitsu_1801,2001,2001,1801,4575,tt0948103,80096,21729,,completed,27,0,2025-02-15T18:43:47.902000+00:00,
Tengoku Daimakyou,mal_53393,53393,155783,46641,17671,tt22817632,426165,208891,2014822,completed,13,0,2025-03-02T19:26:49+00:00,
Tengoku Daimakyou,kitsu_46641,53393,155783,46641,17671,tt22817632,426165,208891,,completed,13,0,2025-02-15T18:43:47.966000+00:00,
Tenkuu no Shiro Laputa,mal_513,513,513,472,331,tt0092067,,10515,41683,completed,1,0,2026-07-21T10:00:28+00:00,
Tenkuu no Shiro Laputa,kitsu_472,513,513,472,331,tt0092067,,[10515],41683,completed,1,0,2025-02-15T18:42:59.464000+00:00,
Tenkuu Shinpan,mal_43690,43690,125428,43703,15811,tt13352232,391006,112163,1465463,plantowatch,0,0,2026-08-07T21:10:41.801528+00:00,
Tenkuu Shinpan,kitsu_43703,43690,125428,43703,15811,tt13352232,391006,112163,,plantowatch,0,0,2023-08-21T19:50:09.606000+00:00,
"Tensei Kenja no Isekai Life: Dai-2 no Shokugyou wo Ete, Sekai Saikyou ni Narimashita",kitsu_44015,47163,129192,44015,16030,tt15441076,402637,117889,,watching,12,0,2026-01-24T22:39:05.777000+00:00,
"Tensei Kenja no Isekai Life: Daini no Shokugyou wo Ete, Sekai Saikyou ni Narimashita",mal_47163,47163,129192,44015,16030,tt15441076,402637,117889,1536157,watching,12,0,2026-07-05T13:37:58+00:00,
Tensei Kizoku no Isekai Boukenroku: Jichou wo Shiranai Kamigami no Shito,mal_52608,52608,153332,46307,17552,tt27404658,423094,207493,1967682,completed,12,0,2026-07-06T10:21:27+00:00,
"Tensei Kizoku, Kantei Skill de Nariagaru",mal_55265,55265,164702,47481,18026,tt31975847,434704,237150,2160736,completed,12,6,2026-06-30T11:55:37.515000+00:00,
"Tensei Kizoku, Kantei Skill de Nariagaru",kitsu_47481,55265,164702,47481,18026,tt31975847,434704,237150,,completed,12,0,2026-06-30T11:55:37.515000+00:00,
"Tensei Kizoku, Kantei Skill de Nariagaru 2nd Season",mal_59131,59131,178434,48979,18707,tt31975847,434704,237150,2498878,completed,12,0,2025-03-02T19:27:07+00:00,
"Tensei Kizoku, Kantei Skill de Nariagaru 2nd Season",kitsu_48979,59131,178434,48979,18707,tt31975847,434704,237150,,completed,12,0,2025-02-15T18:43:05.683000+00:00,
"Tensei Shita Daiseijo wa, Seijo de Aru Koto o Hitakakusu",mal_61153,61153,187402,,19201,tt38939893,461059,285899,2733174,plantowatch,0,0,2026-08-07T21:10:41.801900+00:00,
"Tensei Shitara Dai Nana Ouji Dattanode, Kimamani Majutsu wo Kiwamemasu",mal_53516,53516,156415,46704,17702,tt31624309,426834,213830,2028052,watching,12,0,2026-01-24T22:40:11.921000+00:00,
"Tensei shitara Dainana Ouji Datta node, Kimama ni Majutsu wo Kiwamemasu",kitsu_46704,53516,156415,46704,17702,tt31624309,426834,213830,,watching,12,0,2026-01-24T22:40:11.921000+00:00,
"Tensei shitara Dainana Ouji Datta node, Kimama ni Majutsu wo Kiwamemasu 2nd Season",mal_59095,59095,178090,48968,18694,tt31624309,426834,213830,2494340,completed,12,0,2026-07-21T18:20:16+00:00,
"Tensei shitara Dainana Ouji Datta node, Kimama ni Majutsu wo Kiwamemasu 2nd Season",kitsu_48968,59095,178090,48968,18694,tt31624309,426834,213830,,watching,6,0,2026-01-23T11:53:07.812000+00:00,
Tensei shitara Dragon no Tamago datta,mal_61207,61207,187941,50466,19217,tt38940229,461466,285291,2735132,completed,12,0,2026-07-06T13:45:28+00:00,
Tensei shitara Dragon no Tamago datta,kitsu_50466,61207,187941,50466,19217,tt38940229,461466,285291,,watching,11,0,2026-06-30T11:49:55.599000+00:00,
Tensei Shitara Ken Deshita,mal_49891,49891,139587,45242,16785,tt15483602,410378,134667,1736387,plantowatch,0,0,2026-08-07T21:10:41.801619+00:00,
Tensei shitara Ken deshita,kitsu_45242,49891,139587,45242,16785,tt15483602,410378,134667,,plantowatch,0,0,2024-11-25T09:28:07.667000+00:00,
Tensei Shitara Slime Datta Ken,mal_37430,37430,101280,41024,13871,tt9054364,352408,82684,777867,completed,24,0,2026-07-05T13:37:44+00:00,
Tensei Shitara Slime Datta Ken,mal_59970,59970,182205,49235,18884,tt9054364,352408,82684,2969868,watching,17,0,2026-08-07T16:33:55+00:00,
Tensei shitara Slime Datta Ken,kitsu_41024,37430,101280,41024,13871,tt9054364,352408,82684,,completed,24,0,2025-02-15T18:43:00.691000+00:00,
Tensei shitara Slime Datta Ken 2nd Season,mal_39551,39551,108511,42196,14767,tt9054364,352408,82684,1060335,completed,12,0,2026-07-02T01:15:14+00:00,
Tensei shitara Slime Datta Ken 2nd Season,kitsu_42196,39551,108511,42196,14767,tt9054364,352408,82684,,completed,12,0,2026-01-23T11:53:33.598000+00:00,
Tensei Shitara Slime Datta Ken 2nd Season Part 2,mal_41487,41487,116742,43361,15456,tt9054364,352408,82684,1301569,completed,12,0,2026-06-30T12:10:42.104000+00:00,
Tensei shitara Slime Datta Ken 2nd Season Part 2,kitsu_43361,41487,116742,43361,15456,tt9054364,352408,82684,,completed,12,0,2026-06-30T12:10:42.104000+00:00,
Tensei Shitara Slime Datta Ken 3rd Season,mal_53580,53580,156822,46729,17709,tt9054364,352408,82684,2031512,completed,24,0,2026-07-02T01:15:18+00:00,
Tensei shitara Slime Datta Ken 3rd Season,kitsu_46729,53580,156822,46729,17709,tt9054364,352408,82684,,completed,24,0,2025-02-15T18:43:48.146000+00:00,
Tensei shitara Slime Datta Ken 4th Season,kitsu_49235,59970,182205,49235,18884,tt9054364,352408,82684,,watching,13,0,2026-07-05T13:26:42.836000+00:00,
Tensei shitara Slime Datta Ken Movie 2: Soukai no Namida-hen,kitsu_49236,59971,182206,49236,18885,tt38650409,,[1363974],2704960,plantowatch,0,0,2026-01-24T22:34:18.472000+00:00,
Tensei shitara Slime Datta Ken OVA,mal_38793,38793,106509,42022,14526,tt9054364,352408,82684,984455,watching,5,0,2026-01-24T22:38:28.121000+00:00,
Tensei shitara Slime Datta Ken OVA,kitsu_42022,38793,106509,42022,14526,tt9054364,352408,82684,,watching,5,0,2026-01-24T22:38:28.121000+00:00,
Tensei Shitara Slime Datta Ken: Tensura Nikki,mal_41488,41488,116741,43089,15457,tt14408130,385374,118541,1301571,completed,12,0,2026-07-06T13:45:23+00:00,
Tenshi no Tamago,mal_885,885,885,785,318,tt0208502,,15916,37100,plantowatch,0,0,2026-08-07T21:10:41.800928+00:00,
Tenshi no Tamago,kitsu_785,885,885,785,318,tt0208502,,[15916],37100,plantowatch,0,0,2026-01-23T11:11:58.378000+00:00,
Tensura Nikki: Tensei shitara Slime Datta Ken,kitsu_43089,41488,116741,43089,15457,tt14408130,385374,118541,,watching,10,0,2025-02-15T18:43:14.614000+00:00,
Teogonia,mal_58614,58614,176702,48702,18583,tt32514593,448537,256109,2424538,completed,12,0,2026-07-21T18:20:14+00:00,
Teogonia,kitsu_48702,58614,176702,48702,18583,tt32514593,448537,256109,,watching,2,0,2026-01-23T11:53:07.910000+00:00,
Terminator 0,mal_59390,59390,177814,48225,18275,tt14153236,442145,239287,2547958,watching,8,10,2026-06-13T07:40:32+00:00,
Terminator 0,kitsu_48225,59390,177814,48225,18275,tt14153236,442145,239287,,watching,8,0,2026-01-24T22:41:49.807000+00:00,
The Bloody Mary,kitsu_50663,63939,,50663,,,,,,plantowatch,0,0,2026-06-30T12:02:05.262000+00:00,
The Bloody Mary,mal_63939,63939,,50663,,,,,,plantowatch,0,0,2026-06-30T12:02:05.262000+00:00,arm
The God of High School,mal_41353,41353,116006,43018,15408,tt12227418,378556,99778,1271793,plantowatch,0,0,2026-08-07T21:10:41.801484+00:00,
The God of High School,kitsu_43018,41353,116006,43018,15408,tt12227418,378556,99778,,plantowatch,0,0,2026-06-30T11:57:22.459000+00:00,
The Legend of Korra Book 3: Change,kitsu_8077,,,8077,,,,,,completed,13,0,2018-03-01T05:10:56.520000+00:00,
The Legend of Korra Book 4: Balance,kitsu_8706,,,8706,,,,,,completed,13,0,2018-03-01T05:12:09.461000+00:00,
THE NEW GATE,mal_57100,57100,170890,48214,18270,tt31146105,442045,239161,2292952,completed,12,0,2025-03-02T19:27:00+00:00,
The New Gate,kitsu_48214,57100,170890,48214,18270,tt31146105,442045,239161,,completed,12,0,2025-02-15T18:43:48.197000+00:00,
Tian Guan Ci Fu,mal_40730,40730,113260,42865,15648,tt13375866,388672,112398,1467251,watching,11,0,2026-07-05T13:37:55+00:00,
Tian Guan Ci Fu Special,mal_44070,44070,126356,43793,,,,,,watching,0,0,2026-06-30T12:10:57.575000+00:00,arm
Tian Guan Cifu,kitsu_42865,40730,113260,42865,15648,tt13375866,388672,112398,,watching,11,0,2026-06-30T11:54:44.394000+00:00,
Tian Guan Cifu Di Er Ji,mal_50399,50399,127976,45488,18218,tt13375866,388672,112398,2275080,watching,0,0,2026-08-07T21:10:41.801767+00:00,
Tian Guan Cifu Er,kitsu_45488,50399,127976,45488,18218,tt13375866,388672,112398,,watching,0,0,2026-06-30T11:43:17.857000+00:00,
Tian Guan Cifu Special,kitsu_43793,44070,126356,43793,,,,,,watching,0,0,2026-06-30T12:10:57.575000+00:00,
Toaru Kagaku no Railgun,mal_6213,6213,6213,4478,6460,tt1515996,114921,30977,38596,plantowatch,0,0,2026-08-07T21:10:41.801001+00:00,
Toaru Kagaku no Railgun,kitsu_4478,6213,6213,4478,6460,tt1515996,114921,30977,,plantowatch,0,0,2026-06-30T11:52:54.093000+00:00,
Toaru Majutsu no Index,mal_4654,4654,4654,3725,5975,tt1308089,83322,30980,41428,plantowatch,0,0,2026-08-07T21:10:41.801128+00:00,
Toaru Majutsu no Index,kitsu_3725,4654,4654,3725,5975,tt1308089,83322,30980,,plantowatch,0,0,2023-08-06T07:02:04.967000+00:00,
Toaru Ossan no VRMMO Katsudouki,mal_54431,54431,161364,47077,17860,tt28769801,430925,229610,2093236,completed,12,0,2026-07-05T13:24:56+00:00,
Toaru Ossan no VRMMO Katsudouki,kitsu_47077,54431,161364,47077,17860,tt28769801,430925,229610,,completed,12,0,2025-02-15T18:43:03.842000+00:00,
Tokyo Ghoul,mal_22319,22319,20605,8271,10401,tt3741634,281249,61374,46740,completed,12,0,2026-08-14T11:46:39.963000+00:00,
Tokyo Ghoul,kitsu_8271,22319,20605,8271,10401,tt3741634,281249,61374,,plantowatch,12,0,2026-06-30T11:38:12.519000+00:00,
Tokyo Ghoul Root A,mal_27899,27899,20850,9135,10875,tt3741634,281249,61374,426236,plantowatch,0,0,2026-08-07T21:10:41.801207+00:00,
Tokyo Ghoul √A,kitsu_9135,27899,20850,9135,10875,tt3741634,281249,61374,,plantowatch,0,0,2026-01-23T11:23:39.618000+00:00,
"Tokyo Ghoul: ""Jack""",kitsu_10789,30458,21132,10789,,,,,,plantowatch,0,0,2026-01-23T11:23:52.043000+00:00,
Tokyo Ghoul:re,mal_36511,36511,100240,13929,13499,tt3741634,281249/3,61374,725373,completed,12,0,2026-08-14T11:46:40.533000+00:00,
Tokyo Ghoul:Re,mal_37799,37799,102351,41359,14059,tt3741634,281249,61374,812189,plantowatch,0,0,2026-08-07T21:10:41.801385+00:00,
Tokyo Ghoul:re,kitsu_13929,36511,100240,13929,13499,tt3741634,281249,61374,,plantowatch,12,0,2026-01-24T22:34:17.033000+00:00,
Tokyo Ghoul:re 2nd Season,kitsu_41359,37799,102351,41359,14059,tt3741634,281249,61374,,plantowatch,0,0,2026-01-23T11:25:43.935000+00:00,
Tomodachi Game,mal_50273,50273,141014,45401,16948,tt15830678,412031,137718,1766471,plantowatch,0,0,2026-08-07T21:10:41.801627+00:00,
Tomodachi Game,kitsu_45401,50273,141014,45401,16948,tt15830678,412031,137718,,plantowatch,0,0,2026-01-23T11:29:21.031000+00:00,
Tonari no Totoro,mal_523,523,523,482,303,tt0096283,,[8392],41612,completed,1,0,2026-07-21T10:00:28+00:00,
Tonari no Totoro,kitsu_482,523,523,482,303,tt0096283,,[8392],41612,completed,1,0,2025-02-15T18:42:59.495000+00:00,
Tondemo Skill de Isekai Hourou Meshi,mal_53446,53446,156067,46676,17689,tt24229160,426572,213402,2023592,completed,12,0,2025-03-02T19:26:50+00:00,
Tondemo Skill de Isekai Hourou Meshi,kitsu_46676,53446,156067,46676,17689,tt24229160,426572,213402,,completed,12,0,2025-02-15T18:43:02.607000+00:00,
Tondemo Skill de Isekai Hourou Meshi 2,kitsu_48190,57025,170577,48190,18257,tt24229160,426572,213402,,plantowatch,3,0,2026-01-23T11:53:41.811000+00:00,
Tondemo Skill de Isekai Hourou Meshi 2nd Season,mal_57025,57025,170577,48190,18257,tt24229160,426572,213402,2278842,plantowatch,3,0,2026-01-23T11:53:41.811000+00:00,
Tongari Boushi no Atelier,mal_51553,51553,147105,46043,17305,tt32550889,418666,196950,1885096,plantowatch,11,0,2026-06-30T11:55:12.827000+00:00,
Tongari Boushi no Atelier,kitsu_46043,51553,147105,46043,17305,tt32550889,418666,196950,,plantowatch,11,0,2026-06-30T11:55:12.827000+00:00,
Tougen Anki,mal_58811,58811,177474,48834,18615,tt32344704,449843,253811,2458046,plantowatch,0,0,2026-08-07T21:10:41.801814+00:00,
Tougen Anki,kitsu_48834,58811,177474,48834,18615,tt32344704,449843,253811,,plantowatch,0,0,2026-01-23T11:34:28.323000+00:00,
Towa no Yuugure,mal_61917,61917,195153,50008,19415,tt37532634,465214,294867,2823826,watching,12,0,2026-08-07T18:36:38+00:00,
Towa no Yuugure,kitsu_50008,61917,195153,50008,19415,tt37532634,465214,294867,,watching,4,0,2026-01-23T11:53:39.444000+00:00,
Trigun,mal_6,6,6,3,53,tt0251439,77680,26453,40856,completed,26,7,2026-08-14T11:46:42.046000+00:00,
Trigun,kitsu_3,6,6,3,53,tt0251439,77680,26453,,plantowatch,0,0,2026-01-23T11:09:55.316000+00:00,
Trigun Stampede,mal_52093,52093,151040,46183,17464,tt21216104,421378,204266,1933938,plantowatch,0,0,2026-08-07T21:10:41.801669+00:00,
Trigun Stampede,kitsu_46183,52093,151040,46183,17464,tt21216104,421378,204266,,plantowatch,0,0,2026-01-23T11:31:00.665000+00:00,
Trigun Stargaze,mal_54863,54863,163144,47243,17953,tt21216104,421378,204266,2125712,plantowatch,0,0,2026-08-07T21:10:41.801738+00:00,
Trigun Stargaze,kitsu_47243,54863,163144,47243,17953,tt21216104,421378,204266,,plantowatch,0,0,2026-01-23T11:32:04.972000+00:00,
Trigun: Badlands Rumble,mal_4106,4106,4106,3470,7208,tt1703049,77680,26453,38761,plantowatch,0,0,2026-08-07T21:10:41.801011+00:00,
Trigun: Badlands Rumble,kitsu_3470,4106,4106,3470,7208,tt1703049,77680,26453,,plantowatch,0,0,2026-01-23T11:12:10.985000+00:00,
Tsue to Tsurugi no Wistoria,mal_58059,58059,174576,48534,18482,tt31889371,445829,245842,2370266,completed,12,0,2026-08-07T18:36:26+00:00,
Tsue to Tsurugi no Wistoria,kitsu_48534,58059,174576,48534,18482,tt31889371,445829,245842,,watching,10,0,2025-02-15T18:43:15.305000+00:00,
Tsue to Tsurugi no Wistoria Season 2,mal_59983,59983,182300,49241,18889,tt31889371,445829,245842,2595998,plantowatch,2,0,2026-07-03T04:20:27+00:00,
Tsue to Tsurugi no Wistoria Season 2,kitsu_49241,59983,182300,49241,18889,tt31889371,445829,245842,,plantowatch,2,0,2026-06-30T11:56:32.999000+00:00,
Tsuihou Sareta Tensei Juukishi wa Game Chishiki de Musou Suru,mal_59741,59741,180136,49183,18854,tt33334216,453028,270603,2573730,plantowatch,3,0,2026-07-24T14:17:57+00:00,
Tsuihou sareta Tensei Juukishi wa Game Chishiki de Musou suru,kitsu_49183,59741,180136,49183,18854,tt33334216,453028,270603,,plantowatch,0,0,2026-01-23T11:53:42.272000+00:00,
Tsuihou Sareta Tensei Juukishi wa Game Sashiki de Musou Suru,anilist_180136,59741,180136,49183,18854,tt33334216,453028,270603,,plantowatch,0,0,2026-01-23T11:53:42.272000+00:00,
Tsuihousha Shokudou e Youkoso!,mal_60523,60523,185544,49407,19054,tt36600399,457843,286723,2661532,plantowatch,0,0,2026-08-07T21:10:41.801886+00:00,
Tsuihousha Shokudou e Youkoso!,kitsu_49407,60523,185544,49407,19054,tt36600399,457843,286723,,plantowatch,0,0,2026-01-23T11:37:33.573000+00:00,
Tsuki ga Michibiku Isekai Douchuu,mal_43523,43523,125206,44297,15795,tt13311344,390832,111819,1458681,completed,12,0,2026-07-05T13:37:55+00:00,
Tsuki ga Michibiku Isekai Douchuu,kitsu_44297,43523,125206,44297,15795,tt13311344,390832,111819,,completed,12,0,2025-02-15T18:43:01.385000+00:00,
Tsuki ga Michibiku Isekai Douchuu 2nd Season,mal_49889,49889,139518,45235,16786,tt13311344,390832,111819,1736389,completed,25,0,2026-07-05T13:38:03+00:00,
Tsuki ga Michibiku Isekai Douchuu 2nd Season,kitsu_45235,49889,139518,45235,16786,tt13311344,390832,111819,,completed,25,0,2026-01-23T11:53:32.107000+00:00,
Tsuyokute New Saga,mal_53397,53397,155838,46648,17672,tt33050376,426199,212766,2015534,plantowatch,7,0,2026-07-03T04:20:25+00:00,
Tsuyokute New Saga,kitsu_46648,53397,155838,46648,17672,tt33050376,426199,212766,,plantowatch,7,0,2026-01-23T11:53:42.165000+00:00,
Ulysses: Jeanne d'Arc to Renkin no Kishi,mal_36510,36510,100432,13994,13498,tt8800144,351049,82737,725371,completed,12,0,2026-08-07T18:35:38+00:00,
Ulysses: Jehanne Darc to Renkin no Kishi,kitsu_13994,36510,100432,13994,13498,tt8800144,351049,82737,,watching,2,0,2026-01-23T10:09:30.473000+00:00,
Undead Girl Murder Farce,mal_54790,54790,162983,47226,17924,tt27206542,432748,222785,2125438,plantowatch,1,0,2026-07-03T04:20:25+00:00,
Undead Girl Murder Farce,kitsu_47226,54790,162983,47226,17924,tt27206542,432748,222785,,plantowatch,1,0,2026-01-24T22:40:40.449000+00:00,
Undead Unluck,mal_52741,52741,154116,46415,17586,tt21927720,423030,209077,1980742,completed,24,0,2026-08-07T18:36:13+00:00,
Undead Unluck,kitsu_46415,52741,154116,46415,17586,tt21927720,423030,209077,,watching,2,0,2025-02-15T18:43:16.025000+00:00,
Utawarerumono,mal_856,856,856,758,3427,tt0978215,79880,46412,41554,plantowatch,0,0,2026-08-07T21:10:41.801130+00:00,
Utawarerumono,kitsu_758,856,856,758,3427,tt0978215,79880,46412,,plantowatch,0,0,2026-06-30T11:51:46.713000+00:00,
Utawarerumono: Futari no Hakuoro,mal_40590,40590,112640,42641,15206,tt0978215,79880,46412,1191667,plantowatch,0,0,2026-08-07T21:10:41.801457+00:00,
Utawarerumono: Futari no Hakuoro,kitsu_42641,40590,112640,42641,15206,tt0978215,79880,46412,,plantowatch,0,0,2026-07-05T13:28:58.045000+00:00,
Uzumaki,mal_40333,40333,111314,42525,15063,tt10905902,369026,93241,1159281,completed,4,0,2026-07-05T13:37:49+00:00,
Uzumaki,kitsu_42525,40333,111314,42525,15063,tt10905902,369026,93241,,completed,4,0,2025-02-15T18:43:04.927000+00:00,
Vampire Knight,mal_3457,3457,3457,7753,5586,tt1209393,81816,17149,38315,plantowatch,0,0,2026-08-07T21:10:41.800978+00:00,
Vampire Knight,kitsu_7753,3457,3457,7753,5586,tt1209393,81816,17149,,plantowatch,0,0,2026-06-30T11:34:56.983000+00:00,
Vinland Saga,mal_37521,37521,101348,41084,13945,tt10233448,359274,88803,784557,completed,24,0,2026-07-13T13:55:03+00:00,
Vinland Saga,kitsu_41084,37521,101348,41084,13945,tt10233448,359274,88803,,watching,1,0,2026-06-30T11:40:17.038000+00:00,
Vinland Saga Season 2,mal_49387,49387,136430,44875,16426,tt10233448,359274,88803,1681241,plantowatch,24,0,2026-07-07T12:30:03+00:00,
Vivy: Fluorite Eye's Song,mal_46095,46095,128546,43933,15988,tt13851958,397774,116725,1523507,plantowatch,0,0,2026-08-07T21:10:41.801555+00:00,
Vivy: Fluorite Eye's Song,kitsu_43933,46095,128546,43933,15988,tt13851958,397774,116725,,plantowatch,0,0,2026-06-30T11:42:09.465000+00:00,
Wangan Midnight,mal_2608,2608,2608,2372,5088,tt3385730,81658,30146,37615,watching,0,0,2026-08-07T21:10:41.800954+00:00,
Wangan Midnight,kitsu_2372,2608,2608,2372,5088,tt3385730,81658,30146,,watching,0,0,2026-07-05T13:21:55.295000+00:00,
"Watashi o Tabetai, Hitodenashi",mal_60168,60168,183385,49931,18942,tt35936938,455749,274810,2614668,watching,13,0,2026-08-07T18:36:34+00:00,
"Watashi wo Tabetai, Hitodenashi",kitsu_49931,60168,183385,49931,18942,tt35936938,455749,274810,,watching,2,0,2026-01-23T11:53:39.255000+00:00,
"Watashi, Nouryoku wa Heikinchi de tte Itta yo ne!",mal_37393,37393,101227,42423,13844,tt10882992,368861,91547,772155,watching,12,0,2026-07-05T13:37:44+00:00,
"Watashi, Nouryoku wa Heikinchi de tte Itta yo ne!",kitsu_42423,37393,101227,42423,13844,tt10882992,368861,91547,,watching,12,0,2026-01-24T22:38:19.786000+00:00,
World Trigger,mal_24405,24405,20729,8631,10657,tt3950102,283934,61628,51020,plantowatch,0,0,2026-08-07T21:10:41.801196+00:00,
World Trigger,kitsu_8631,24405,20729,8631,10657,tt3950102,283934,61628,,plantowatch,0,0,2023-08-06T07:06:18.054000+00:00,
Xian Ni,mal_55809,55809,137653,48036,18237,,,,2275520,dropped,1,0,2026-06-30T11:45:19.645000+00:00,
Xian Ni,kitsu_48036,55809,137653,48036,18237,,,,2275520,dropped,1,0,2026-06-30T11:45:19.645000+00:00,
Xian Wang De Richang Shenghuo,mal_41094,41094,114121,43014,14718,tt11755260,376751,98123,1258030,completed,15,0,2026-07-05T13:37:52+00:00,
Xian Wang de Richang Shenghuo,kitsu_43014,41094,114121,43014,14718,tt11755260,376751,98123,,completed,15,0,2025-02-15T18:43:48.402000+00:00,
Xian Wang De Richang Shenghuo 2,mal_44069,44069,126357,43795,16359,tt11755260,376751,98123,1777664,completed,12,0,2026-07-05T13:38:03+00:00,
Xian Wang de Richang Shenghuo 2,kitsu_43795,44069,126357,43795,16359,tt11755260,376751,98123,,completed,12,0,2025-02-15T18:43:04.682000+00:00,
Xian Wang de Richang Shenghuo 3,mal_50404,50404,141852,45524,17125,tt11755260,376751,98123,2003644,completed,12,0,2026-01-26T14:07:11+00:00,
Xian Wang de Richang Shenghuo 3,kitsu_45524,50404,141852,45524,17125,tt11755260,376751,98123,,completed,12,0,2026-01-23T11:53:33.840000+00:00,
Xian Wang de Richang Shenghuo 4,mal_53450,53450,156110,48349,18217,tt11755260,376751,98123,2327198,completed,12,0,2026-01-26T14:07:19+00:00,
Xian Wang de Richang Shenghuo 4,kitsu_48349,53450,156110,48349,18217,tt11755260,376751,98123,,completed,12,0,2026-01-23T11:53:33.922000+00:00,
Xian Wang de Richang Shenghuo 5,mal_60560,60560,185857,50106,19691,tt11755260,376751,98123,2965274,completed,12,0,2026-08-14T11:46:48.976000+00:00,
Xian Wang de Richang Shenghuo 5,kitsu_50106,60560,185857,50106,19691,tt11755260,376751,98123,,watching,12,0,2026-01-24T22:42:14.084000+00:00,
Ya She,mal_49573,49573,137663,46643,16582,,,,1721829,plantowatch,0,0,2026-08-07T21:10:41.801614+00:00,
Ya She,kitsu_46643,49573,137663,46643,16582,,,,1721829,plantowatch,0,0,2026-01-23T11:28:52.591000+00:00,
Yakitori,mal_54851,54851,163138,47268,17942,,,,2125694,plantowatch,0,0,2026-08-07T21:10:41.801735+00:00,
Yakitori,kitsu_47268,54851,163138,47268,17942,,,,2125694,plantowatch,0,0,2023-08-18T22:50:21.577000+00:00,
Yakusoku no Neverland,mal_37779,37779,101759,41312,14051,tt8788458,348002,83097,810687,completed,12,0,2026-08-07T18:35:43+00:00,
Yakusoku no Neverland,kitsu_41312,37779,101759,41312,14051,tt8788458,348002,83097,,watching,11,0,2025-02-15T18:43:10.556000+00:00,
Yarinaoshi Reijou wa Ryuutei Heika wo Kouryakuchuu,mal_55150,55150,164299,47375,18013,tt32524882,434310,244624,2152500,completed,12,1,2026-07-21T18:20:11+00:00,
Yarinaoshi Reijou wa Ryuutei Heika wo Kouryakuchuu,kitsu_47375,55150,164299,47375,18013,tt32524882,434310,244624,,watching,3,0,2025-02-15T18:43:39.849000+00:00,
Yasei no Last Boss ga Arawareta!,mal_59644,59644,180523,49147,18831,tt33258199,453694,280042,2554952,completed,12,0,2026-08-14T11:46:50.177000+00:00,
Yasei no Last Boss ga Arawareta!,kitsu_49147,59644,180523,49147,18831,tt33258199,453694,280042,,watching,12,0,2026-01-24T22:34:15.005000+00:00,
Yomi no Tsugai,mal_62001,62001,195600,50023,19451,tt37532356,452711,260463,2832222,plantowatch,5,0,2026-07-03T04:20:27+00:00,
Yomi no Tsugai,kitsu_50023,62001,195600,50023,19451,tt37532356,452711,260463,,plantowatch,5,0,2026-06-30T11:57:06.891000+00:00,
Youjo Senki,mal_32615,32615,21613,11794,11905,tt6455986,315500,69346,555226,plantowatch,0,0,2026-08-07T21:10:41.801282+00:00,
Youjo Senki,kitsu_11794,32615,21613,11794,11905,tt6455986,315500,69346,,plantowatch,0,0,2024-11-25T09:23:50.756000+00:00,
Youjuu Toshi,mal_1107,1107,1107,992,1040,tt0098692,,[21453],38559,completed,1,7,2026-07-05T13:21:26.556000+00:00,
Youjuu Toshi,kitsu_992,1107,1107,992,1040,tt0098692,,[21453],38559,completed,1,7,2026-07-05T13:21:26.556000+00:00,
Yuu Gi Ou,mal_550,550,550,507,593,tt4834194,113561,36406,40228,watching,27,0,2026-08-07T18:35:21+00:00,
Yuu Gi Ou: Duel Monsters,mal_481,481,481,442,2061,tt0247902,76894,902,37775,plantowatch,0,0,2026-08-07T21:10:41.800960+00:00,
Yuu Gi Ou: The Dark Side of Dimensions,mal_28771,28771,21265,10092,10963,tt4273562,76894,902,445682,plantowatch,0,0,2026-08-07T21:10:41.801228+00:00,
Yuuki Yuuna wa Yuusha de Aru,mal_25519,25519,20800,8638,10750,tt3981902,284263,71493,52768,plantowatch,0,0,2026-08-07T21:10:41.801199+00:00,
Yuuki Yuuna wa Yuusha de Aru,kitsu_8638,25519,20800,8638,10750,tt3981902,284263,71493,,plantowatch,0,0,2026-06-30T11:38:28.595000+00:00,
"Yuusha Party ni Kawaii Ko ga Ita node, Kokuhaku Shite Mita.",mal_61983,61983,195515,50437,19440,tt38037498,465505,295366,2830466,plantowatch,0,0,2026-08-07T21:10:41.801919+00:00,
"Yuusha Party ni Kawaii Ko ga Ita node, Kokuhaku shitemita.",kitsu_50437,61983,195515,50437,19440,tt38037498,465505,295366,,plantowatch,0,0,2026-01-24T22:34:18.444000+00:00,
Yuusha Party o Oidasareta Kiyoubinbou,mal_61128,61128,187264,50423,19190,tt38648925,460903,285166,2729522,watching,12,0,2026-07-09T09:58:29+00:00,manual_override
"Yuusha Party wo Tsuihou Sareta Beast Tamer, Saikyoushu no Nekomimi Shoujo to Deau",mal_52046,52046,150695,46171,17444,tt21345944,421092,203780,1927206,completed,13,0,2025-03-02T19:21:45+00:00,
"Yuusha Party wo Tsuihou sareta Beast Tamer, Saikyoushu no Nekomimi Shoujo to Deau",kitsu_46171,52046,150695,46171,17444,tt21345944,421092,203780,,completed,13,0,2025-02-15T18:43:02.422000+00:00,
"Yuusha Party wo Tsuihou Sareta Shiro Madoushi, S Rank Boukensha ni Hirowareru: Kono Shiro Madoushi ga Kikakugaisugiru",mal_59424,59424,179885,49896,18782,tt36592820,452713,284771,2527126,completed,12,0,2026-08-14T11:46:52.045000+00:00,
"Yuusha Party wo Tsuihou sareta Shiromadoushi, S-Rank Boukensha ni Hirowareru: Kono Shiromadoushi ga Kikakugai Sugiru",kitsu_49896,59424,179885,49896,18782,tt36592820,452713,284771,,watching,12,0,2026-01-24T22:34:14.319000+00:00,
"Yuusha, Yamemasu",mal_50175,50175,140457,45341,16917,tt15723722,411625,136763,1757919,plantowatch,0,0,2026-08-07T21:10:41.801624+00:00,
"Yuusha, Yamemasu",kitsu_45341,50175,140457,45341,16917,tt15723722,411625,136763,,plantowatch,0,0,2026-01-24T22:39:26.280000+00:00,
Yuusha-kei ni Shosu: Choubatsu Yuusha 9004-tai Keimu Kiroku,mal_56009,56009,167152,47759,18124,tt32536168,437266,249907,2211126,completed,12,0,2026-07-21T18:20:12+00:00,
Yuusha-kei ni Shosu: Choubatsu Yuusha 9004-tai Keimu Kiroku,kitsu_47759,56009,167152,47759,18124,tt32536168,437266,249907,,watching,9,0,2026-06-30T11:45:41.238000+00:00,
Yu☆Gi☆Oh!,kitsu_507,550,550,507,593,tt4834194,113561,36406,,watching,1,0,2026-01-23T11:53:39.642000+00:00,
Yu☆Gi☆Oh! Duel Monsters,kitsu_442,481,481,442,2061,tt0247902,76894,902,,plantowatch,0,0,2026-06-30T11:33:28.968000+00:00,
Yu☆Gi☆Oh! The Dark Side of Dimensions,kitsu_10092,28771,21265,10092,10963,tt4273562,76894,902,,plantowatch,0,0,2026-06-30T11:38:49.284000+00:00,
Zanting! Rang Wo Cha Gonglue,mal_50571,50571,141882,46259,17425,tt23055158,420393,139171,1917136,completed,12,0,2026-08-07T18:36:10+00:00,
Zanting! Rang Wo Cha Gonglue,kitsu_46259,50571,141882,46259,17425,tt23055158,420393,139171,,watching,5,0,2025-02-15T18:43:12.892000+00:00,
Zenshuu.,mal_58502,58502,176273,48638,18547,tt31863730,447955,249882,2412610,completed,12,0,2026-08-07T18:36:27+00:00,
Zenshuu.,kitsu_48638,58502,176273,48638,18547,tt31863730,447955,249882,,watching,6,0,2025-02-15T18:43:40.022000+00:00,
Zom 100: Zombie ni Naru made ni Shitai 100 no Koto,mal_54112,54112,159831,46954,17806,tt25811262,429310,217766,2070506,completed,12,0,2026-07-05T13:24:52.757000+00:00,
Zom 100: Zombie ni Naru made ni Shitai 100 no Koto,kitsu_46954,54112,159831,46954,17806,tt25811262,429310,217766,,completed,12,0,2026-07-05T13:24:52.757000+00:00,
Zombie Land Saga,mal_37976,37976,103871,41459,14198,tt9054354,351953,82822,855035,plantowatch,0,0,2026-08-07T21:10:41.801393+00:00,
Zombie Land Saga Revenge,mal_40174,40174,110733,42467,15028,tt9054354,351953,82822,1139463,plantowatch,0,0,2026-08-07T21:10:41.801444+00:00,
Zombieland Saga,kitsu_41459,37976,103871,41459,14198,tt9054354,351953,82822,,plantowatch,0,0,2026-06-30T11:56:46.938000+00:00,
Zombieland Saga Movie: Yumeginga Paradise,mal_50159,50159,140337,45333,16911,tt35658228,,959646,1754475,completed,1,0,2026-07-21T18:20:10+00:00,
Zombieland Saga Movie: Yumeginga Paradise,kitsu_45333,50159,140337,45333,16911,tt35658228,,[959646],1754475,plantowatch,1,0,2026-01-24T22:34:17.287000+00:00,
Zombieland Saga Revenge,kitsu_42467,40174,110733,42467,15028,tt9054354,351953,82822,,plantowatch,0,0,2026-07-05T13:28:49.582000+00:00,
Zuihou De Zhaohuan Shi,mal_41915,41915,114108,46081,15453,tt19893526,419444,102927,1337673,completed,12,0,2026-08-07T18:35:55+00:00,
Zuihou de Zhaohuan Shi,kitsu_46081,41915,114108,46081,15453,tt19893526,419444,102927,,watching,1,0,2025-02-15T18:43:40.099000+00:00,
Übel Blatt,mal_58216,58216,175198,48570,18499,tt32581027,446485,247367,2382554,completed,12,0,2026-07-21T18:20:14+00:00,
Übel Blatt,kitsu_48570,58216,175198,48570,18499,tt32581027,446485,247367,,watching,1,0,2026-07-05T13:25:55.819000+00:00,
