title,canonical_key,mal_id,anilist_id,kitsu_id,anidb_id,imdb_id,missing,reason,existing_ids,suggested_override_key,suggested_override_value
,mal_59841,59841,184694,49220,,,anidb,no anidb mapping yet (too new or not in anizip),"{""anilist"": ""184694"", ""mal"": ""59841"", ""kitsu"": ""49220""}",mal_59841,"{""mal"": 59841, ""anilist"": 184694, ""anidb"": ???}"
,mal_235,235,235,,,,anidb,no anidb mapping yet (too new or not in anizip),"{""anilist"": ""235"", ""mal"": ""235"", ""simkl"": ""41422""}",mal_235,"{""mal"": 235, ""anilist"": 235, ""anidb"": ???}"
,mal_51097,51097,148584,47323,,,anidb,no anidb mapping yet (too new or not in anizip),"{""anilist"": ""148584"", ""mal"": ""51097"", ""kitsu"": ""47323""}",mal_51097,"{""mal"": 51097, ""anilist"": 148584, ""anidb"": ???}"
,mal_61583,61583,191452,,,,anidb,no anidb mapping yet (too new or not in anizip),"{""anilist"": ""191452"", ""mal"": ""61583""}",mal_61583,"{""mal"": 61583, ""anilist"": 191452, ""anidb"": ???}"
,mal_44070,44070,126356,43793,,,anidb,no anidb mapping yet (too new or not in anizip),"{""anilist"": ""126356"", ""mal"": ""44070"", ""kitsu"": ""43793""}",mal_44070,"{""mal"": 44070, ""anilist"": 126356, ""anidb"": ???}"
,mal_52976,52976,155011,46323,,,anidb,no anidb mapping yet (too new or not in anizip),"{""anilist"": ""155011"", ""mal"": ""52976"", ""kitsu"": ""46323""}",mal_52976,"{""mal"": 52976, ""anilist"": 155011, ""anidb"": ???}"
,mal_54945,54945,175646,49777,,,anidb,no anidb mapping yet (too new or not in anizip),"{""anilist"": ""175646"", ""mal"": ""54945"", ""kitsu"": ""49777""}",mal_54945,"{""mal"": 54945, ""anilist"": 175646, ""anidb"": ???}"
,mal_42731,42731,139097,,,,anidb,no anidb mapping yet (too new or not in anizip),"{""anilist"": ""139097"", ""mal"": ""42731""}",mal_42731,"{""mal"": 42731, ""anilist"": 139097, ""anidb"": ???}"
,mal_41075,41075,126169,,,,anidb,no anidb mapping yet (too new or not in anizip),"{""anilist"": ""126169"", ""mal"": ""41075""}",mal_41075,"{""mal"": 41075, ""anilist"": 126169, ""anidb"": ???}"
,mal_55673,55673,148289,,,,anidb,no anidb mapping yet (too new or not in anizip),"{""anilist"": ""148289"", ""mal"": ""55673""}",mal_55673,"{""mal"": 55673, ""anilist"": 148289, ""anidb"": ???}"
,anilist_7508,,7508,,,,"mal,anidb",no anidb mapping yet (too new or not in anizip),"{""simkl"": ""40276"", ""anilist"": ""7508""}",anilist_7508,"{""mal"": ???, ""anilist"": 7508, ""anidb"": ???}"
,kitsu_3936,,,3936,,,"mal,anilist,anidb",isolated - only has kitsu - needs manual pairing,"{""kitsu"": ""3936""}",kitsu_3936,"{""mal"": ???, ""anilist"": ???, ""anidb"": ???}"
,kitsu_11614,,,11614,,,"mal,anilist,anidb",isolated - only has kitsu - needs manual pairing,"{""kitsu"": ""11614""}",kitsu_11614,"{""mal"": ???, ""anilist"": ???, ""anidb"": ???}"
,kitsu_5646,,,5646,,,"mal,anilist,anidb",isolated - only has kitsu - needs manual pairing,"{""kitsu"": ""5646""}",kitsu_5646,"{""mal"": ???, ""anilist"": ???, ""anidb"": ???}"
,kitsu_176,,,176,,,"mal,anilist,anidb",isolated - only has kitsu - needs manual pairing,"{""kitsu"": ""176""}",kitsu_176,"{""mal"": ???, ""anilist"": ???, ""anidb"": ???}"
,kitsu_10028,,,10028,,,"mal,anilist,anidb",isolated - only has kitsu - needs manual pairing,"{""kitsu"": ""10028""}",kitsu_10028,"{""mal"": ???, ""anilist"": ???, ""anidb"": ???}"
,kitsu_10740,,,10740,,,"mal,anilist,anidb",isolated - only has kitsu - needs manual pairing,"{""kitsu"": ""10740""}",kitsu_10740,"{""mal"": ???, ""anilist"": ???, ""anidb"": ???}"
,kitsu_12268,,,12268,,,"mal,anilist,anidb",isolated - only has kitsu - needs manual pairing,"{""kitsu"": ""12268""}",kitsu_12268,"{""mal"": ???, ""anilist"": ???, ""anidb"": ???}"
,kitsu_1,,,1,,,"mal,anilist,anidb",isolated - only has kitsu - needs manual pairing,"{""kitsu"": ""1""}",kitsu_1,"{""mal"": ???, ""anilist"": ???, ""anidb"": ???}"
,kitsu_142,,,142,,,"mal,anilist,anidb",isolated - only has kitsu - needs manual pairing,"{""kitsu"": ""142""}",kitsu_142,"{""mal"": ???, ""anilist"": ???, ""anidb"": ???}"
,kitsu_7926,,,7926,,,"mal,anilist,anidb",isolated - only has kitsu - needs manual pairing,"{""kitsu"": ""7926""}",kitsu_7926,"{""mal"": ???, ""anilist"": ???, ""anidb"": ???}"
,kitsu_3505,,,3505,,,"mal,anilist,anidb",isolated - only has kitsu - needs manual pairing,"{""kitsu"": ""3505""}",kitsu_3505,"{""mal"": ???, ""anilist"": ???, ""anidb"": ???}"
,kitsu_7937,,,7937,,,"mal,anilist,anidb",isolated - only has kitsu - needs manual pairing,"{""kitsu"": ""7937""}",kitsu_7937,"{""mal"": ???, ""anilist"": ???, ""anidb"": ???}"
,kitsu_12566,,,12566,,,"mal,anilist,anidb",isolated - only has kitsu - needs manual pairing,"{""kitsu"": ""12566""}",kitsu_12566,"{""mal"": ???, ""anilist"": ???, ""anidb"": ???}"
,kitsu_7658,,,7658,,,"mal,anilist,anidb",isolated - only has kitsu - needs manual pairing,"{""kitsu"": ""7658""}",kitsu_7658,"{""mal"": ???, ""anilist"": ???, ""anidb"": ???}"
,kitsu_8403,,,8403,,,"mal,anilist,anidb",isolated - only has kitsu - needs manual pairing,"{""kitsu"": ""8403""}",kitsu_8403,"{""mal"": ???, ""anilist"": ???, ""anidb"": ???}"
,kitsu_2634,,,2634,,,"mal,anilist,anidb",isolated - only has kitsu - needs manual pairing,"{""kitsu"": ""2634""}",kitsu_2634,"{""mal"": ???, ""anilist"": ???, ""anidb"": ???}"
,kitsu_5971,,,5971,,,"mal,anilist,anidb",isolated - only has kitsu - needs manual pairing,"{""kitsu"": ""5971""}",kitsu_5971,"{""mal"": ???, ""anilist"": ???, ""anidb"": ???}"
,kitsu_1415,,,1415,,,"mal,anilist,anidb",isolated - only has kitsu - needs manual pairing,"{""kitsu"": ""1415""}",kitsu_1415,"{""mal"": ???, ""anilist"": ???, ""anidb"": ???}"
,kitsu_1801,,,1801,,,"mal,anilist,anidb",isolated - only has kitsu - needs manual pairing,"{""kitsu"": ""1801""}",kitsu_1801,"{""mal"": ???, ""anilist"": ???, ""anidb"": ???}"
,kitsu_395,,,395,,,"mal,anilist,anidb",isolated - only has kitsu - needs manual pairing,"{""kitsu"": ""395""}",kitsu_395,"{""mal"": ???, ""anilist"": ???, ""anidb"": ???}"
,kitsu_7936,,,7936,,,"mal,anilist,anidb",isolated - only has kitsu - needs manual pairing,"{""kitsu"": ""7936""}",kitsu_7936,"{""mal"": ???, ""anilist"": ???, ""anidb"": ???}"
,kitsu_10083,,,10083,,,"mal,anilist,anidb",isolated - only has kitsu - needs manual pairing,"{""kitsu"": ""10083""}",kitsu_10083,"{""mal"": ???, ""anilist"": ???, ""anidb"": ???}"
,kitsu_12325,,,12325,,,"mal,anilist,anidb",isolated - only has kitsu - needs manual pairing,"{""kitsu"": ""12325""}",kitsu_12325,"{""mal"": ???, ""anilist"": ???, ""anidb"": ???}"
,kitsu_7253,,,7253,,,"mal,anilist,anidb",isolated - only has kitsu - needs manual pairing,"{""kitsu"": ""7253""}",kitsu_7253,"{""mal"": ???, ""anilist"": ???, ""anidb"": ???}"
,kitsu_7241,,,7241,,,"mal,anilist,anidb",isolated - only has kitsu - needs manual pairing,"{""kitsu"": ""7241""}",kitsu_7241,"{""mal"": ???, ""anilist"": ???, ""anidb"": ???}"
,kitsu_26,,,26,,,"mal,anilist,anidb",isolated - only has kitsu - needs manual pairing,"{""kitsu"": ""26""}",kitsu_26,"{""mal"": ???, ""anilist"": ???, ""anidb"": ???}"
,kitsu_13273,,,13273,,,"mal,anilist,anidb",isolated - only has kitsu - needs manual pairing,"{""kitsu"": ""13273""}",kitsu_13273,"{""mal"": ???, ""anilist"": ???, ""anidb"": ???}"
,kitsu_6028,,,6028,,,"mal,anilist,anidb",isolated - only has kitsu - needs manual pairing,"{""kitsu"": ""6028""}",kitsu_6028,"{""mal"": ???, ""anilist"": ???, ""anidb"": ???}"
,kitsu_2039,,,2039,,,"mal,anilist,anidb",isolated - only has kitsu - needs manual pairing,"{""kitsu"": ""2039""}",kitsu_2039,"{""mal"": ???, ""anilist"": ???, ""anidb"": ???}"
,kitsu_12553,,,12553,,,"mal,anilist,anidb",isolated - only has kitsu - needs manual pairing,"{""kitsu"": ""12553""}",kitsu_12553,"{""mal"": ???, ""anilist"": ???, ""anidb"": ???}"
,kitsu_818,,,818,,,"mal,anilist,anidb",isolated - only has kitsu - needs manual pairing,"{""kitsu"": ""818""}",kitsu_818,"{""mal"": ???, ""anilist"": ???, ""anidb"": ???}"
,kitsu_11459,,,11459,,,"mal,anilist,anidb",isolated - only has kitsu - needs manual pairing,"{""kitsu"": ""11459""}",kitsu_11459,"{""mal"": ???, ""anilist"": ???, ""anidb"": ???}"
,kitsu_181,,,181,,,"mal,anilist,anidb",isolated - only has kitsu - needs manual pairing,"{""kitsu"": ""181""}",kitsu_181,"{""mal"": ???, ""anilist"": ???, ""anidb"": ???}"
,kitsu_1376,,,1376,,,"mal,anilist,anidb",isolated - only has kitsu - needs manual pairing,"{""kitsu"": ""1376""}",kitsu_1376,"{""mal"": ???, ""anilist"": ???, ""anidb"": ???}"
,kitsu_9967,,,9967,,,"mal,anilist,anidb",isolated - only has kitsu - needs manual pairing,"{""kitsu"": ""9967""}",kitsu_9967,"{""mal"": ???, ""anilist"": ???, ""anidb"": ???}"
,kitsu_6062,,,6062,,,"mal,anilist,anidb",isolated - only has kitsu - needs manual pairing,"{""kitsu"": ""6062""}",kitsu_6062,"{""mal"": ???, ""anilist"": ???, ""anidb"": ???}"
,kitsu_8147,,,8147,,,"mal,anilist,anidb",isolated - only has kitsu - needs manual pairing,"{""kitsu"": ""8147""}",kitsu_8147,"{""mal"": ???, ""anilist"": ???, ""anidb"": ???}"
,kitsu_11612,,,11612,,,"mal,anilist,anidb",isolated - only has kitsu - needs manual pairing,"{""kitsu"": ""11612""}",kitsu_11612,"{""mal"": ???, ""anilist"": ???, ""anidb"": ???}"
,kitsu_11449,,,11449,,,"mal,anilist,anidb",isolated - only has kitsu - needs manual pairing,"{""kitsu"": ""11449""}",kitsu_11449,"{""mal"": ???, ""anilist"": ???, ""anidb"": ???}"
,kitsu_12,,,12,,,"mal,anilist,anidb",isolated - only has kitsu - needs manual pairing,"{""kitsu"": ""12""}",kitsu_12,"{""mal"": ???, ""anilist"": ???, ""anidb"": ???}"
,kitsu_7000,,,7000,,,"mal,anilist,anidb",isolated - only has kitsu - needs manual pairing,"{""kitsu"": ""7000""}",kitsu_7000,"{""mal"": ???, ""anilist"": ???, ""anidb"": ???}"
,kitsu_5853,,,5853,,,"mal,anilist,anidb",isolated - only has kitsu - needs manual pairing,"{""kitsu"": ""5853""}",kitsu_5853,"{""mal"": ???, ""anilist"": ???, ""anidb"": ???}"
,kitsu_6887,,,6887,,,"mal,anilist,anidb",isolated - only has kitsu - needs manual pairing,"{""kitsu"": ""6887""}",kitsu_6887,"{""mal"": ???, ""anilist"": ???, ""anidb"": ???}"
,kitsu_529,,,529,,,"mal,anilist,anidb",isolated - only has kitsu - needs manual pairing,"{""kitsu"": ""529""}",kitsu_529,"{""mal"": ???, ""anilist"": ???, ""anidb"": ???}"
,kitsu_695,,,695,,,"mal,anilist,anidb",isolated - only has kitsu - needs manual pairing,"{""kitsu"": ""695""}",kitsu_695,"{""mal"": ???, ""anilist"": ???, ""anidb"": ???}"
,kitsu_8077,,,8077,,,"mal,anilist,anidb",isolated - only has kitsu - needs manual pairing,"{""kitsu"": ""8077""}",kitsu_8077,"{""mal"": ???, ""anilist"": ???, ""anidb"": ???}"
,kitsu_482,,,482,,,"mal,anilist,anidb",isolated - only has kitsu - needs manual pairing,"{""kitsu"": ""482""}",kitsu_482,"{""mal"": ???, ""anilist"": ???, ""anidb"": ???}"
,kitsu_13658,,,13658,,,"mal,anilist,anidb",isolated - only has kitsu - needs manual pairing,"{""kitsu"": ""13658""}",kitsu_13658,"{""mal"": ???, ""anilist"": ???, ""anidb"": ???}"
,kitsu_23,,,23,,,"mal,anilist,anidb",isolated - only has kitsu - needs manual pairing,"{""kitsu"": ""23""}",kitsu_23,"{""mal"": ???, ""anilist"": ???, ""anidb"": ???}"
,kitsu_3250,,,3250,,,"mal,anilist,anidb",isolated - only has kitsu - needs manual pairing,"{""kitsu"": ""3250""}",kitsu_3250,"{""mal"": ???, ""anilist"": ???, ""anidb"": ???}"
,kitsu_8671,,,8671,,,"mal,anilist,anidb",isolated - only has kitsu - needs manual pairing,"{""kitsu"": ""8671""}",kitsu_8671,"{""mal"": ???, ""anilist"": ???, ""anidb"": ???}"
,kitsu_7158,,,7158,,,"mal,anilist,anidb",isolated - only has kitsu - needs manual pairing,"{""kitsu"": ""7158""}",kitsu_7158,"{""mal"": ???, ""anilist"": ???, ""anidb"": ???}"
,kitsu_7696,,,7696,,,"mal,anilist,anidb",isolated - only has kitsu - needs manual pairing,"{""kitsu"": ""7696""}",kitsu_7696,"{""mal"": ???, ""anilist"": ???, ""anidb"": ???}"
,kitsu_10735,,,10735,,,"mal,anilist,anidb",isolated - only has kitsu - needs manual pairing,"{""kitsu"": ""10735""}",kitsu_10735,"{""mal"": ???, ""anilist"": ???, ""anidb"": ???}"
,kitsu_7442,,,7442,,,"mal,anilist,anidb",isolated - only has kitsu - needs manual pairing,"{""kitsu"": ""7442""}",kitsu_7442,"{""mal"": ???, ""anilist"": ???, ""anidb"": ???}"
,kitsu_8706,,,8706,,,"mal,anilist,anidb",isolated - only has kitsu - needs manual pairing,"{""kitsu"": ""8706""}",kitsu_8706,"{""mal"": ???, ""anilist"": ???, ""anidb"": ???}"
,kitsu_24,,,24,,,"mal,anilist,anidb",isolated - only has kitsu - needs manual pairing,"{""kitsu"": ""24""}",kitsu_24,"{""mal"": ???, ""anilist"": ???, ""anidb"": ???}"
,kitsu_472,,,472,,,"mal,anilist,anidb",isolated - only has kitsu - needs manual pairing,"{""kitsu"": ""472""}",kitsu_472,"{""mal"": ???, ""anilist"": ???, ""anidb"": ???}"
,kitsu_534,,,534,,,"mal,anilist,anidb",isolated - only has kitsu - needs manual pairing,"{""kitsu"": ""534""}",kitsu_534,"{""mal"": ???, ""anilist"": ???, ""anidb"": ???}"
,kitsu_11110,,,11110,,,"mal,anilist,anidb",isolated - only has kitsu - needs manual pairing,"{""kitsu"": ""11110""}",kitsu_11110,"{""mal"": ???, ""anilist"": ???, ""anidb"": ???}"
,kitsu_471,,,471,,,"mal,anilist,anidb",isolated - only has kitsu - needs manual pairing,"{""kitsu"": ""471""}",kitsu_471,"{""mal"": ???, ""anilist"": ???, ""anidb"": ???}"
,kitsu_12633,,,12633,,,"mal,anilist,anidb",isolated - only has kitsu - needs manual pairing,"{""kitsu"": ""12633""}",kitsu_12633,"{""mal"": ???, ""anilist"": ???, ""anidb"": ???}"
,kitsu_7880,,,7880,,,"mal,anilist,anidb",isolated - only has kitsu - needs manual pairing,"{""kitsu"": ""7880""}",kitsu_7880,"{""mal"": ???, ""anilist"": ???, ""anidb"": ???}"
,kitsu_8699,,,8699,,,"mal,anilist,anidb",isolated - only has kitsu - needs manual pairing,"{""kitsu"": ""8699""}",kitsu_8699,"{""mal"": ???, ""anilist"": ???, ""anidb"": ???}"
,kitsu_1363,,,1363,,,"mal,anilist,anidb",isolated - only has kitsu - needs manual pairing,"{""kitsu"": ""1363""}",kitsu_1363,"{""mal"": ???, ""anilist"": ???, ""anidb"": ???}"
,kitsu_100,,,100,,,"mal,anilist,anidb",isolated - only has kitsu - needs manual pairing,"{""kitsu"": ""100""}",kitsu_100,"{""mal"": ???, ""anilist"": ???, ""anidb"": ???}"
,kitsu_4696,,,4696,,,"mal,anilist,anidb",isolated - only has kitsu - needs manual pairing,"{""kitsu"": ""4696""}",kitsu_4696,"{""mal"": ???, ""anilist"": ???, ""anidb"": ???}"
,kitsu_21,,,21,,,"mal,anilist,anidb",isolated - only has kitsu - needs manual pairing,"{""kitsu"": ""21""}",kitsu_21,"{""mal"": ???, ""anilist"": ???, ""anidb"": ???}"
,kitsu_7928,,,7928,,,"mal,anilist,anidb",isolated - only has kitsu - needs manual pairing,"{""kitsu"": ""7928""}",kitsu_7928,"{""mal"": ???, ""anilist"": ???, ""anidb"": ???}"
,kitsu_540,,,540,,,"mal,anilist,anidb",isolated - only has kitsu - needs manual pairing,"{""kitsu"": ""540""}",kitsu_540,"{""mal"": ???, ""anilist"": ???, ""anidb"": ???}"
,kitsu_27,,,27,,,"mal,anilist,anidb",isolated - only has kitsu - needs manual pairing,"{""kitsu"": ""27""}",kitsu_27,"{""mal"": ???, ""anilist"": ???, ""anidb"": ???}"
,kitsu_128,,,128,,,"mal,anilist,anidb",isolated - only has kitsu - needs manual pairing,"{""kitsu"": ""128""}",kitsu_128,"{""mal"": ???, ""anilist"": ???, ""anidb"": ???}"
,kitsu_210,,,210,,,"mal,anilist,anidb",isolated - only has kitsu - needs manual pairing,"{""kitsu"": ""210""}",kitsu_210,"{""mal"": ???, ""anilist"": ???, ""anidb"": ???}"
,kitsu_244,,,244,,,"mal,anilist,anidb",isolated - only has kitsu - needs manual pairing,"{""kitsu"": ""244""}",kitsu_244,"{""mal"": ???, ""anilist"": ???, ""anidb"": ???}"
,kitsu_245,,,245,,,"mal,anilist,anidb",isolated - only has kitsu - needs manual pairing,"{""kitsu"": ""245""}",kitsu_245,"{""mal"": ???, ""anilist"": ???, ""anidb"": ???}"
,kitsu_405,,,405,,,"mal,anilist,anidb",isolated - only has kitsu - needs manual pairing,"{""kitsu"": ""405""}",kitsu_405,"{""mal"": ???, ""anilist"": ???, ""anidb"": ???}"
,kitsu_442,,,442,,,"mal,anilist,anidb",isolated - only has kitsu - needs manual pairing,"{""kitsu"": ""442""}",kitsu_442,"{""mal"": ???, ""anilist"": ???, ""anidb"": ???}"
,kitsu_486,,,486,,,"mal,anilist,anidb",isolated - only has kitsu - needs manual pairing,"{""kitsu"": ""486""}",kitsu_486,"{""mal"": ???, ""anilist"": ???, ""anidb"": ???}"
,kitsu_755,,,755,,,"mal,anilist,anidb",isolated - only has kitsu - needs manual pairing,"{""kitsu"": ""755""}",kitsu_755,"{""mal"": ???, ""anilist"": ???, ""anidb"": ???}"
,kitsu_833,,,833,,,"mal,anilist,anidb",isolated - only has kitsu - needs manual pairing,"{""kitsu"": ""833""}",kitsu_833,"{""mal"": ???, ""anilist"": ???, ""anidb"": ???}"
,kitsu_1555,,,1555,,,"mal,anilist,anidb",isolated - only has kitsu - needs manual pairing,"{""kitsu"": ""1555""}",kitsu_1555,"{""mal"": ???, ""anilist"": ???, ""anidb"": ???}"
,kitsu_1644,,,1644,,,"mal,anilist,anidb",isolated - only has kitsu - needs manual pairing,"{""kitsu"": ""1644""}",kitsu_1644,"{""mal"": ???, ""anilist"": ???, ""anidb"": ???}"
,kitsu_1824,,,1824,,,"mal,anilist,anidb",isolated - only has kitsu - needs manual pairing,"{""kitsu"": ""1824""}",kitsu_1824,"{""mal"": ???, ""anilist"": ???, ""anidb"": ???}"
,kitsu_1941,,,1941,,,"mal,anilist,anidb",isolated - only has kitsu - needs manual pairing,"{""kitsu"": ""1941""}",kitsu_1941,"{""mal"": ???, ""anilist"": ???, ""anidb"": ???}"
,kitsu_2706,,,2706,,,"mal,anilist,anidb",isolated - only has kitsu - needs manual pairing,"{""kitsu"": ""2706""}",kitsu_2706,"{""mal"": ???, ""anilist"": ???, ""anidb"": ???}"
,kitsu_7753,,,7753,,,"mal,anilist,anidb",isolated - only has kitsu - needs manual pairing,"{""kitsu"": ""7753""}",kitsu_7753,"{""mal"": ???, ""anilist"": ???, ""anidb"": ???}"
,kitsu_3117,,,3117,,,"mal,anilist,anidb",isolated - only has kitsu - needs manual pairing,"{""kitsu"": ""3117""}",kitsu_3117,"{""mal"": ???, ""anilist"": ???, ""anidb"": ???}"
,kitsu_3128,,,3128,,,"mal,anilist,anidb",isolated - only has kitsu - needs manual pairing,"{""kitsu"": ""3128""}",kitsu_3128,"{""mal"": ???, ""anilist"": ???, ""anidb"": ???}"
,kitsu_3725,,,3725,,,"mal,anilist,anidb",isolated - only has kitsu - needs manual pairing,"{""kitsu"": ""3725""}",kitsu_3725,"{""mal"": ???, ""anilist"": ???, ""anidb"": ???}"
,kitsu_3840,,,3840,,,"mal,anilist,anidb",isolated - only has kitsu - needs manual pairing,"{""kitsu"": ""3840""}",kitsu_3840,"{""mal"": ???, ""anilist"": ???, ""anidb"": ???}"
,kitsu_3871,,,3871,,,"mal,anilist,anidb",isolated - only has kitsu - needs manual pairing,"{""kitsu"": ""3871""}",kitsu_3871,"{""mal"": ???, ""anilist"": ???, ""anidb"": ???}"
,kitsu_4354,,,4354,,,"mal,anilist,anidb",isolated - only has kitsu - needs manual pairing,"{""kitsu"": ""4354""}",kitsu_4354,"{""mal"": ???, ""anilist"": ???, ""anidb"": ???}"
,kitsu_4363,,,4363,,,"mal,anilist,anidb",isolated - only has kitsu - needs manual pairing,"{""kitsu"": ""4363""}",kitsu_4363,"{""mal"": ???, ""anilist"": ???, ""anidb"": ???}"
,kitsu_4604,,,4604,,,"mal,anilist,anidb",isolated - only has kitsu - needs manual pairing,"{""kitsu"": ""4604""}",kitsu_4604,"{""mal"": ???, ""anilist"": ???, ""anidb"": ???}"
,kitsu_4676,,,4676,,,"mal,anilist,anidb",isolated - only has kitsu - needs manual pairing,"{""kitsu"": ""4676""}",kitsu_4676,"{""mal"": ???, ""anilist"": ???, ""anidb"": ???}"
,kitsu_5187,,,5187,,,"mal,anilist,anidb",isolated - only has kitsu - needs manual pairing,"{""kitsu"": ""5187""}",kitsu_5187,"{""mal"": ???, ""anilist"": ???, ""anidb"": ???}"
,kitsu_5507,,,5507,,,"mal,anilist,anidb",isolated - only has kitsu - needs manual pairing,"{""kitsu"": ""5507""}",kitsu_5507,"{""mal"": ???, ""anilist"": ???, ""anidb"": ???}"
,kitsu_5605,,,5605,,,"mal,anilist,anidb",isolated - only has kitsu - needs manual pairing,"{""kitsu"": ""5605""}",kitsu_5605,"{""mal"": ???, ""anilist"": ???, ""anidb"": ???}"
,kitsu_5940,,,5940,,,"mal,anilist,anidb",isolated - only has kitsu - needs manual pairing,"{""kitsu"": ""5940""}",kitsu_5940,"{""mal"": ???, ""anilist"": ???, ""anidb"": ???}"
,kitsu_7728,,,7728,,,"mal,anilist,anidb",isolated - only has kitsu - needs manual pairing,"{""kitsu"": ""7728""}",kitsu_7728,"{""mal"": ???, ""anilist"": ???, ""anidb"": ???}"
,kitsu_6448,,,6448,,,"mal,anilist,anidb",isolated - only has kitsu - needs manual pairing,"{""kitsu"": ""6448""}",kitsu_6448,"{""mal"": ???, ""anilist"": ???, ""anidb"": ???}"
,kitsu_6462,,,6462,,,"mal,anilist,anidb",isolated - only has kitsu - needs manual pairing,"{""kitsu"": ""6462""}",kitsu_6462,"{""mal"": ???, ""anilist"": ???, ""anidb"": ???}"
,kitsu_6589,,,6589,,,"mal,anilist,anidb",isolated - only has kitsu - needs manual pairing,"{""kitsu"": ""6589""}",kitsu_6589,"{""mal"": ???, ""anilist"": ???, ""anidb"": ???}"
,kitsu_6687,,,6687,,,"mal,anilist,anidb",isolated - only has kitsu - needs manual pairing,"{""kitsu"": ""6687""}",kitsu_6687,"{""mal"": ???, ""anilist"": ???, ""anidb"": ???}"
,kitsu_6953,,,6953,,,"mal,anilist,anidb",isolated - only has kitsu - needs manual pairing,"{""kitsu"": ""6953""}",kitsu_6953,"{""mal"": ???, ""anilist"": ???, ""anidb"": ???}"
,kitsu_7113,,,7113,,,"mal,anilist,anidb",isolated - only has kitsu - needs manual pairing,"{""kitsu"": ""7113""}",kitsu_7113,"{""mal"": ???, ""anilist"": ???, ""anidb"": ???}"
,kitsu_7125,,,7125,,,"mal,anilist,anidb",isolated - only has kitsu - needs manual pairing,"{""kitsu"": ""7125""}",kitsu_7125,"{""mal"": ???, ""anilist"": ???, ""anidb"": ???}"
,kitsu_7129,,,7129,,,"mal,anilist,anidb",isolated - only has kitsu - needs manual pairing,"{""kitsu"": ""7129""}",kitsu_7129,"{""mal"": ???, ""anilist"": ???, ""anidb"": ???}"
,kitsu_7182,,,7182,,,"mal,anilist,anidb",isolated - only has kitsu - needs manual pairing,"{""kitsu"": ""7182""}",kitsu_7182,"{""mal"": ???, ""anilist"": ???, ""anidb"": ???}"
,kitsu_7602,,,7602,,,"mal,anilist,anidb",isolated - only has kitsu - needs manual pairing,"{""kitsu"": ""7602""}",kitsu_7602,"{""mal"": ???, ""anilist"": ???, ""anidb"": ???}"
,kitsu_7624,,,7624,,,"mal,anilist,anidb",isolated - only has kitsu - needs manual pairing,"{""kitsu"": ""7624""}",kitsu_7624,"{""mal"": ???, ""anilist"": ???, ""anidb"": ???}"
,kitsu_7714,,,7714,,,"mal,anilist,anidb",isolated - only has kitsu - needs manual pairing,"{""kitsu"": ""7714""}",kitsu_7714,"{""mal"": ???, ""anilist"": ???, ""anidb"": ???}"
,kitsu_7712,,,7712,,,"mal,anilist,anidb",isolated - only has kitsu - needs manual pairing,"{""kitsu"": ""7712""}",kitsu_7712,"{""mal"": ???, ""anilist"": ???, ""anidb"": ???}"
,kitsu_7850,,,7850,,,"mal,anilist,anidb",isolated - only has kitsu - needs manual pairing,"{""kitsu"": ""7850""}",kitsu_7850,"{""mal"": ???, ""anilist"": ???, ""anidb"": ???}"
,kitsu_7862,,,7862,,,"mal,anilist,anidb",isolated - only has kitsu - needs manual pairing,"{""kitsu"": ""7862""}",kitsu_7862,"{""mal"": ???, ""anilist"": ???, ""anidb"": ???}"
,kitsu_7986,,,7986,,,"mal,anilist,anidb",isolated - only has kitsu - needs manual pairing,"{""kitsu"": ""7986""}",kitsu_7986,"{""mal"": ???, ""anilist"": ???, ""anidb"": ???}"
,kitsu_8149,,,8149,,,"mal,anilist,anidb",isolated - only has kitsu - needs manual pairing,"{""kitsu"": ""8149""}",kitsu_8149,"{""mal"": ???, ""anilist"": ???, ""anidb"": ???}"
,kitsu_8174,,,8174,,,"mal,anilist,anidb",isolated - only has kitsu - needs manual pairing,"{""kitsu"": ""8174""}",kitsu_8174,"{""mal"": ???, ""anilist"": ???, ""anidb"": ???}"
,kitsu_8256,,,8256,,,"mal,anilist,anidb",isolated - only has kitsu - needs manual pairing,"{""kitsu"": ""8256""}",kitsu_8256,"{""mal"": ???, ""anilist"": ???, ""anidb"": ???}"
,kitsu_7882,,,7882,,,"mal,anilist,anidb",isolated - only has kitsu - needs manual pairing,"{""kitsu"": ""7882""}",kitsu_7882,"{""mal"": ???, ""anilist"": ???, ""anidb"": ???}"
,kitsu_8271,,,8271,,,"mal,anilist,anidb",isolated - only has kitsu - needs manual pairing,"{""kitsu"": ""8271""}",kitsu_8271,"{""mal"": ???, ""anilist"": ???, ""anidb"": ???}"
,kitsu_8297,,,8297,,,"mal,anilist,anidb",isolated - only has kitsu - needs manual pairing,"{""kitsu"": ""8297""}",kitsu_8297,"{""mal"": ???, ""anilist"": ???, ""anidb"": ???}"
,kitsu_8313,,,8313,,,"mal,anilist,anidb",isolated - only has kitsu - needs manual pairing,"{""kitsu"": ""8313""}",kitsu_8313,"{""mal"": ???, ""anilist"": ???, ""anidb"": ???}"
,kitsu_8631,,,8631,,,"mal,anilist,anidb",isolated - only has kitsu - needs manual pairing,"{""kitsu"": ""8631""}",kitsu_8631,"{""mal"": ???, ""anilist"": ???, ""anidb"": ???}"
,kitsu_8638,,,8638,,,"mal,anilist,anidb",isolated - only has kitsu - needs manual pairing,"{""kitsu"": ""8638""}",kitsu_8638,"{""mal"": ???, ""anilist"": ???, ""anidb"": ???}"
,kitsu_8684,,,8684,,,"mal,anilist,anidb",isolated - only has kitsu - needs manual pairing,"{""kitsu"": ""8684""}",kitsu_8684,"{""mal"": ???, ""anilist"": ???, ""anidb"": ???}"
,kitsu_8903,,,8903,,,"mal,anilist,anidb",isolated - only has kitsu - needs manual pairing,"{""kitsu"": ""8903""}",kitsu_8903,"{""mal"": ???, ""anilist"": ???, ""anidb"": ???}"
,kitsu_9962,,,9962,,,"mal,anilist,anidb",isolated - only has kitsu - needs manual pairing,"{""kitsu"": ""9962""}",kitsu_9962,"{""mal"": ???, ""anilist"": ???, ""anidb"": ???}"
,kitsu_10031,,,10031,,,"mal,anilist,anidb",isolated - only has kitsu - needs manual pairing,"{""kitsu"": ""10031""}",kitsu_10031,"{""mal"": ???, ""anilist"": ???, ""anidb"": ???}"
,kitsu_10038,,,10038,,,"mal,anilist,anidb",isolated - only has kitsu - needs manual pairing,"{""kitsu"": ""10038""}",kitsu_10038,"{""mal"": ???, ""anilist"": ???, ""anidb"": ???}"
,kitsu_10879,,,10879,,,"mal,anilist,anidb",isolated - only has kitsu - needs manual pairing,"{""kitsu"": ""10879""}",kitsu_10879,"{""mal"": ???, ""anilist"": ???, ""anidb"": ???}"
,kitsu_11114,,,11114,,,"mal,anilist,anidb",isolated - only has kitsu - needs manual pairing,"{""kitsu"": ""11114""}",kitsu_11114,"{""mal"": ???, ""anilist"": ???, ""anidb"": ???}"
,kitsu_11209,,,11209,,,"mal,anilist,anidb",isolated - only has kitsu - needs manual pairing,"{""kitsu"": ""11209""}",kitsu_11209,"{""mal"": ???, ""anilist"": ???, ""anidb"": ???}"
,kitsu_11368,,,11368,,,"mal,anilist,anidb",isolated - only has kitsu - needs manual pairing,"{""kitsu"": ""11368""}",kitsu_11368,"{""mal"": ???, ""anilist"": ???, ""anidb"": ???}"
,kitsu_11469,,,11469,,,"mal,anilist,anidb",isolated - only has kitsu - needs manual pairing,"{""kitsu"": ""11469""}",kitsu_11469,"{""mal"": ???, ""anilist"": ???, ""anidb"": ???}"
,kitsu_11605,,,11605,,,"mal,anilist,anidb",isolated - only has kitsu - needs manual pairing,"{""kitsu"": ""11605""}",kitsu_11605,"{""mal"": ???, ""anilist"": ???, ""anidb"": ???}"
,kitsu_11913,,,11913,,,"mal,anilist,anidb",isolated - only has kitsu - needs manual pairing,"{""kitsu"": ""11913""}",kitsu_11913,"{""mal"": ???, ""anilist"": ???, ""anidb"": ???}"
,kitsu_13276,,,13276,,,"mal,anilist,anidb",isolated - only has kitsu - needs manual pairing,"{""kitsu"": ""13276""}",kitsu_13276,"{""mal"": ???, ""anilist"": ???, ""anidb"": ???}"
,kitsu_13209,,,13209,,,"mal,anilist,anidb",isolated - only has kitsu - needs manual pairing,"{""kitsu"": ""13209""}",kitsu_13209,"{""mal"": ???, ""anilist"": ???, ""anidb"": ???}"
,kitsu_13457,,,13457,,,"mal,anilist,anidb",isolated - only has kitsu - needs manual pairing,"{""kitsu"": ""13457""}",kitsu_13457,"{""mal"": ???, ""anilist"": ???, ""anidb"": ???}"
,kitsu_13569,,,13569,,,"mal,anilist,anidb",isolated - only has kitsu - needs manual pairing,"{""kitsu"": ""13569""}",kitsu_13569,"{""mal"": ???, ""anilist"": ???, ""anidb"": ???}"
,kitsu_13593,,,13593,,,"mal,anilist,anidb",isolated - only has kitsu - needs manual pairing,"{""kitsu"": ""13593""}",kitsu_13593,"{""mal"": ???, ""anilist"": ???, ""anidb"": ???}"
,kitsu_13717,,,13717,,,"mal,anilist,anidb",isolated - only has kitsu - needs manual pairing,"{""kitsu"": ""13717""}",kitsu_13717,"{""mal"": ???, ""anilist"": ???, ""anidb"": ???}"
,kitsu_40944,,,40944,,,"mal,anilist,anidb",isolated - only has kitsu - needs manual pairing,"{""kitsu"": ""40944""}",kitsu_40944,"{""mal"": ???, ""anilist"": ???, ""anidb"": ???}"
,kitsu_14043,,,14043,,,"mal,anilist,anidb",isolated - only has kitsu - needs manual pairing,"{""kitsu"": ""14043""}",kitsu_14043,"{""mal"": ???, ""anilist"": ???, ""anidb"": ???}"
,kitsu_41133,,,41133,,,"mal,anilist,anidb",isolated - only has kitsu - needs manual pairing,"{""kitsu"": ""41133""}",kitsu_41133,"{""mal"": ???, ""anilist"": ???, ""anidb"": ???}"
,kitsu_40600,,,40600,,,"mal,anilist,anidb",isolated - only has kitsu - needs manual pairing,"{""kitsu"": ""40600""}",kitsu_40600,"{""mal"": ???, ""anilist"": ???, ""anidb"": ???}"
,kitsu_40597,,,40597,,,"mal,anilist,anidb",isolated - only has kitsu - needs manual pairing,"{""kitsu"": ""40597""}",kitsu_40597,"{""mal"": ???, ""anilist"": ???, ""anidb"": ???}"
,kitsu_42423,,,42423,,,"mal,anilist,anidb",isolated - only has kitsu - needs manual pairing,"{""kitsu"": ""42423""}",kitsu_42423,"{""mal"": ???, ""anilist"": ???, ""anidb"": ???}"
,kitsu_41024,,,41024,,,"mal,anilist,anidb",isolated - only has kitsu - needs manual pairing,"{""kitsu"": ""41024""}",kitsu_41024,"{""mal"": ???, ""anilist"": ???, ""anidb"": ???}"
,kitsu_42319,,,42319,,,"mal,anilist,anidb",isolated - only has kitsu - needs manual pairing,"{""kitsu"": ""42319""}",kitsu_42319,"{""mal"": ???, ""anilist"": ???, ""anidb"": ???}"
,kitsu_41312,,,41312,,,"mal,anilist,anidb",isolated - only has kitsu - needs manual pairing,"{""kitsu"": ""41312""}",kitsu_41312,"{""mal"": ???, ""anilist"": ???, ""anidb"": ???}"
,kitsu_41463,,,41463,,,"mal,anilist,anidb",isolated - only has kitsu - needs manual pairing,"{""kitsu"": ""41463""}",kitsu_41463,"{""mal"": ???, ""anilist"": ???, ""anidb"": ???}"
,kitsu_41370,,,41370,,,"mal,anilist,anidb",isolated - only has kitsu - needs manual pairing,"{""kitsu"": ""41370""}",kitsu_41370,"{""mal"": ???, ""anilist"": ???, ""anidb"": ???}"
,kitsu_41982,,,41982,,,"mal,anilist,anidb",isolated - only has kitsu - needs manual pairing,"{""kitsu"": ""41982""}",kitsu_41982,"{""mal"": ???, ""anilist"": ???, ""anidb"": ???}"
,kitsu_42043,,,42043,,,"mal,anilist,anidb",isolated - only has kitsu - needs manual pairing,"{""kitsu"": ""42043""}",kitsu_42043,"{""mal"": ???, ""anilist"": ???, ""anidb"": ???}"
,kitsu_42310,,,42310,,,"mal,anilist,anidb",isolated - only has kitsu - needs manual pairing,"{""kitsu"": ""42310""}",kitsu_42310,"{""mal"": ???, ""anilist"": ???, ""anidb"": ???}"
,kitsu_42241,,,42241,,,"mal,anilist,anidb",isolated - only has kitsu - needs manual pairing,"{""kitsu"": ""42241""}",kitsu_42241,"{""mal"": ???, ""anilist"": ???, ""anidb"": ???}"
,kitsu_42222,,,42222,,,"mal,anilist,anidb",isolated - only has kitsu - needs manual pairing,"{""kitsu"": ""42222""}",kitsu_42222,"{""mal"": ???, ""anilist"": ???, ""anidb"": ???}"
,kitsu_42323,,,42323,,,"mal,anilist,anidb",isolated - only has kitsu - needs manual pairing,"{""kitsu"": ""42323""}",kitsu_42323,"{""mal"": ???, ""anilist"": ???, ""anidb"": ???}"
,kitsu_42204,,,42204,,,"mal,anilist,anidb",isolated - only has kitsu - needs manual pairing,"{""kitsu"": ""42204""}",kitsu_42204,"{""mal"": ???, ""anilist"": ???, ""anidb"": ???}"
,kitsu_42422,,,42422,,,"mal,anilist,anidb",isolated - only has kitsu - needs manual pairing,"{""kitsu"": ""42422""}",kitsu_42422,"{""mal"": ???, ""anilist"": ???, ""anidb"": ???}"
,kitsu_43004,,,43004,,,"mal,anilist,anidb",isolated - only has kitsu - needs manual pairing,"{""kitsu"": ""43004""}",kitsu_43004,"{""mal"": ???, ""anilist"": ???, ""anidb"": ???}"
,kitsu_42531,,,42531,,,"mal,anilist,anidb",isolated - only has kitsu - needs manual pairing,"{""kitsu"": ""42531""}",kitsu_42531,"{""mal"": ???, ""anilist"": ???, ""anidb"": ???}"
,kitsu_42628,,,42628,,,"mal,anilist,anidb",isolated - only has kitsu - needs manual pairing,"{""kitsu"": ""42628""}",kitsu_42628,"{""mal"": ???, ""anilist"": ???, ""anidb"": ???}"
,kitsu_42635,,,42635,,,"mal,anilist,anidb",isolated - only has kitsu - needs manual pairing,"{""kitsu"": ""42635""}",kitsu_42635,"{""mal"": ???, ""anilist"": ???, ""anidb"": ???}"
,kitsu_42765,,,42765,,,"mal,anilist,anidb",isolated - only has kitsu - needs manual pairing,"{""kitsu"": ""42765""}",kitsu_42765,"{""mal"": ???, ""anilist"": ???, ""anidb"": ???}"
,kitsu_43273,,,43273,,,"mal,anilist,anidb",isolated - only has kitsu - needs manual pairing,"{""kitsu"": ""43273""}",kitsu_43273,"{""mal"": ???, ""anilist"": ???, ""anidb"": ???}"
,kitsu_43613,,,43613,,,"mal,anilist,anidb",isolated - only has kitsu - needs manual pairing,"{""kitsu"": ""43613""}",kitsu_43613,"{""mal"": ???, ""anilist"": ???, ""anidb"": ???}"
,kitsu_43301,,,43301,,,"mal,anilist,anidb",isolated - only has kitsu - needs manual pairing,"{""kitsu"": ""43301""}",kitsu_43301,"{""mal"": ???, ""anilist"": ???, ""anidb"": ???}"
,kitsu_44297,,,44297,,,"mal,anilist,anidb",isolated - only has kitsu - needs manual pairing,"{""kitsu"": ""44297""}",kitsu_44297,"{""mal"": ???, ""anilist"": ???, ""anidb"": ???}"
,kitsu_44167,,,44167,,,"mal,anilist,anidb",isolated - only has kitsu - needs manual pairing,"{""kitsu"": ""44167""}",kitsu_44167,"{""mal"": ???, ""anilist"": ???, ""anidb"": ???}"
,kitsu_43806,,,43806,,,"mal,anilist,anidb",isolated - only has kitsu - needs manual pairing,"{""kitsu"": ""43806""}",kitsu_43806,"{""mal"": ???, ""anilist"": ???, ""anidb"": ???}"
,kitsu_43911,,,43911,,,"mal,anilist,anidb",isolated - only has kitsu - needs manual pairing,"{""kitsu"": ""43911""}",kitsu_43911,"{""mal"": ???, ""anilist"": ???, ""anidb"": ???}"
,kitsu_44207,,,44207,,,"mal,anilist,anidb",isolated - only has kitsu - needs manual pairing,"{""kitsu"": ""44207""}",kitsu_44207,"{""mal"": ???, ""anilist"": ???, ""anidb"": ???}"
,kitsu_44205,,,44205,,,"mal,anilist,anidb",isolated - only has kitsu - needs manual pairing,"{""kitsu"": ""44205""}",kitsu_44205,"{""mal"": ???, ""anilist"": ???, ""anidb"": ???}"
,kitsu_44012,,,44012,,,"mal,anilist,anidb",isolated - only has kitsu - needs manual pairing,"{""kitsu"": ""44012""}",kitsu_44012,"{""mal"": ???, ""anilist"": ???, ""anidb"": ???}"
,kitsu_44024,,,44024,,,"mal,anilist,anidb",isolated - only has kitsu - needs manual pairing,"{""kitsu"": ""44024""}",kitsu_44024,"{""mal"": ???, ""anilist"": ???, ""anidb"": ???}"
,kitsu_44010,,,44010,,,"mal,anilist,anidb",isolated - only has kitsu - needs manual pairing,"{""kitsu"": ""44010""}",kitsu_44010,"{""mal"": ???, ""anilist"": ???, ""anidb"": ???}"
,kitsu_44025,,,44025,,,"mal,anilist,anidb",isolated - only has kitsu - needs manual pairing,"{""kitsu"": ""44025""}",kitsu_44025,"{""mal"": ???, ""anilist"": ???, ""anidb"": ???}"
,kitsu_44186,,,44186,,,"mal,anilist,anidb",isolated - only has kitsu - needs manual pairing,"{""kitsu"": ""44186""}",kitsu_44186,"{""mal"": ???, ""anilist"": ???, ""anidb"": ???}"
,kitsu_44187,,,44187,,,"mal,anilist,anidb",isolated - only has kitsu - needs manual pairing,"{""kitsu"": ""44187""}",kitsu_44187,"{""mal"": ???, ""anilist"": ???, ""anidb"": ???}"
,kitsu_44289,,,44289,,,"mal,anilist,anidb",isolated - only has kitsu - needs manual pairing,"{""kitsu"": ""44289""}",kitsu_44289,"{""mal"": ???, ""anilist"": ???, ""anidb"": ???}"
,kitsu_44240,,,44240,,,"mal,anilist,anidb",isolated - only has kitsu - needs manual pairing,"{""kitsu"": ""44240""}",kitsu_44240,"{""mal"": ???, ""anilist"": ???, ""anidb"": ???}"
,kitsu_44423,,,44423,,,"mal,anilist,anidb",isolated - only has kitsu - needs manual pairing,"{""kitsu"": ""44423""}",kitsu_44423,"{""mal"": ???, ""anilist"": ???, ""anidb"": ???}"
,kitsu_44432,,,44432,,,"mal,anilist,anidb",isolated - only has kitsu - needs manual pairing,"{""kitsu"": ""44432""}",kitsu_44432,"{""mal"": ???, ""anilist"": ???, ""anidb"": ???}"
,kitsu_44511,,,44511,,,"mal,anilist,anidb",isolated - only has kitsu - needs manual pairing,"{""kitsu"": ""44511""}",kitsu_44511,"{""mal"": ???, ""anilist"": ???, ""anidb"": ???}"
,kitsu_44690,,,44690,,,"mal,anilist,anidb",isolated - only has kitsu - needs manual pairing,"{""kitsu"": ""44690""}",kitsu_44690,"{""mal"": ???, ""anilist"": ???, ""anidb"": ???}"
,kitsu_44691,,,44691,,,"mal,anilist,anidb",isolated - only has kitsu - needs manual pairing,"{""kitsu"": ""44691""}",kitsu_44691,"{""mal"": ???, ""anilist"": ???, ""anidb"": ???}"
,kitsu_44900,,,44900,,,"mal,anilist,anidb",isolated - only has kitsu - needs manual pairing,"{""kitsu"": ""44900""}",kitsu_44900,"{""mal"": ???, ""anilist"": ???, ""anidb"": ???}"
,kitsu_45269,,,45269,,,"mal,anilist,anidb",isolated - only has kitsu - needs manual pairing,"{""kitsu"": ""45269""}",kitsu_45269,"{""mal"": ???, ""anilist"": ???, ""anidb"": ???}"
,kitsu_45398,,,45398,,,"mal,anilist,anidb",isolated - only has kitsu - needs manual pairing,"{""kitsu"": ""45398""}",kitsu_45398,"{""mal"": ???, ""anilist"": ???, ""anidb"": ???}"
,kitsu_45788,,,45788,,,"mal,anilist,anidb",isolated - only has kitsu - needs manual pairing,"{""kitsu"": ""45788""}",kitsu_45788,"{""mal"": ???, ""anilist"": ???, ""anidb"": ???}"
,kitsu_45813,,,45813,,,"mal,anilist,anidb",isolated - only has kitsu - needs manual pairing,"{""kitsu"": ""45813""}",kitsu_45813,"{""mal"": ???, ""anilist"": ???, ""anidb"": ???}"
,kitsu_45857,,,45857,,,"mal,anilist,anidb",isolated - only has kitsu - needs manual pairing,"{""kitsu"": ""45857""}",kitsu_45857,"{""mal"": ???, ""anilist"": ???, ""anidb"": ???}"
,kitsu_45884,,,45884,,,"mal,anilist,anidb",isolated - only has kitsu - needs manual pairing,"{""kitsu"": ""45884""}",kitsu_45884,"{""mal"": ???, ""anilist"": ???, ""anidb"": ???}"
,kitsu_45950,,,45950,,,"mal,anilist,anidb",isolated - only has kitsu - needs manual pairing,"{""kitsu"": ""45950""}",kitsu_45950,"{""mal"": ???, ""anilist"": ???, ""anidb"": ???}"
,kitsu_46139,,,46139,,,"mal,anilist,anidb",isolated - only has kitsu - needs manual pairing,"{""kitsu"": ""46139""}",kitsu_46139,"{""mal"": ???, ""anilist"": ???, ""anidb"": ???}"
,kitsu_46171,,,46171,,,"mal,anilist,anidb",isolated - only has kitsu - needs manual pairing,"{""kitsu"": ""46171""}",kitsu_46171,"{""mal"": ???, ""anilist"": ???, ""anidb"": ???}"
,kitsu_46229,,,46229,,,"mal,anilist,anidb",isolated - only has kitsu - needs manual pairing,"{""kitsu"": ""46229""}",kitsu_46229,"{""mal"": ???, ""anilist"": ???, ""anidb"": ???}"
,kitsu_46279,,,46279,,,"mal,anilist,anidb",isolated - only has kitsu - needs manual pairing,"{""kitsu"": ""46279""}",kitsu_46279,"{""mal"": ???, ""anilist"": ???, ""anidb"": ???}"
,kitsu_46309,,,46309,,,"mal,anilist,anidb",isolated - only has kitsu - needs manual pairing,"{""kitsu"": ""46309""}",kitsu_46309,"{""mal"": ???, ""anilist"": ???, ""anidb"": ???}"
,kitsu_46311,,,46311,,,"mal,anilist,anidb",isolated - only has kitsu - needs manual pairing,"{""kitsu"": ""46311""}",kitsu_46311,"{""mal"": ???, ""anilist"": ???, ""anidb"": ???}"
,kitsu_46370,,,46370,,,"mal,anilist,anidb",isolated - only has kitsu - needs manual pairing,"{""kitsu"": ""46370""}",kitsu_46370,"{""mal"": ???, ""anilist"": ???, ""anidb"": ???}"
,kitsu_46456,,,46456,,,"mal,anilist,anidb",isolated - only has kitsu - needs manual pairing,"{""kitsu"": ""46456""}",kitsu_46456,"{""mal"": ???, ""anilist"": ???, ""anidb"": ???}"
,kitsu_46600,,,46600,,,"mal,anilist,anidb",isolated - only has kitsu - needs manual pairing,"{""kitsu"": ""46600""}",kitsu_46600,"{""mal"": ???, ""anilist"": ???, ""anidb"": ???}"
,kitsu_46676,,,46676,,,"mal,anilist,anidb",isolated - only has kitsu - needs manual pairing,"{""kitsu"": ""46676""}",kitsu_46676,"{""mal"": ???, ""anilist"": ???, ""anidb"": ???}"
,kitsu_46954,,,46954,,,"mal,anilist,anidb",isolated - only has kitsu - needs manual pairing,"{""kitsu"": ""46954""}",kitsu_46954,"{""mal"": ???, ""anilist"": ???, ""anidb"": ???}"
,kitsu_11942,,,11942,,,"mal,anilist,anidb",isolated - only has kitsu - needs manual pairing,"{""kitsu"": ""11942""}",kitsu_11942,"{""mal"": ???, ""anilist"": ???, ""anidb"": ???}"
,kitsu_44982,,,44982,,,"mal,anilist,anidb",isolated - only has kitsu - needs manual pairing,"{""kitsu"": ""44982""}",kitsu_44982,"{""mal"": ???, ""anilist"": ???, ""anidb"": ???}"
,kitsu_44115,,,44115,,,"mal,anilist,anidb",isolated - only has kitsu - needs manual pairing,"{""kitsu"": ""44115""}",kitsu_44115,"{""mal"": ???, ""anilist"": ???, ""anidb"": ???}"
,kitsu_789,,,789,,,"mal,anilist,anidb",isolated - only has kitsu - needs manual pairing,"{""kitsu"": ""789""}",kitsu_789,"{""mal"": ???, ""anilist"": ???, ""anidb"": ???}"
,kitsu_7622,,,7622,,,"mal,anilist,anidb",isolated - only has kitsu - needs manual pairing,"{""kitsu"": ""7622""}",kitsu_7622,"{""mal"": ???, ""anilist"": ???, ""anidb"": ???}"
,kitsu_7881,,,7881,,,"mal,anilist,anidb",isolated - only has kitsu - needs manual pairing,"{""kitsu"": ""7881""}",kitsu_7881,"{""mal"": ???, ""anilist"": ???, ""anidb"": ???}"
,kitsu_8203,,,8203,,,"mal,anilist,anidb",isolated - only has kitsu - needs manual pairing,"{""kitsu"": ""8203""}",kitsu_8203,"{""mal"": ???, ""anilist"": ???, ""anidb"": ???}"
,kitsu_13881,,,13881,,,"mal,anilist,anidb",isolated - only has kitsu - needs manual pairing,"{""kitsu"": ""13881""}",kitsu_13881,"{""mal"": ???, ""anilist"": ???, ""anidb"": ???}"
,kitsu_41971,,,41971,,,"mal,anilist,anidb",isolated - only has kitsu - needs manual pairing,"{""kitsu"": ""41971""}",kitsu_41971,"{""mal"": ???, ""anilist"": ???, ""anidb"": ???}"
,kitsu_42586,,,42586,,,"mal,anilist,anidb",isolated - only has kitsu - needs manual pairing,"{""kitsu"": ""42586""}",kitsu_42586,"{""mal"": ???, ""anilist"": ???, ""anidb"": ???}"
,kitsu_43108,,,43108,,,"mal,anilist,anidb",isolated - only has kitsu - needs manual pairing,"{""kitsu"": ""43108""}",kitsu_43108,"{""mal"": ???, ""anilist"": ???, ""anidb"": ???}"
,kitsu_44081,,,44081,,,"mal,anilist,anidb",isolated - only has kitsu - needs manual pairing,"{""kitsu"": ""44081""}",kitsu_44081,"{""mal"": ???, ""anilist"": ???, ""anidb"": ???}"
,kitsu_45249,,,45249,,,"mal,anilist,anidb",isolated - only has kitsu - needs manual pairing,"{""kitsu"": ""45249""}",kitsu_45249,"{""mal"": ???, ""anilist"": ???, ""anidb"": ???}"
,kitsu_45866,,,45866,,,"mal,anilist,anidb",isolated - only has kitsu - needs manual pairing,"{""kitsu"": ""45866""}",kitsu_45866,"{""mal"": ???, ""anilist"": ???, ""anidb"": ???}"
,kitsu_46099,,,46099,,,"mal,anilist,anidb",isolated - only has kitsu - needs manual pairing,"{""kitsu"": ""46099""}",kitsu_46099,"{""mal"": ???, ""anilist"": ???, ""anidb"": ???}"
,kitsu_45472,,,45472,,,"mal,anilist,anidb",isolated - only has kitsu - needs manual pairing,"{""kitsu"": ""45472""}",kitsu_45472,"{""mal"": ???, ""anilist"": ???, ""anidb"": ???}"
,kitsu_47155,,,47155,,,"mal,anilist,anidb",isolated - only has kitsu - needs manual pairing,"{""kitsu"": ""47155""}",kitsu_47155,"{""mal"": ???, ""anilist"": ???, ""anidb"": ???}"
,kitsu_47199,,,47199,,,"mal,anilist,anidb",isolated - only has kitsu - needs manual pairing,"{""kitsu"": ""47199""}",kitsu_47199,"{""mal"": ???, ""anilist"": ???, ""anidb"": ???}"
,kitsu_362,,,362,,,"mal,anilist,anidb",isolated - only has kitsu - needs manual pairing,"{""kitsu"": ""362""}",kitsu_362,"{""mal"": ???, ""anilist"": ???, ""anidb"": ???}"
,kitsu_42080,,,42080,,,"mal,anilist,anidb",isolated - only has kitsu - needs manual pairing,"{""kitsu"": ""42080""}",kitsu_42080,"{""mal"": ???, ""anilist"": ???, ""anidb"": ???}"
,kitsu_41080,,,41080,,,"mal,anilist,anidb",isolated - only has kitsu - needs manual pairing,"{""kitsu"": ""41080""}",kitsu_41080,"{""mal"": ???, ""anilist"": ???, ""anidb"": ???}"
,kitsu_11807,,,11807,,,"mal,anilist,anidb",isolated - only has kitsu - needs manual pairing,"{""kitsu"": ""11807""}",kitsu_11807,"{""mal"": ???, ""anilist"": ???, ""anidb"": ???}"
,kitsu_43047,,,43047,,,"mal,anilist,anidb",isolated - only has kitsu - needs manual pairing,"{""kitsu"": ""43047""}",kitsu_43047,"{""mal"": ???, ""anilist"": ???, ""anidb"": ???}"
,kitsu_1646,,,1646,,,"mal,anilist,anidb",isolated - only has kitsu - needs manual pairing,"{""kitsu"": ""1646""}",kitsu_1646,"{""mal"": ???, ""anilist"": ???, ""anidb"": ???}"
,kitsu_46641,,,46641,,,"mal,anilist,anidb",isolated - only has kitsu - needs manual pairing,"{""kitsu"": ""46641""}",kitsu_46641,"{""mal"": ???, ""anilist"": ???, ""anidb"": ???}"
,kitsu_14027,,,14027,,,"mal,anilist,anidb",isolated - only has kitsu - needs manual pairing,"{""kitsu"": ""14027""}",kitsu_14027,"{""mal"": ???, ""anilist"": ???, ""anidb"": ???}"
,kitsu_42951,,,42951,,,"mal,anilist,anidb",isolated - only has kitsu - needs manual pairing,"{""kitsu"": ""42951""}",kitsu_42951,"{""mal"": ???, ""anilist"": ???, ""anidb"": ???}"
,kitsu_46016,,,46016,,,"mal,anilist,anidb",isolated - only has kitsu - needs manual pairing,"{""kitsu"": ""46016""}",kitsu_46016,"{""mal"": ???, ""anilist"": ???, ""anidb"": ???}"
,kitsu_47268,,,47268,,,"mal,anilist,anidb",isolated - only has kitsu - needs manual pairing,"{""kitsu"": ""47268""}",kitsu_47268,"{""mal"": ???, ""anilist"": ???, ""anidb"": ???}"
,kitsu_43703,,,43703,,,"mal,anilist,anidb",isolated - only has kitsu - needs manual pairing,"{""kitsu"": ""43703""}",kitsu_43703,"{""mal"": ???, ""anilist"": ???, ""anidb"": ???}"
,kitsu_45548,,,45548,,,"mal,anilist,anidb",isolated - only has kitsu - needs manual pairing,"{""kitsu"": ""45548""}",kitsu_45548,"{""mal"": ???, ""anilist"": ???, ""anidb"": ???}"
,kitsu_45579,,,45579,,,"mal,anilist,anidb",isolated - only has kitsu - needs manual pairing,"{""kitsu"": ""45579""}",kitsu_45579,"{""mal"": ???, ""anilist"": ???, ""anidb"": ???}"
,kitsu_13228,,,13228,,,"mal,anilist,anidb",isolated - only has kitsu - needs manual pairing,"{""kitsu"": ""13228""}",kitsu_13228,"{""mal"": ???, ""anilist"": ???, ""anidb"": ???}"
,kitsu_41174,,,41174,,,"mal,anilist,anidb",isolated - only has kitsu - needs manual pairing,"{""kitsu"": ""41174""}",kitsu_41174,"{""mal"": ???, ""anilist"": ???, ""anidb"": ???}"
,kitsu_10085,,,10085,,,"mal,anilist,anidb",isolated - only has kitsu - needs manual pairing,"{""kitsu"": ""10085""}",kitsu_10085,"{""mal"": ???, ""anilist"": ???, ""anidb"": ???}"
,kitsu_46760,,,46760,,,"mal,anilist,anidb",isolated - only has kitsu - needs manual pairing,"{""kitsu"": ""46760""}",kitsu_46760,"{""mal"": ???, ""anilist"": ???, ""anidb"": ???}"
,kitsu_422,,,422,,,"mal,anilist,anidb",isolated - only has kitsu - needs manual pairing,"{""kitsu"": ""422""}",kitsu_422,"{""mal"": ???, ""anilist"": ???, ""anidb"": ???}"
,kitsu_1315,,,1315,,,"mal,anilist,anidb",isolated - only has kitsu - needs manual pairing,"{""kitsu"": ""1315""}",kitsu_1315,"{""mal"": ???, ""anilist"": ???, ""anidb"": ???}"
,kitsu_9965,,,9965,,,"mal,anilist,anidb",isolated - only has kitsu - needs manual pairing,"{""kitsu"": ""9965""}",kitsu_9965,"{""mal"": ???, ""anilist"": ???, ""anidb"": ???}"
,kitsu_11553,,,11553,,,"mal,anilist,anidb",isolated - only has kitsu - needs manual pairing,"{""kitsu"": ""11553""}",kitsu_11553,"{""mal"": ???, ""anilist"": ???, ""anidb"": ???}"
,kitsu_12272,,,12272,,,"mal,anilist,anidb",isolated - only has kitsu - needs manual pairing,"{""kitsu"": ""12272""}",kitsu_12272,"{""mal"": ???, ""anilist"": ???, ""anidb"": ???}"
,kitsu_13994,,,13994,,,"mal,anilist,anidb",isolated - only has kitsu - needs manual pairing,"{""kitsu"": ""13994""}",kitsu_13994,"{""mal"": ???, ""anilist"": ???, ""anidb"": ???}"
,kitsu_40599,,,40599,,,"mal,anilist,anidb",isolated - only has kitsu - needs manual pairing,"{""kitsu"": ""40599""}",kitsu_40599,"{""mal"": ???, ""anilist"": ???, ""anidb"": ???}"
,kitsu_41084,,,41084,,,"mal,anilist,anidb",isolated - only has kitsu - needs manual pairing,"{""kitsu"": ""41084""}",kitsu_41084,"{""mal"": ???, ""anilist"": ???, ""anidb"": ???}"
,kitsu_41265,,,41265,,,"mal,anilist,anidb",isolated - only has kitsu - needs manual pairing,"{""kitsu"": ""41265""}",kitsu_41265,"{""mal"": ???, ""anilist"": ???, ""anidb"": ???}"
,kitsu_42022,,,42022,,,"mal,anilist,anidb",isolated - only has kitsu - needs manual pairing,"{""kitsu"": ""42022""}",kitsu_42022,"{""mal"": ???, ""anilist"": ???, ""anidb"": ???}"
,kitsu_42623,,,42623,,,"mal,anilist,anidb",isolated - only has kitsu - needs manual pairing,"{""kitsu"": ""42623""}",kitsu_42623,"{""mal"": ???, ""anilist"": ???, ""anidb"": ???}"
,kitsu_42865,,,42865,,,"mal,anilist,anidb",isolated - only has kitsu - needs manual pairing,"{""kitsu"": ""42865""}",kitsu_42865,"{""mal"": ???, ""anilist"": ???, ""anidb"": ???}"
,kitsu_43612,,,43612,,,"mal,anilist,anidb",isolated - only has kitsu - needs manual pairing,"{""kitsu"": ""43612""}",kitsu_43612,"{""mal"": ???, ""anilist"": ???, ""anidb"": ???}"
,kitsu_43014,,,43014,,,"mal,anilist,anidb",isolated - only has kitsu - needs manual pairing,"{""kitsu"": ""43014""}",kitsu_43014,"{""mal"": ???, ""anilist"": ???, ""anidb"": ???}"
,kitsu_43367,,,43367,,,"mal,anilist,anidb",isolated - only has kitsu - needs manual pairing,"{""kitsu"": ""43367""}",kitsu_43367,"{""mal"": ???, ""anilist"": ???, ""anidb"": ???}"
,kitsu_44121,,,44121,,,"mal,anilist,anidb",isolated - only has kitsu - needs manual pairing,"{""kitsu"": ""44121""}",kitsu_44121,"{""mal"": ???, ""anilist"": ???, ""anidb"": ???}"
,kitsu_43521,,,43521,,,"mal,anilist,anidb",isolated - only has kitsu - needs manual pairing,"{""kitsu"": ""43521""}",kitsu_43521,"{""mal"": ???, ""anilist"": ???, ""anidb"": ???}"
,kitsu_43222,,,43222,,,"mal,anilist,anidb",isolated - only has kitsu - needs manual pairing,"{""kitsu"": ""43222""}",kitsu_43222,"{""mal"": ???, ""anilist"": ???, ""anidb"": ???}"
,kitsu_43607,,,43607,,,"mal,anilist,anidb",isolated - only has kitsu - needs manual pairing,"{""kitsu"": ""43607""}",kitsu_43607,"{""mal"": ???, ""anilist"": ???, ""anidb"": ???}"
,kitsu_43709,,,43709,,,"mal,anilist,anidb",isolated - only has kitsu - needs manual pairing,"{""kitsu"": ""43709""}",kitsu_43709,"{""mal"": ???, ""anilist"": ???, ""anidb"": ???}"
,kitsu_43795,,,43795,,,"mal,anilist,anidb",isolated - only has kitsu - needs manual pairing,"{""kitsu"": ""43795""}",kitsu_43795,"{""mal"": ???, ""anilist"": ???, ""anidb"": ???}"
,kitsu_44107,,,44107,,,"mal,anilist,anidb",isolated - only has kitsu - needs manual pairing,"{""kitsu"": ""44107""}",kitsu_44107,"{""mal"": ???, ""anilist"": ???, ""anidb"": ???}"
,kitsu_44773,,,44773,,,"mal,anilist,anidb",isolated - only has kitsu - needs manual pairing,"{""kitsu"": ""44773""}",kitsu_44773,"{""mal"": ???, ""anilist"": ???, ""anidb"": ???}"
,kitsu_44981,,,44981,,,"mal,anilist,anidb",isolated - only has kitsu - needs manual pairing,"{""kitsu"": ""44981""}",kitsu_44981,"{""mal"": ???, ""anilist"": ???, ""anidb"": ???}"
,kitsu_45235,,,45235,,,"mal,anilist,anidb",isolated - only has kitsu - needs manual pairing,"{""kitsu"": ""45235""}",kitsu_45235,"{""mal"": ???, ""anilist"": ???, ""anidb"": ???}"
,kitsu_45512,,,45512,,,"mal,anilist,anidb",isolated - only has kitsu - needs manual pairing,"{""kitsu"": ""45512""}",kitsu_45512,"{""mal"": ???, ""anilist"": ???, ""anidb"": ???}"
,kitsu_46259,,,46259,,,"mal,anilist,anidb",isolated - only has kitsu - needs manual pairing,"{""kitsu"": ""46259""}",kitsu_46259,"{""mal"": ???, ""anilist"": ???, ""anidb"": ???}"
,kitsu_45597,,,45597,,,"mal,anilist,anidb",isolated - only has kitsu - needs manual pairing,"{""kitsu"": ""45597""}",kitsu_45597,"{""mal"": ???, ""anilist"": ???, ""anidb"": ???}"
,kitsu_45619,,,45619,,,"mal,anilist,anidb",isolated - only has kitsu - needs manual pairing,"{""kitsu"": ""45619""}",kitsu_45619,"{""mal"": ???, ""anilist"": ???, ""anidb"": ???}"
,kitsu_46000,,,46000,,,"mal,anilist,anidb",isolated - only has kitsu - needs manual pairing,"{""kitsu"": ""46000""}",kitsu_46000,"{""mal"": ???, ""anilist"": ???, ""anidb"": ???}"
,kitsu_46059,,,46059,,,"mal,anilist,anidb",isolated - only has kitsu - needs manual pairing,"{""kitsu"": ""46059""}",kitsu_46059,"{""mal"": ???, ""anilist"": ???, ""anidb"": ???}"
,kitsu_46231,,,46231,,,"mal,anilist,anidb",isolated - only has kitsu - needs manual pairing,"{""kitsu"": ""46231""}",kitsu_46231,"{""mal"": ???, ""anilist"": ???, ""anidb"": ???}"
,kitsu_46241,,,46241,,,"mal,anilist,anidb",isolated - only has kitsu - needs manual pairing,"{""kitsu"": ""46241""}",kitsu_46241,"{""mal"": ???, ""anilist"": ???, ""anidb"": ???}"
,kitsu_46242,,,46242,,,"mal,anilist,anidb",isolated - only has kitsu - needs manual pairing,"{""kitsu"": ""46242""}",kitsu_46242,"{""mal"": ???, ""anilist"": ???, ""anidb"": ???}"
,kitsu_46304,,,46304,,,"mal,anilist,anidb",isolated - only has kitsu - needs manual pairing,"{""kitsu"": ""46304""}",kitsu_46304,"{""mal"": ???, ""anilist"": ???, ""anidb"": ???}"
,kitsu_46300,,,46300,,,"mal,anilist,anidb",isolated - only has kitsu - needs manual pairing,"{""kitsu"": ""46300""}",kitsu_46300,"{""mal"": ???, ""anilist"": ???, ""anidb"": ???}"
,kitsu_46320,,,46320,,,"mal,anilist,anidb",isolated - only has kitsu - needs manual pairing,"{""kitsu"": ""46320""}",kitsu_46320,"{""mal"": ???, ""anilist"": ???, ""anidb"": ???}"
,kitsu_46434,,,46434,,,"mal,anilist,anidb",isolated - only has kitsu - needs manual pairing,"{""kitsu"": ""46434""}",kitsu_46434,"{""mal"": ???, ""anilist"": ???, ""anidb"": ???}"
,kitsu_46474,,,46474,,,"mal,anilist,anidb",isolated - only has kitsu - needs manual pairing,"{""kitsu"": ""46474""}",kitsu_46474,"{""mal"": ???, ""anilist"": ???, ""anidb"": ???}"
,kitsu_46688,,,46688,,,"mal,anilist,anidb",isolated - only has kitsu - needs manual pairing,"{""kitsu"": ""46688""}",kitsu_46688,"{""mal"": ???, ""anilist"": ???, ""anidb"": ???}"
,kitsu_46690,,,46690,,,"mal,anilist,anidb",isolated - only has kitsu - needs manual pairing,"{""kitsu"": ""46690""}",kitsu_46690,"{""mal"": ???, ""anilist"": ???, ""anidb"": ???}"
,kitsu_46704,,,46704,,,"mal,anilist,anidb",isolated - only has kitsu - needs manual pairing,"{""kitsu"": ""46704""}",kitsu_46704,"{""mal"": ???, ""anilist"": ???, ""anidb"": ???}"
,kitsu_46733,,,46733,,,"mal,anilist,anidb",isolated - only has kitsu - needs manual pairing,"{""kitsu"": ""46733""}",kitsu_46733,"{""mal"": ???, ""anilist"": ???, ""anidb"": ???}"
,kitsu_46807,,,46807,,,"mal,anilist,anidb",isolated - only has kitsu - needs manual pairing,"{""kitsu"": ""46807""}",kitsu_46807,"{""mal"": ???, ""anilist"": ???, ""anidb"": ???}"
,kitsu_46875,,,46875,,,"mal,anilist,anidb",isolated - only has kitsu - needs manual pairing,"{""kitsu"": ""46875""}",kitsu_46875,"{""mal"": ???, ""anilist"": ???, ""anidb"": ???}"
,kitsu_47076,,,47076,,,"mal,anilist,anidb",isolated - only has kitsu - needs manual pairing,"{""kitsu"": ""47076""}",kitsu_47076,"{""mal"": ???, ""anilist"": ???, ""anidb"": ???}"
,kitsu_47077,,,47077,,,"mal,anilist,anidb",isolated - only has kitsu - needs manual pairing,"{""kitsu"": ""47077""}",kitsu_47077,"{""mal"": ???, ""anilist"": ???, ""anidb"": ???}"
,kitsu_47083,,,47083,,,"mal,anilist,anidb",isolated - only has kitsu - needs manual pairing,"{""kitsu"": ""47083""}",kitsu_47083,"{""mal"": ???, ""anilist"": ???, ""anidb"": ???}"
,kitsu_47099,,,47099,,,"mal,anilist,anidb",isolated - only has kitsu - needs manual pairing,"{""kitsu"": ""47099""}",kitsu_47099,"{""mal"": ???, ""anilist"": ???, ""anidb"": ???}"
,kitsu_47154,,,47154,,,"mal,anilist,anidb",isolated - only has kitsu - needs manual pairing,"{""kitsu"": ""47154""}",kitsu_47154,"{""mal"": ???, ""anilist"": ???, ""anidb"": ???}"
,kitsu_47237,,,47237,,,"mal,anilist,anidb",isolated - only has kitsu - needs manual pairing,"{""kitsu"": ""47237""}",kitsu_47237,"{""mal"": ???, ""anilist"": ???, ""anidb"": ???}"
,kitsu_47240,,,47240,,,"mal,anilist,anidb",isolated - only has kitsu - needs manual pairing,"{""kitsu"": ""47240""}",kitsu_47240,"{""mal"": ???, ""anilist"": ???, ""anidb"": ???}"
,kitsu_47481,,,47481,,,"mal,anilist,anidb",isolated - only has kitsu - needs manual pairing,"{""kitsu"": ""47481""}",kitsu_47481,"{""mal"": ???, ""anilist"": ???, ""anidb"": ???}"
,kitsu_48186,,,48186,,,"mal,anilist,anidb",isolated - only has kitsu - needs manual pairing,"{""kitsu"": ""48186""}",kitsu_48186,"{""mal"": ???, ""anilist"": ???, ""anidb"": ???}"
,kitsu_47671,,,47671,,,"mal,anilist,anidb",isolated - only has kitsu - needs manual pairing,"{""kitsu"": ""47671""}",kitsu_47671,"{""mal"": ???, ""anilist"": ???, ""anidb"": ???}"
,kitsu_47813,,,47813,,,"mal,anilist,anidb",isolated - only has kitsu - needs manual pairing,"{""kitsu"": ""47813""}",kitsu_47813,"{""mal"": ???, ""anilist"": ???, ""anidb"": ???}"
,kitsu_47964,,,47964,,,"mal,anilist,anidb",isolated - only has kitsu - needs manual pairing,"{""kitsu"": ""47964""}",kitsu_47964,"{""mal"": ???, ""anilist"": ???, ""anidb"": ???}"
,kitsu_48059,,,48059,,,"mal,anilist,anidb",isolated - only has kitsu - needs manual pairing,"{""kitsu"": ""48059""}",kitsu_48059,"{""mal"": ???, ""anilist"": ???, ""anidb"": ???}"
,kitsu_48257,,,48257,,,"mal,anilist,anidb",isolated - only has kitsu - needs manual pairing,"{""kitsu"": ""48257""}",kitsu_48257,"{""mal"": ???, ""anilist"": ???, ""anidb"": ???}"
,kitsu_10941,,,10941,,,"mal,anilist,anidb",isolated - only has kitsu - needs manual pairing,"{""kitsu"": ""10941""}",kitsu_10941,"{""mal"": ???, ""anilist"": ???, ""anidb"": ???}"
,kitsu_43005,,,43005,,,"mal,anilist,anidb",isolated - only has kitsu - needs manual pairing,"{""kitsu"": ""43005""}",kitsu_43005,"{""mal"": ???, ""anilist"": ???, ""anidb"": ???}"
,kitsu_183,,,183,,,"mal,anilist,anidb",isolated - only has kitsu - needs manual pairing,"{""kitsu"": ""183""}",kitsu_183,"{""mal"": ???, ""anilist"": ???, ""anidb"": ???}"
,kitsu_11578,,,11578,,,"mal,anilist,anidb",isolated - only has kitsu - needs manual pairing,"{""kitsu"": ""11578""}",kitsu_11578,"{""mal"": ???, ""anilist"": ???, ""anidb"": ???}"
,kitsu_41950,,,41950,,,"mal,anilist,anidb",isolated - only has kitsu - needs manual pairing,"{""kitsu"": ""41950""}",kitsu_41950,"{""mal"": ???, ""anilist"": ???, ""anidb"": ???}"
,kitsu_42079,,,42079,,,"mal,anilist,anidb",isolated - only has kitsu - needs manual pairing,"{""kitsu"": ""42079""}",kitsu_42079,"{""mal"": ???, ""anilist"": ???, ""anidb"": ???}"
,kitsu_43059,,,43059,,,"mal,anilist,anidb",isolated - only has kitsu - needs manual pairing,"{""kitsu"": ""43059""}",kitsu_43059,"{""mal"": ???, ""anilist"": ???, ""anidb"": ???}"
,kitsu_42131,,,42131,,,"mal,anilist,anidb",isolated - only has kitsu - needs manual pairing,"{""kitsu"": ""42131""}",kitsu_42131,"{""mal"": ???, ""anilist"": ???, ""anidb"": ???}"
,kitsu_42268,,,42268,,,"mal,anilist,anidb",isolated - only has kitsu - needs manual pairing,"{""kitsu"": ""42268""}",kitsu_42268,"{""mal"": ???, ""anilist"": ???, ""anidb"": ???}"
,kitsu_42198,,,42198,,,"mal,anilist,anidb",isolated - only has kitsu - needs manual pairing,"{""kitsu"": ""42198""}",kitsu_42198,"{""mal"": ???, ""anilist"": ???, ""anidb"": ???}"
,kitsu_42525,,,42525,,,"mal,anilist,anidb",isolated - only has kitsu - needs manual pairing,"{""kitsu"": ""42525""}",kitsu_42525,"{""mal"": ???, ""anilist"": ???, ""anidb"": ???}"
,kitsu_42627,,,42627,,,"mal,anilist,anidb",isolated - only has kitsu - needs manual pairing,"{""kitsu"": ""42627""}",kitsu_42627,"{""mal"": ???, ""anilist"": ???, ""anidb"": ???}"
,kitsu_42638,,,42638,,,"mal,anilist,anidb",isolated - only has kitsu - needs manual pairing,"{""kitsu"": ""42638""}",kitsu_42638,"{""mal"": ???, ""anilist"": ???, ""anidb"": ???}"
,kitsu_42900,,,42900,,,"mal,anilist,anidb",isolated - only has kitsu - needs manual pairing,"{""kitsu"": ""42900""}",kitsu_42900,"{""mal"": ???, ""anilist"": ???, ""anidb"": ???}"
,kitsu_43089,,,43089,,,"mal,anilist,anidb",isolated - only has kitsu - needs manual pairing,"{""kitsu"": ""43089""}",kitsu_43089,"{""mal"": ???, ""anilist"": ???, ""anidb"": ???}"
,kitsu_43268,,,43268,,,"mal,anilist,anidb",isolated - only has kitsu - needs manual pairing,"{""kitsu"": ""43268""}",kitsu_43268,"{""mal"": ???, ""anilist"": ???, ""anidb"": ???}"
,kitsu_44174,,,44174,,,"mal,anilist,anidb",isolated - only has kitsu - needs manual pairing,"{""kitsu"": ""44174""}",kitsu_44174,"{""mal"": ???, ""anilist"": ???, ""anidb"": ???}"
,kitsu_44064,,,44064,,,"mal,anilist,anidb",isolated - only has kitsu - needs manual pairing,"{""kitsu"": ""44064""}",kitsu_44064,"{""mal"": ???, ""anilist"": ???, ""anidb"": ???}"
,kitsu_44393,,,44393,,,"mal,anilist,anidb",isolated - only has kitsu - needs manual pairing,"{""kitsu"": ""44393""}",kitsu_44393,"{""mal"": ???, ""anilist"": ???, ""anidb"": ???}"
,kitsu_44580,,,44580,,,"mal,anilist,anidb",isolated - only has kitsu - needs manual pairing,"{""kitsu"": ""44580""}",kitsu_44580,"{""mal"": ???, ""anilist"": ???, ""anidb"": ???}"
,kitsu_44745,,,44745,,,"mal,anilist,anidb",isolated - only has kitsu - needs manual pairing,"{""kitsu"": ""44745""}",kitsu_44745,"{""mal"": ???, ""anilist"": ???, ""anidb"": ???}"
,kitsu_45830,,,45830,,,"mal,anilist,anidb",isolated - only has kitsu - needs manual pairing,"{""kitsu"": ""45830""}",kitsu_45830,"{""mal"": ???, ""anilist"": ???, ""anidb"": ???}"
,kitsu_46243,,,46243,,,"mal,anilist,anidb",isolated - only has kitsu - needs manual pairing,"{""kitsu"": ""46243""}",kitsu_46243,"{""mal"": ???, ""anilist"": ???, ""anidb"": ???}"
,kitsu_46533,,,46533,,,"mal,anilist,anidb",isolated - only has kitsu - needs manual pairing,"{""kitsu"": ""46533""}",kitsu_46533,"{""mal"": ???, ""anilist"": ???, ""anidb"": ???}"
,kitsu_46644,,,46644,,,"mal,anilist,anidb",isolated - only has kitsu - needs manual pairing,"{""kitsu"": ""46644""}",kitsu_46644,"{""mal"": ???, ""anilist"": ???, ""anidb"": ???}"
,kitsu_46764,,,46764,,,"mal,anilist,anidb",isolated - only has kitsu - needs manual pairing,"{""kitsu"": ""46764""}",kitsu_46764,"{""mal"": ???, ""anilist"": ???, ""anidb"": ???}"
,kitsu_47197,,,47197,,,"mal,anilist,anidb",isolated - only has kitsu - needs manual pairing,"{""kitsu"": ""47197""}",kitsu_47197,"{""mal"": ???, ""anilist"": ???, ""anidb"": ???}"
,kitsu_47236,,,47236,,,"mal,anilist,anidb",isolated - only has kitsu - needs manual pairing,"{""kitsu"": ""47236""}",kitsu_47236,"{""mal"": ???, ""anilist"": ???, ""anidb"": ???}"
,kitsu_47272,,,47272,,,"mal,anilist,anidb",isolated - only has kitsu - needs manual pairing,"{""kitsu"": ""47272""}",kitsu_47272,"{""mal"": ???, ""anilist"": ???, ""anidb"": ???}"
,kitsu_47656,,,47656,,,"mal,anilist,anidb",isolated - only has kitsu - needs manual pairing,"{""kitsu"": ""47656""}",kitsu_47656,"{""mal"": ???, ""anilist"": ???, ""anidb"": ???}"
,kitsu_47786,,,47786,,,"mal,anilist,anidb",isolated - only has kitsu - needs manual pairing,"{""kitsu"": ""47786""}",kitsu_47786,"{""mal"": ???, ""anilist"": ???, ""anidb"": ???}"
,kitsu_48214,,,48214,,,"mal,anilist,anidb",isolated - only has kitsu - needs manual pairing,"{""kitsu"": ""48214""}",kitsu_48214,"{""mal"": ???, ""anilist"": ???, ""anidb"": ???}"
,kitsu_48269,,,48269,,,"mal,anilist,anidb",isolated - only has kitsu - needs manual pairing,"{""kitsu"": ""48269""}",kitsu_48269,"{""mal"": ???, ""anilist"": ???, ""anidb"": ???}"
,kitsu_48390,,,48390,,,"mal,anilist,anidb",isolated - only has kitsu - needs manual pairing,"{""kitsu"": ""48390""}",kitsu_48390,"{""mal"": ???, ""anilist"": ???, ""anidb"": ???}"
,kitsu_48440,,,48440,,,"mal,anilist,anidb",isolated - only has kitsu - needs manual pairing,"{""kitsu"": ""48440""}",kitsu_48440,"{""mal"": ???, ""anilist"": ???, ""anidb"": ???}"
,kitsu_48468,,,48468,,,"mal,anilist,anidb",isolated - only has kitsu - needs manual pairing,"{""kitsu"": ""48468""}",kitsu_48468,"{""mal"": ???, ""anilist"": ???, ""anidb"": ???}"
,kitsu_48534,,,48534,,,"mal,anilist,anidb",isolated - only has kitsu - needs manual pairing,"{""kitsu"": ""48534""}",kitsu_48534,"{""mal"": ???, ""anilist"": ???, ""anidb"": ???}"
,kitsu_48559,,,48559,,,"mal,anilist,anidb",isolated - only has kitsu - needs manual pairing,"{""kitsu"": ""48559""}",kitsu_48559,"{""mal"": ???, ""anilist"": ???, ""anidb"": ???}"
,kitsu_48677,,,48677,,,"mal,anilist,anidb",isolated - only has kitsu - needs manual pairing,"{""kitsu"": ""48677""}",kitsu_48677,"{""mal"": ???, ""anilist"": ???, ""anidb"": ???}"
,kitsu_48981,,,48981,,,"mal,anilist,anidb",isolated - only has kitsu - needs manual pairing,"{""kitsu"": ""48981""}",kitsu_48981,"{""mal"": ???, ""anilist"": ???, ""anidb"": ???}"
,kitsu_48202,,,48202,,,"mal,anilist,anidb",isolated - only has kitsu - needs manual pairing,"{""kitsu"": ""48202""}",kitsu_48202,"{""mal"": ???, ""anilist"": ???, ""anidb"": ???}"
,kitsu_11,,,11,,,"mal,anilist,anidb",isolated - only has kitsu - needs manual pairing,"{""kitsu"": ""11""}",kitsu_11,"{""mal"": ???, ""anilist"": ???, ""anidb"": ???}"
,kitsu_29,,,29,,,"mal,anilist,anidb",isolated - only has kitsu - needs manual pairing,"{""kitsu"": ""29""}",kitsu_29,"{""mal"": ???, ""anilist"": ???, ""anidb"": ???}"
,kitsu_224,,,224,,,"mal,anilist,anidb",isolated - only has kitsu - needs manual pairing,"{""kitsu"": ""224""}",kitsu_224,"{""mal"": ???, ""anilist"": ???, ""anidb"": ???}"
,kitsu_1021,,,1021,,,"mal,anilist,anidb",isolated - only has kitsu - needs manual pairing,"{""kitsu"": ""1021""}",kitsu_1021,"{""mal"": ???, ""anilist"": ???, ""anidb"": ???}"
,kitsu_1156,,,1156,,,"mal,anilist,anidb",isolated - only has kitsu - needs manual pairing,"{""kitsu"": ""1156""}",kitsu_1156,"{""mal"": ???, ""anilist"": ???, ""anidb"": ???}"
,kitsu_6636,,,6636,,,"mal,anilist,anidb",isolated - only has kitsu - needs manual pairing,"{""kitsu"": ""6636""}",kitsu_6636,"{""mal"": ???, ""anilist"": ???, ""anidb"": ???}"
,kitsu_6896,,,6896,,,"mal,anilist,anidb",isolated - only has kitsu - needs manual pairing,"{""kitsu"": ""6896""}",kitsu_6896,"{""mal"": ???, ""anilist"": ???, ""anidb"": ???}"
,kitsu_7303,,,7303,,,"mal,anilist,anidb",isolated - only has kitsu - needs manual pairing,"{""kitsu"": ""7303""}",kitsu_7303,"{""mal"": ???, ""anilist"": ???, ""anidb"": ???}"
,kitsu_8640,,,8640,,,"mal,anilist,anidb",isolated - only has kitsu - needs manual pairing,"{""kitsu"": ""8640""}",kitsu_8640,"{""mal"": ???, ""anilist"": ???, ""anidb"": ???}"
,kitsu_10036,,,10036,,,"mal,anilist,anidb",isolated - only has kitsu - needs manual pairing,"{""kitsu"": ""10036""}",kitsu_10036,"{""mal"": ???, ""anilist"": ???, ""anidb"": ???}"
,kitsu_11409,,,11409,,,"mal,anilist,anidb",isolated - only has kitsu - needs manual pairing,"{""kitsu"": ""11409""}",kitsu_11409,"{""mal"": ???, ""anilist"": ???, ""anidb"": ???}"
,kitsu_11447,,,11447,,,"mal,anilist,anidb",isolated - only has kitsu - needs manual pairing,"{""kitsu"": ""11447""}",kitsu_11447,"{""mal"": ???, ""anilist"": ???, ""anidb"": ???}"
,kitsu_11794,,,11794,,,"mal,anilist,anidb",isolated - only has kitsu - needs manual pairing,"{""kitsu"": ""11794""}",kitsu_11794,"{""mal"": ???, ""anilist"": ???, ""anidb"": ???}"
,kitsu_13230,,,13230,,,"mal,anilist,anidb",isolated - only has kitsu - needs manual pairing,"{""kitsu"": ""13230""}",kitsu_13230,"{""mal"": ???, ""anilist"": ???, ""anidb"": ???}"
,kitsu_13689,,,13689,,,"mal,anilist,anidb",isolated - only has kitsu - needs manual pairing,"{""kitsu"": ""13689""}",kitsu_13689,"{""mal"": ???, ""anilist"": ???, ""anidb"": ???}"
,kitsu_43907,,,43907,,,"mal,anilist,anidb",isolated - only has kitsu - needs manual pairing,"{""kitsu"": ""43907""}",kitsu_43907,"{""mal"": ???, ""anilist"": ???, ""anidb"": ???}"
,kitsu_44015,,,44015,,,"mal,anilist,anidb",isolated - only has kitsu - needs manual pairing,"{""kitsu"": ""44015""}",kitsu_44015,"{""mal"": ???, ""anilist"": ???, ""anidb"": ???}"
,kitsu_44125,,,44125,,,"mal,anilist,anidb",isolated - only has kitsu - needs manual pairing,"{""kitsu"": ""44125""}",kitsu_44125,"{""mal"": ???, ""anilist"": ???, ""anidb"": ???}"
,kitsu_45222,,,45222,,,"mal,anilist,anidb",isolated - only has kitsu - needs manual pairing,"{""kitsu"": ""45222""}",kitsu_45222,"{""mal"": ???, ""anilist"": ???, ""anidb"": ???}"
,kitsu_45242,,,45242,,,"mal,anilist,anidb",isolated - only has kitsu - needs manual pairing,"{""kitsu"": ""45242""}",kitsu_45242,"{""mal"": ???, ""anilist"": ???, ""anidb"": ???}"
,kitsu_45341,,,45341,,,"mal,anilist,anidb",isolated - only has kitsu - needs manual pairing,"{""kitsu"": ""45341""}",kitsu_45341,"{""mal"": ???, ""anilist"": ???, ""anidb"": ???}"
,kitsu_46415,,,46415,,,"mal,anilist,anidb",isolated - only has kitsu - needs manual pairing,"{""kitsu"": ""46415""}",kitsu_46415,"{""mal"": ???, ""anilist"": ???, ""anidb"": ???}"
,kitsu_48619,,,48619,,,"mal,anilist,anidb",isolated - only has kitsu - needs manual pairing,"{""kitsu"": ""48619""}",kitsu_48619,"{""mal"": ???, ""anilist"": ???, ""anidb"": ???}"
,kitsu_12584,,,12584,,,"mal,anilist,anidb",isolated - only has kitsu - needs manual pairing,"{""kitsu"": ""12584""}",kitsu_12584,"{""mal"": ???, ""anilist"": ???, ""anidb"": ???}"
,kitsu_12722,,,12722,,,"mal,anilist,anidb",isolated - only has kitsu - needs manual pairing,"{""kitsu"": ""12722""}",kitsu_12722,"{""mal"": ???, ""anilist"": ???, ""anidb"": ???}"
,kitsu_43302,,,43302,,,"mal,anilist,anidb",isolated - only has kitsu - needs manual pairing,"{""kitsu"": ""43302""}",kitsu_43302,"{""mal"": ???, ""anilist"": ???, ""anidb"": ???}"
,kitsu_48391,,,48391,,,"mal,anilist,anidb",isolated - only has kitsu - needs manual pairing,"{""kitsu"": ""48391""}",kitsu_48391,"{""mal"": ???, ""anilist"": ???, ""anidb"": ???}"
,kitsu_48449,,,48449,,,"mal,anilist,anidb",isolated - only has kitsu - needs manual pairing,"{""kitsu"": ""48449""}",kitsu_48449,"{""mal"": ???, ""anilist"": ???, ""anidb"": ???}"
,kitsu_47835,,,47835,,,"mal,anilist,anidb",isolated - only has kitsu - needs manual pairing,"{""kitsu"": ""47835""}",kitsu_47835,"{""mal"": ???, ""anilist"": ???, ""anidb"": ???}"
,kitsu_48979,,,48979,,,"mal,anilist,anidb",isolated - only has kitsu - needs manual pairing,"{""kitsu"": ""48979""}",kitsu_48979,"{""mal"": ???, ""anilist"": ???, ""anidb"": ???}"
,kitsu_48225,,,48225,,,"mal,anilist,anidb",isolated - only has kitsu - needs manual pairing,"{""kitsu"": ""48225""}",kitsu_48225,"{""mal"": ???, ""anilist"": ???, ""anidb"": ???}"
,kitsu_42191,,,42191,,,"mal,anilist,anidb",isolated - only has kitsu - needs manual pairing,"{""kitsu"": ""42191""}",kitsu_42191,"{""mal"": ???, ""anilist"": ???, ""anidb"": ???}"
,kitsu_47323,,,47323,,,"mal,anilist,anidb",isolated - only has kitsu - needs manual pairing,"{""kitsu"": ""47323""}",kitsu_47323,"{""mal"": ???, ""anilist"": ???, ""anidb"": ???}"
,kitsu_48837,,,48837,,,"mal,anilist,anidb",isolated - only has kitsu - needs manual pairing,"{""kitsu"": ""48837""}",kitsu_48837,"{""mal"": ???, ""anilist"": ???, ""anidb"": ???}"
,kitsu_42838,,,42838,,,"mal,anilist,anidb",isolated - only has kitsu - needs manual pairing,"{""kitsu"": ""42838""}",kitsu_42838,"{""mal"": ???, ""anilist"": ???, ""anidb"": ???}"
,kitsu_43883,,,43883,,,"mal,anilist,anidb",isolated - only has kitsu - needs manual pairing,"{""kitsu"": ""43883""}",kitsu_43883,"{""mal"": ???, ""anilist"": ???, ""anidb"": ???}"
,kitsu_45957,,,45957,,,"mal,anilist,anidb",isolated - only has kitsu - needs manual pairing,"{""kitsu"": ""45957""}",kitsu_45957,"{""mal"": ???, ""anilist"": ???, ""anidb"": ???}"
,kitsu_46729,,,46729,,,"mal,anilist,anidb",isolated - only has kitsu - needs manual pairing,"{""kitsu"": ""46729""}",kitsu_46729,"{""mal"": ???, ""anilist"": ???, ""anidb"": ???}"
,kitsu_47195,,,47195,,,"mal,anilist,anidb",isolated - only has kitsu - needs manual pairing,"{""kitsu"": ""47195""}",kitsu_47195,"{""mal"": ???, ""anilist"": ???, ""anidb"": ???}"
,kitsu_10045,,,10045,,,"mal,anilist,anidb",isolated - only has kitsu - needs manual pairing,"{""kitsu"": ""10045""}",kitsu_10045,"{""mal"": ???, ""anilist"": ???, ""anidb"": ???}"
,kitsu_11467,,,11467,,,"mal,anilist,anidb",isolated - only has kitsu - needs manual pairing,"{""kitsu"": ""11467""}",kitsu_11467,"{""mal"": ???, ""anilist"": ???, ""anidb"": ???}"
,kitsu_42277,,,42277,,,"mal,anilist,anidb",isolated - only has kitsu - needs manual pairing,"{""kitsu"": ""42277""}",kitsu_42277,"{""mal"": ???, ""anilist"": ???, ""anidb"": ???}"
,kitsu_46081,,,46081,,,"mal,anilist,anidb",isolated - only has kitsu - needs manual pairing,"{""kitsu"": ""46081""}",kitsu_46081,"{""mal"": ???, ""anilist"": ???, ""anidb"": ???}"
,kitsu_44503,,,44503,,,"mal,anilist,anidb",isolated - only has kitsu - needs manual pairing,"{""kitsu"": ""44503""}",kitsu_44503,"{""mal"": ???, ""anilist"": ???, ""anidb"": ???}"
,kitsu_45420,,,45420,,,"mal,anilist,anidb",isolated - only has kitsu - needs manual pairing,"{""kitsu"": ""45420""}",kitsu_45420,"{""mal"": ???, ""anilist"": ???, ""anidb"": ???}"
,kitsu_46214,,,46214,,,"mal,anilist,anidb",isolated - only has kitsu - needs manual pairing,"{""kitsu"": ""46214""}",kitsu_46214,"{""mal"": ???, ""anilist"": ???, ""anidb"": ???}"
,kitsu_46274,,,46274,,,"mal,anilist,anidb",isolated - only has kitsu - needs manual pairing,"{""kitsu"": ""46274""}",kitsu_46274,"{""mal"": ???, ""anilist"": ???, ""anidb"": ???}"
,kitsu_46454,,,46454,,,"mal,anilist,anidb",isolated - only has kitsu - needs manual pairing,"{""kitsu"": ""46454""}",kitsu_46454,"{""mal"": ???, ""anilist"": ???, ""anidb"": ???}"
,kitsu_47375,,,47375,,,"mal,anilist,anidb",isolated - only has kitsu - needs manual pairing,"{""kitsu"": ""47375""}",kitsu_47375,"{""mal"": ???, ""anilist"": ???, ""anidb"": ???}"
,kitsu_47752,,,47752,,,"mal,anilist,anidb",isolated - only has kitsu - needs manual pairing,"{""kitsu"": ""47752""}",kitsu_47752,"{""mal"": ???, ""anilist"": ???, ""anidb"": ???}"
,kitsu_48216,,,48216,,,"mal,anilist,anidb",isolated - only has kitsu - needs manual pairing,"{""kitsu"": ""48216""}",kitsu_48216,"{""mal"": ???, ""anilist"": ???, ""anidb"": ???}"
,kitsu_48620,,,48620,,,"mal,anilist,anidb",isolated - only has kitsu - needs manual pairing,"{""kitsu"": ""48620""}",kitsu_48620,"{""mal"": ???, ""anilist"": ???, ""anidb"": ???}"
,kitsu_48638,,,48638,,,"mal,anilist,anidb",isolated - only has kitsu - needs manual pairing,"{""kitsu"": ""48638""}",kitsu_48638,"{""mal"": ???, ""anilist"": ???, ""anidb"": ???}"
,kitsu_48671,,,48671,,,"mal,anilist,anidb",isolated - only has kitsu - needs manual pairing,"{""kitsu"": ""48671""}",kitsu_48671,"{""mal"": ???, ""anilist"": ???, ""anidb"": ???}"
,kitsu_48842,,,48842,,,"mal,anilist,anidb",isolated - only has kitsu - needs manual pairing,"{""kitsu"": ""48842""}",kitsu_48842,"{""mal"": ???, ""anilist"": ???, ""anidb"": ???}"
,kitsu_48973,,,48973,,,"mal,anilist,anidb",isolated - only has kitsu - needs manual pairing,"{""kitsu"": ""48973""}",kitsu_48973,"{""mal"": ???, ""anilist"": ???, ""anidb"": ???}"
,kitsu_49059,,,49059,,,"mal,anilist,anidb",isolated - only has kitsu - needs manual pairing,"{""kitsu"": ""49059""}",kitsu_49059,"{""mal"": ???, ""anilist"": ???, ""anidb"": ???}"
,kitsu_49065,,,49065,,,"mal,anilist,anidb",isolated - only has kitsu - needs manual pairing,"{""kitsu"": ""49065""}",kitsu_49065,"{""mal"": ???, ""anilist"": ???, ""anidb"": ???}"
,kitsu_49121,,,49121,,,"mal,anilist,anidb",isolated - only has kitsu - needs manual pairing,"{""kitsu"": ""49121""}",kitsu_49121,"{""mal"": ???, ""anilist"": ???, ""anidb"": ???}"
,kitsu_49179,,,49179,,,"mal,anilist,anidb",isolated - only has kitsu - needs manual pairing,"{""kitsu"": ""49179""}",kitsu_49179,"{""mal"": ???, ""anilist"": ???, ""anidb"": ???}"
,kitsu_44383,,,44383,,,"mal,anilist,anidb",isolated - only has kitsu - needs manual pairing,"{""kitsu"": ""44383""}",kitsu_44383,"{""mal"": ???, ""anilist"": ???, ""anidb"": ???}"
,kitsu_48649,,,48649,,,"mal,anilist,anidb",isolated - only has kitsu - needs manual pairing,"{""kitsu"": ""48649""}",kitsu_48649,"{""mal"": ???, ""anilist"": ???, ""anidb"": ???}"
,kitsu_48450,,,48450,,,"mal,anilist,anidb",isolated - only has kitsu - needs manual pairing,"{""kitsu"": ""48450""}",kitsu_48450,"{""mal"": ???, ""anilist"": ???, ""anidb"": ???}"
,kitsu_47858,,,47858,,,"mal,anilist,anidb",isolated - only has kitsu - needs manual pairing,"{""kitsu"": ""47858""}",kitsu_47858,"{""mal"": ???, ""anilist"": ???, ""anidb"": ???}"
,kitsu_48628,,,48628,,,"mal,anilist,anidb",isolated - only has kitsu - needs manual pairing,"{""kitsu"": ""48628""}",kitsu_48628,"{""mal"": ???, ""anilist"": ???, ""anidb"": ???}"
,kitsu_48971,,,48971,,,"mal,anilist,anidb",isolated - only has kitsu - needs manual pairing,"{""kitsu"": ""48971""}",kitsu_48971,"{""mal"": ???, ""anilist"": ???, ""anidb"": ???}"
,kitsu_49333,,,49333,,,"mal,anilist,anidb",isolated - only has kitsu - needs manual pairing,"{""kitsu"": ""49333""}",kitsu_49333,"{""mal"": ???, ""anilist"": ???, ""anidb"": ???}"
,kitsu_49063,,,49063,,,"mal,anilist,anidb",isolated - only has kitsu - needs manual pairing,"{""kitsu"": ""49063""}",kitsu_49063,"{""mal"": ???, ""anilist"": ???, ""anidb"": ???}"
,kitsu_49124,,,49124,,,"mal,anilist,anidb",isolated - only has kitsu - needs manual pairing,"{""kitsu"": ""49124""}",kitsu_49124,"{""mal"": ???, ""anilist"": ???, ""anidb"": ???}"
,kitsu_14212,,,14212,,,"mal,anilist,anidb",isolated - only has kitsu - needs manual pairing,"{""kitsu"": ""14212""}",kitsu_14212,"{""mal"": ???, ""anilist"": ???, ""anidb"": ???}"
,kitsu_4662,,,4662,,,"mal,anilist,anidb",isolated - only has kitsu - needs manual pairing,"{""kitsu"": ""4662""}",kitsu_4662,"{""mal"": ???, ""anilist"": ???, ""anidb"": ???}"
,kitsu_3,,,3,,,"mal,anilist,anidb",isolated - only has kitsu - needs manual pairing,"{""kitsu"": ""3""}",kitsu_3,"{""mal"": ???, ""anilist"": ???, ""anidb"": ???}"
,kitsu_10,,,10,,,"mal,anilist,anidb",isolated - only has kitsu - needs manual pairing,"{""kitsu"": ""10""}",kitsu_10,"{""mal"": ???, ""anilist"": ???, ""anidb"": ???}"
,kitsu_162,,,162,,,"mal,anilist,anidb",isolated - only has kitsu - needs manual pairing,"{""kitsu"": ""162""}",kitsu_162,"{""mal"": ???, ""anilist"": ???, ""anidb"": ???}"
,kitsu_194,,,194,,,"mal,anilist,anidb",isolated - only has kitsu - needs manual pairing,"{""kitsu"": ""194""}",kitsu_194,"{""mal"": ???, ""anilist"": ???, ""anidb"": ???}"
,kitsu_195,,,195,,,"mal,anilist,anidb",isolated - only has kitsu - needs manual pairing,"{""kitsu"": ""195""}",kitsu_195,"{""mal"": ???, ""anilist"": ???, ""anidb"": ???}"
,kitsu_201,,,201,,,"mal,anilist,anidb",isolated - only has kitsu - needs manual pairing,"{""kitsu"": ""201""}",kitsu_201,"{""mal"": ???, ""anilist"": ???, ""anidb"": ???}"
,kitsu_207,,,207,,,"mal,anilist,anidb",isolated - only has kitsu - needs manual pairing,"{""kitsu"": ""207""}",kitsu_207,"{""mal"": ???, ""anilist"": ???, ""anidb"": ???}"
,kitsu_214,,,214,,,"mal,anilist,anidb",isolated - only has kitsu - needs manual pairing,"{""kitsu"": ""214""}",kitsu_214,"{""mal"": ???, ""anilist"": ???, ""anidb"": ???}"
,kitsu_346,,,346,,,"mal,anilist,anidb",isolated - only has kitsu - needs manual pairing,"{""kitsu"": ""346""}",kitsu_346,"{""mal"": ???, ""anilist"": ???, ""anidb"": ???}"
,kitsu_417,,,417,,,"mal,anilist,anidb",isolated - only has kitsu - needs manual pairing,"{""kitsu"": ""417""}",kitsu_417,"{""mal"": ???, ""anilist"": ???, ""anidb"": ???}"
,kitsu_507,,,507,,,"mal,anilist,anidb",isolated - only has kitsu - needs manual pairing,"{""kitsu"": ""507""}",kitsu_507,"{""mal"": ???, ""anilist"": ???, ""anidb"": ???}"
,kitsu_521,,,521,,,"mal,anilist,anidb",isolated - only has kitsu - needs manual pairing,"{""kitsu"": ""521""}",kitsu_521,"{""mal"": ???, ""anilist"": ???, ""anidb"": ???}"
,kitsu_548,,,548,,,"mal,anilist,anidb",isolated - only has kitsu - needs manual pairing,"{""kitsu"": ""548""}",kitsu_548,"{""mal"": ???, ""anilist"": ???, ""anidb"": ???}"
,kitsu_643,,,643,,,"mal,anilist,anidb",isolated - only has kitsu - needs manual pairing,"{""kitsu"": ""643""}",kitsu_643,"{""mal"": ???, ""anilist"": ???, ""anidb"": ???}"
,kitsu_727,,,727,,,"mal,anilist,anidb",isolated - only has kitsu - needs manual pairing,"{""kitsu"": ""727""}",kitsu_727,"{""mal"": ???, ""anilist"": ???, ""anidb"": ???}"
,kitsu_785,,,785,,,"mal,anilist,anidb",isolated - only has kitsu - needs manual pairing,"{""kitsu"": ""785""}",kitsu_785,"{""mal"": ???, ""anilist"": ???, ""anidb"": ???}"
,kitsu_1547,,,1547,,,"mal,anilist,anidb",isolated - only has kitsu - needs manual pairing,"{""kitsu"": ""1547""}",kitsu_1547,"{""mal"": ???, ""anilist"": ???, ""anidb"": ???}"
,kitsu_2696,,,2696,,,"mal,anilist,anidb",isolated - only has kitsu - needs manual pairing,"{""kitsu"": ""2696""}",kitsu_2696,"{""mal"": ???, ""anilist"": ???, ""anidb"": ???}"
,kitsu_3470,,,3470,,,"mal,anilist,anidb",isolated - only has kitsu - needs manual pairing,"{""kitsu"": ""3470""}",kitsu_3470,"{""mal"": ???, ""anilist"": ???, ""anidb"": ???}"
,kitsu_3835,,,3835,,,"mal,anilist,anidb",isolated - only has kitsu - needs manual pairing,"{""kitsu"": ""3835""}",kitsu_3835,"{""mal"": ???, ""anilist"": ???, ""anidb"": ???}"
,kitsu_4095,,,4095,,,"mal,anilist,anidb",isolated - only has kitsu - needs manual pairing,"{""kitsu"": ""4095""}",kitsu_4095,"{""mal"": ???, ""anilist"": ???, ""anidb"": ???}"
,kitsu_4617,,,4617,,,"mal,anilist,anidb",isolated - only has kitsu - needs manual pairing,"{""kitsu"": ""4617""}",kitsu_4617,"{""mal"": ???, ""anilist"": ???, ""anidb"": ???}"
,kitsu_4804,,,4804,,,"mal,anilist,anidb",isolated - only has kitsu - needs manual pairing,"{""kitsu"": ""4804""}",kitsu_4804,"{""mal"": ???, ""anilist"": ???, ""anidb"": ???}"
,kitsu_5090,,,5090,,,"mal,anilist,anidb",isolated - only has kitsu - needs manual pairing,"{""kitsu"": ""5090""}",kitsu_5090,"{""mal"": ???, ""anilist"": ???, ""anidb"": ???}"
,kitsu_5497,,,5497,,,"mal,anilist,anidb",isolated - only has kitsu - needs manual pairing,"{""kitsu"": ""5497""}",kitsu_5497,"{""mal"": ???, ""anilist"": ???, ""anidb"": ???}"
,kitsu_6203,,,6203,,,"mal,anilist,anidb",isolated - only has kitsu - needs manual pairing,"{""kitsu"": ""6203""}",kitsu_6203,"{""mal"": ???, ""anilist"": ???, ""anidb"": ???}"
,kitsu_6288,,,6288,,,"mal,anilist,anidb",isolated - only has kitsu - needs manual pairing,"{""kitsu"": ""6288""}",kitsu_6288,"{""mal"": ???, ""anilist"": ???, ""anidb"": ???}"
,kitsu_6516,,,6516,,,"mal,anilist,anidb",isolated - only has kitsu - needs manual pairing,"{""kitsu"": ""6516""}",kitsu_6516,"{""mal"": ???, ""anilist"": ???, ""anidb"": ???}"
,kitsu_7167,,,7167,,,"mal,anilist,anidb",isolated - only has kitsu - needs manual pairing,"{""kitsu"": ""7167""}",kitsu_7167,"{""mal"": ???, ""anilist"": ???, ""anidb"": ???}"
,kitsu_7914,,,7914,,,"mal,anilist,anidb",isolated - only has kitsu - needs manual pairing,"{""kitsu"": ""7914""}",kitsu_7914,"{""mal"": ???, ""anilist"": ???, ""anidb"": ???}"
,kitsu_8091,,,8091,,,"mal,anilist,anidb",isolated - only has kitsu - needs manual pairing,"{""kitsu"": ""8091""}",kitsu_8091,"{""mal"": ???, ""anilist"": ???, ""anidb"": ???}"
,kitsu_8305,,,8305,,,"mal,anilist,anidb",isolated - only has kitsu - needs manual pairing,"{""kitsu"": ""8305""}",kitsu_8305,"{""mal"": ???, ""anilist"": ???, ""anidb"": ???}"
,kitsu_8736,,,8736,,,"mal,anilist,anidb",isolated - only has kitsu - needs manual pairing,"{""kitsu"": ""8736""}",kitsu_8736,"{""mal"": ???, ""anilist"": ???, ""anidb"": ???}"
,kitsu_9135,,,9135,,,"mal,anilist,anidb",isolated - only has kitsu - needs manual pairing,"{""kitsu"": ""9135""}",kitsu_9135,"{""mal"": ???, ""anilist"": ???, ""anidb"": ???}"
,kitsu_10092,,,10092,,,"mal,anilist,anidb",isolated - only has kitsu - needs manual pairing,"{""kitsu"": ""10092""}",kitsu_10092,"{""mal"": ???, ""anilist"": ???, ""anidb"": ???}"
,kitsu_10082,,,10082,,,"mal,anilist,anidb",isolated - only has kitsu - needs manual pairing,"{""kitsu"": ""10082""}",kitsu_10082,"{""mal"": ???, ""anilist"": ???, ""anidb"": ???}"
,kitsu_10789,,,10789,,,"mal,anilist,anidb",isolated - only has kitsu - needs manual pairing,"{""kitsu"": ""10789""}",kitsu_10789,"{""mal"": ???, ""anilist"": ???, ""anidb"": ???}"
,kitsu_10877,,,10877,,,"mal,anilist,anidb",isolated - only has kitsu - needs manual pairing,"{""kitsu"": ""10877""}",kitsu_10877,"{""mal"": ???, ""anilist"": ???, ""anidb"": ???}"
,kitsu_11342,,,11342,,,"mal,anilist,anidb",isolated - only has kitsu - needs manual pairing,"{""kitsu"": ""11342""}",kitsu_11342,"{""mal"": ???, ""anilist"": ???, ""anidb"": ???}"
,kitsu_11752,,,11752,,,"mal,anilist,anidb",isolated - only has kitsu - needs manual pairing,"{""kitsu"": ""11752""}",kitsu_11752,"{""mal"": ???, ""anilist"": ???, ""anidb"": ???}"
,kitsu_11937,,,11937,,,"mal,anilist,anidb",isolated - only has kitsu - needs manual pairing,"{""kitsu"": ""11937""}",kitsu_11937,"{""mal"": ???, ""anilist"": ???, ""anidb"": ???}"
,kitsu_11957,,,11957,,,"mal,anilist,anidb",isolated - only has kitsu - needs manual pairing,"{""kitsu"": ""11957""}",kitsu_11957,"{""mal"": ???, ""anilist"": ???, ""anidb"": ???}"
,kitsu_12115,,,12115,,,"mal,anilist,anidb",isolated - only has kitsu - needs manual pairing,"{""kitsu"": ""12115""}",kitsu_12115,"{""mal"": ???, ""anilist"": ???, ""anidb"": ???}"
,kitsu_12769,,,12769,,,"mal,anilist,anidb",isolated - only has kitsu - needs manual pairing,"{""kitsu"": ""12769""}",kitsu_12769,"{""mal"": ???, ""anilist"": ???, ""anidb"": ???}"
,kitsu_12502,,,12502,,,"mal,anilist,anidb",isolated - only has kitsu - needs manual pairing,"{""kitsu"": ""12502""}",kitsu_12502,"{""mal"": ???, ""anilist"": ???, ""anidb"": ???}"
,kitsu_12535,,,12535,,,"mal,anilist,anidb",isolated - only has kitsu - needs manual pairing,"{""kitsu"": ""12535""}",kitsu_12535,"{""mal"": ???, ""anilist"": ???, ""anidb"": ???}"
,kitsu_12767,,,12767,,,"mal,anilist,anidb",isolated - only has kitsu - needs manual pairing,"{""kitsu"": ""12767""}",kitsu_12767,"{""mal"": ???, ""anilist"": ???, ""anidb"": ???}"
,kitsu_13136,,,13136,,,"mal,anilist,anidb",isolated - only has kitsu - needs manual pairing,"{""kitsu"": ""13136""}",kitsu_13136,"{""mal"": ???, ""anilist"": ???, ""anidb"": ???}"
,kitsu_13563,,,13563,,,"mal,anilist,anidb",isolated - only has kitsu - needs manual pairing,"{""kitsu"": ""13563""}",kitsu_13563,"{""mal"": ???, ""anilist"": ???, ""anidb"": ???}"
,kitsu_13581,,,13581,,,"mal,anilist,anidb",isolated - only has kitsu - needs manual pairing,"{""kitsu"": ""13581""}",kitsu_13581,"{""mal"": ???, ""anilist"": ???, ""anidb"": ???}"
,kitsu_13612,,,13612,,,"mal,anilist,anidb",isolated - only has kitsu - needs manual pairing,"{""kitsu"": ""13612""}",kitsu_13612,"{""mal"": ???, ""anilist"": ???, ""anidb"": ???}"
,kitsu_13929,,,13929,,,"mal,anilist,anidb",isolated - only has kitsu - needs manual pairing,"{""kitsu"": ""13929""}",kitsu_13929,"{""mal"": ???, ""anilist"": ???, ""anidb"": ???}"
,kitsu_41761,,,41761,,,"mal,anilist,anidb",isolated - only has kitsu - needs manual pairing,"{""kitsu"": ""41761""}",kitsu_41761,"{""mal"": ???, ""anilist"": ???, ""anidb"": ???}"
,kitsu_41083,,,41083,,,"mal,anilist,anidb",isolated - only has kitsu - needs manual pairing,"{""kitsu"": ""41083""}",kitsu_41083,"{""mal"": ???, ""anilist"": ???, ""anidb"": ???}"
,kitsu_41359,,,41359,,,"mal,anilist,anidb",isolated - only has kitsu - needs manual pairing,"{""kitsu"": ""41359""}",kitsu_41359,"{""mal"": ???, ""anilist"": ???, ""anidb"": ???}"
,kitsu_41442,,,41442,,,"mal,anilist,anidb",isolated - only has kitsu - needs manual pairing,"{""kitsu"": ""41442""}",kitsu_41442,"{""mal"": ???, ""anilist"": ???, ""anidb"": ???}"
,kitsu_41440,,,41440,,,"mal,anilist,anidb",isolated - only has kitsu - needs manual pairing,"{""kitsu"": ""41440""}",kitsu_41440,"{""mal"": ???, ""anilist"": ???, ""anidb"": ???}"
,kitsu_42068,,,42068,,,"mal,anilist,anidb",isolated - only has kitsu - needs manual pairing,"{""kitsu"": ""42068""}",kitsu_42068,"{""mal"": ???, ""anilist"": ???, ""anidb"": ???}"
,kitsu_46176,,,46176,,,"mal,anilist,anidb",isolated - only has kitsu - needs manual pairing,"{""kitsu"": ""46176""}",kitsu_46176,"{""mal"": ???, ""anilist"": ???, ""anidb"": ???}"
,kitsu_42148,,,42148,,,"mal,anilist,anidb",isolated - only has kitsu - needs manual pairing,"{""kitsu"": ""42148""}",kitsu_42148,"{""mal"": ???, ""anilist"": ???, ""anidb"": ???}"
,kitsu_42892,,,42892,,,"mal,anilist,anidb",isolated - only has kitsu - needs manual pairing,"{""kitsu"": ""42892""}",kitsu_42892,"{""mal"": ???, ""anilist"": ???, ""anidb"": ???}"
,kitsu_42196,,,42196,,,"mal,anilist,anidb",isolated - only has kitsu - needs manual pairing,"{""kitsu"": ""42196""}",kitsu_42196,"{""mal"": ???, ""anilist"": ???, ""anidb"": ???}"
,kitsu_42263,,,42263,,,"mal,anilist,anidb",isolated - only has kitsu - needs manual pairing,"{""kitsu"": ""42263""}",kitsu_42263,"{""mal"": ???, ""anilist"": ???, ""anidb"": ???}"
,kitsu_42390,,,42390,,,"mal,anilist,anidb",isolated - only has kitsu - needs manual pairing,"{""kitsu"": ""42390""}",kitsu_42390,"{""mal"": ???, ""anilist"": ???, ""anidb"": ???}"
,kitsu_42611,,,42611,,,"mal,anilist,anidb",isolated - only has kitsu - needs manual pairing,"{""kitsu"": ""42611""}",kitsu_42611,"{""mal"": ???, ""anilist"": ???, ""anidb"": ???}"
,kitsu_42921,,,42921,,,"mal,anilist,anidb",isolated - only has kitsu - needs manual pairing,"{""kitsu"": ""42921""}",kitsu_42921,"{""mal"": ???, ""anilist"": ???, ""anidb"": ???}"
,kitsu_42909,,,42909,,,"mal,anilist,anidb",isolated - only has kitsu - needs manual pairing,"{""kitsu"": ""42909""}",kitsu_42909,"{""mal"": ???, ""anilist"": ???, ""anidb"": ???}"
,kitsu_42957,,,42957,,,"mal,anilist,anidb",isolated - only has kitsu - needs manual pairing,"{""kitsu"": ""42957""}",kitsu_42957,"{""mal"": ???, ""anilist"": ???, ""anidb"": ???}"
,kitsu_43067,,,43067,,,"mal,anilist,anidb",isolated - only has kitsu - needs manual pairing,"{""kitsu"": ""43067""}",kitsu_43067,"{""mal"": ???, ""anilist"": ???, ""anidb"": ???}"
,kitsu_43458,,,43458,,,"mal,anilist,anidb",isolated - only has kitsu - needs manual pairing,"{""kitsu"": ""43458""}",kitsu_43458,"{""mal"": ???, ""anilist"": ???, ""anidb"": ???}"
,kitsu_43086,,,43086,,,"mal,anilist,anidb",isolated - only has kitsu - needs manual pairing,"{""kitsu"": ""43086""}",kitsu_43086,"{""mal"": ???, ""anilist"": ???, ""anidb"": ???}"
,kitsu_43118,,,43118,,,"mal,anilist,anidb",isolated - only has kitsu - needs manual pairing,"{""kitsu"": ""43118""}",kitsu_43118,"{""mal"": ???, ""anilist"": ???, ""anidb"": ???}"
,kitsu_43600,,,43600,,,"mal,anilist,anidb",isolated - only has kitsu - needs manual pairing,"{""kitsu"": ""43600""}",kitsu_43600,"{""mal"": ???, ""anilist"": ???, ""anidb"": ???}"
,kitsu_43861,,,43861,,,"mal,anilist,anidb",isolated - only has kitsu - needs manual pairing,"{""kitsu"": ""43861""}",kitsu_43861,"{""mal"": ???, ""anilist"": ???, ""anidb"": ???}"
,kitsu_43933,,,43933,,,"mal,anilist,anidb",isolated - only has kitsu - needs manual pairing,"{""kitsu"": ""43933""}",kitsu_43933,"{""mal"": ???, ""anilist"": ???, ""anidb"": ???}"
,kitsu_43932,,,43932,,,"mal,anilist,anidb",isolated - only has kitsu - needs manual pairing,"{""kitsu"": ""43932""}",kitsu_43932,"{""mal"": ???, ""anilist"": ???, ""anidb"": ???}"
,kitsu_44032,,,44032,,,"mal,anilist,anidb",isolated - only has kitsu - needs manual pairing,"{""kitsu"": ""44032""}",kitsu_44032,"{""mal"": ???, ""anilist"": ???, ""anidb"": ???}"
,kitsu_44102,,,44102,,,"mal,anilist,anidb",isolated - only has kitsu - needs manual pairing,"{""kitsu"": ""44102""}",kitsu_44102,"{""mal"": ???, ""anilist"": ???, ""anidb"": ???}"
,kitsu_44185,,,44185,,,"mal,anilist,anidb",isolated - only has kitsu - needs manual pairing,"{""kitsu"": ""44185""}",kitsu_44185,"{""mal"": ???, ""anilist"": ???, ""anidb"": ???}"
,kitsu_44294,,,44294,,,"mal,anilist,anidb",isolated - only has kitsu - needs manual pairing,"{""kitsu"": ""44294""}",kitsu_44294,"{""mal"": ???, ""anilist"": ???, ""anidb"": ???}"
,kitsu_44665,,,44665,,,"mal,anilist,anidb",isolated - only has kitsu - needs manual pairing,"{""kitsu"": ""44665""}",kitsu_44665,"{""mal"": ???, ""anilist"": ???, ""anidb"": ???}"
,kitsu_44911,,,44911,,,"mal,anilist,anidb",isolated - only has kitsu - needs manual pairing,"{""kitsu"": ""44911""}",kitsu_44911,"{""mal"": ???, ""anilist"": ???, ""anidb"": ???}"
,kitsu_46643,,,46643,,,"mal,anilist,anidb",isolated - only has kitsu - needs manual pairing,"{""kitsu"": ""46643""}",kitsu_46643,"{""mal"": ???, ""anilist"": ???, ""anidb"": ???}"
,kitsu_44988,,,44988,,,"mal,anilist,anidb",isolated - only has kitsu - needs manual pairing,"{""kitsu"": ""44988""}",kitsu_44988,"{""mal"": ???, ""anilist"": ???, ""anidb"": ???}"
,kitsu_45151,,,45151,,,"mal,anilist,anidb",isolated - only has kitsu - needs manual pairing,"{""kitsu"": ""45151""}",kitsu_45151,"{""mal"": ???, ""anilist"": ???, ""anidb"": ???}"
,kitsu_48233,,,48233,,,"mal,anilist,anidb",isolated - only has kitsu - needs manual pairing,"{""kitsu"": ""48233""}",kitsu_48233,"{""mal"": ???, ""anilist"": ???, ""anidb"": ???}"
,kitsu_45240,,,45240,,,"mal,anilist,anidb",isolated - only has kitsu - needs manual pairing,"{""kitsu"": ""45240""}",kitsu_45240,"{""mal"": ???, ""anilist"": ???, ""anidb"": ???}"
,kitsu_45333,,,45333,,,"mal,anilist,anidb",isolated - only has kitsu - needs manual pairing,"{""kitsu"": ""45333""}",kitsu_45333,"{""mal"": ???, ""anilist"": ???, ""anidb"": ???}"
,kitsu_45401,,,45401,,,"mal,anilist,anidb",isolated - only has kitsu - needs manual pairing,"{""kitsu"": ""45401""}",kitsu_45401,"{""mal"": ???, ""anilist"": ???, ""anidb"": ???}"
,kitsu_45524,,,45524,,,"mal,anilist,anidb",isolated - only has kitsu - needs manual pairing,"{""kitsu"": ""45524""}",kitsu_45524,"{""mal"": ???, ""anilist"": ???, ""anidb"": ???}"
,kitsu_45616,,,45616,,,"mal,anilist,anidb",isolated - only has kitsu - needs manual pairing,"{""kitsu"": ""45616""}",kitsu_45616,"{""mal"": ???, ""anilist"": ???, ""anidb"": ???}"
,kitsu_45653,,,45653,,,"mal,anilist,anidb",isolated - only has kitsu - needs manual pairing,"{""kitsu"": ""45653""}",kitsu_45653,"{""mal"": ???, ""anilist"": ???, ""anidb"": ???}"
,kitsu_45657,,,45657,,,"mal,anilist,anidb",isolated - only has kitsu - needs manual pairing,"{""kitsu"": ""45657""}",kitsu_45657,"{""mal"": ???, ""anilist"": ???, ""anidb"": ???}"
,kitsu_45717,,,45717,,,"mal,anilist,anidb",isolated - only has kitsu - needs manual pairing,"{""kitsu"": ""45717""}",kitsu_45717,"{""mal"": ???, ""anilist"": ???, ""anidb"": ???}"
,kitsu_46270,,,46270,,,"mal,anilist,anidb",isolated - only has kitsu - needs manual pairing,"{""kitsu"": ""46270""}",kitsu_46270,"{""mal"": ???, ""anilist"": ???, ""anidb"": ???}"
,kitsu_46033,,,46033,,,"mal,anilist,anidb",isolated - only has kitsu - needs manual pairing,"{""kitsu"": ""46033""}",kitsu_46033,"{""mal"": ???, ""anilist"": ???, ""anidb"": ???}"
,kitsu_46038,,,46038,,,"mal,anilist,anidb",isolated - only has kitsu - needs manual pairing,"{""kitsu"": ""46038""}",kitsu_46038,"{""mal"": ???, ""anilist"": ???, ""anidb"": ???}"
,kitsu_46043,,,46043,,,"mal,anilist,anidb",isolated - only has kitsu - needs manual pairing,"{""kitsu"": ""46043""}",kitsu_46043,"{""mal"": ???, ""anilist"": ???, ""anidb"": ???}"
,kitsu_46057,,,46057,,,"mal,anilist,anidb",isolated - only has kitsu - needs manual pairing,"{""kitsu"": ""46057""}",kitsu_46057,"{""mal"": ???, ""anilist"": ???, ""anidb"": ???}"
,kitsu_46119,,,46119,,,"mal,anilist,anidb",isolated - only has kitsu - needs manual pairing,"{""kitsu"": ""46119""}",kitsu_46119,"{""mal"": ???, ""anilist"": ???, ""anidb"": ???}"
,kitsu_46170,,,46170,,,"mal,anilist,anidb",isolated - only has kitsu - needs manual pairing,"{""kitsu"": ""46170""}",kitsu_46170,"{""mal"": ???, ""anilist"": ???, ""anidb"": ???}"
,kitsu_46209,,,46209,,,"mal,anilist,anidb",isolated - only has kitsu - needs manual pairing,"{""kitsu"": ""46209""}",kitsu_46209,"{""mal"": ???, ""anilist"": ???, ""anidb"": ???}"
,kitsu_46183,,,46183,,,"mal,anilist,anidb",isolated - only has kitsu - needs manual pairing,"{""kitsu"": ""46183""}",kitsu_46183,"{""mal"": ???, ""anilist"": ???, ""anidb"": ???}"
,kitsu_46210,,,46210,,,"mal,anilist,anidb",isolated - only has kitsu - needs manual pairing,"{""kitsu"": ""46210""}",kitsu_46210,"{""mal"": ???, ""anilist"": ???, ""anidb"": ???}"
,kitsu_46227,,,46227,,,"mal,anilist,anidb",isolated - only has kitsu - needs manual pairing,"{""kitsu"": ""46227""}",kitsu_46227,"{""mal"": ???, ""anilist"": ???, ""anidb"": ???}"
,kitsu_46648,,,46648,,,"mal,anilist,anidb",isolated - only has kitsu - needs manual pairing,"{""kitsu"": ""46648""}",kitsu_46648,"{""mal"": ???, ""anilist"": ???, ""anidb"": ???}"
,kitsu_48349,,,48349,,,"mal,anilist,anidb",isolated - only has kitsu - needs manual pairing,"{""kitsu"": ""48349""}",kitsu_48349,"{""mal"": ???, ""anilist"": ???, ""anidb"": ???}"
,kitsu_46686,,,46686,,,"mal,anilist,anidb",isolated - only has kitsu - needs manual pairing,"{""kitsu"": ""46686""}",kitsu_46686,"{""mal"": ???, ""anilist"": ???, ""anidb"": ???}"
,kitsu_46840,,,46840,,,"mal,anilist,anidb",isolated - only has kitsu - needs manual pairing,"{""kitsu"": ""46840""}",kitsu_46840,"{""mal"": ???, ""anilist"": ???, ""anidb"": ???}"
,kitsu_46842,,,46842,,,"mal,anilist,anidb",isolated - only has kitsu - needs manual pairing,"{""kitsu"": ""46842""}",kitsu_46842,"{""mal"": ???, ""anilist"": ???, ""anidb"": ???}"
,kitsu_46873,,,46873,,,"mal,anilist,anidb",isolated - only has kitsu - needs manual pairing,"{""kitsu"": ""46873""}",kitsu_46873,"{""mal"": ???, ""anilist"": ???, ""anidb"": ???}"
,kitsu_47232,,,47232,,,"mal,anilist,anidb",isolated - only has kitsu - needs manual pairing,"{""kitsu"": ""47232""}",kitsu_47232,"{""mal"": ???, ""anilist"": ???, ""anidb"": ???}"
,kitsu_47226,,,47226,,,"mal,anilist,anidb",isolated - only has kitsu - needs manual pairing,"{""kitsu"": ""47226""}",kitsu_47226,"{""mal"": ???, ""anilist"": ???, ""anidb"": ???}"
,kitsu_47243,,,47243,,,"mal,anilist,anidb",isolated - only has kitsu - needs manual pairing,"{""kitsu"": ""47243""}",kitsu_47243,"{""mal"": ???, ""anilist"": ???, ""anidb"": ???}"
,kitsu_47634,,,47634,,,"mal,anilist,anidb",isolated - only has kitsu - needs manual pairing,"{""kitsu"": ""47634""}",kitsu_47634,"{""mal"": ???, ""anilist"": ???, ""anidb"": ???}"
,kitsu_47635,,,47635,,,"mal,anilist,anidb",isolated - only has kitsu - needs manual pairing,"{""kitsu"": ""47635""}",kitsu_47635,"{""mal"": ???, ""anilist"": ???, ""anidb"": ???}"
,kitsu_47659,,,47659,,,"mal,anilist,anidb",isolated - only has kitsu - needs manual pairing,"{""kitsu"": ""47659""}",kitsu_47659,"{""mal"": ???, ""anilist"": ???, ""anidb"": ???}"
,kitsu_48036,,,48036,,,"mal,anilist,anidb",isolated - only has kitsu - needs manual pairing,"{""kitsu"": ""48036""}",kitsu_48036,"{""mal"": ???, ""anilist"": ???, ""anidb"": ???}"
,kitsu_47679,,,47679,,,"mal,anilist,anidb",isolated - only has kitsu - needs manual pairing,"{""kitsu"": ""47679""}",kitsu_47679,"{""mal"": ???, ""anilist"": ???, ""anidb"": ???}"
,kitsu_47694,,,47694,,,"mal,anilist,anidb",isolated - only has kitsu - needs manual pairing,"{""kitsu"": ""47694""}",kitsu_47694,"{""mal"": ???, ""anilist"": ???, ""anidb"": ???}"
,kitsu_47778,,,47778,,,"mal,anilist,anidb",isolated - only has kitsu - needs manual pairing,"{""kitsu"": ""47778""}",kitsu_47778,"{""mal"": ???, ""anilist"": ???, ""anidb"": ???}"
,kitsu_47891,,,47891,,,"mal,anilist,anidb",isolated - only has kitsu - needs manual pairing,"{""kitsu"": ""47891""}",kitsu_47891,"{""mal"": ???, ""anilist"": ???, ""anidb"": ???}"
,kitsu_47872,,,47872,,,"mal,anilist,anidb",isolated - only has kitsu - needs manual pairing,"{""kitsu"": ""47872""}",kitsu_47872,"{""mal"": ???, ""anilist"": ???, ""anidb"": ???}"
,kitsu_47881,,,47881,,,"mal,anilist,anidb",isolated - only has kitsu - needs manual pairing,"{""kitsu"": ""47881""}",kitsu_47881,"{""mal"": ???, ""anilist"": ???, ""anidb"": ???}"
,kitsu_47968,,,47968,,,"mal,anilist,anidb",isolated - only has kitsu - needs manual pairing,"{""kitsu"": ""47968""}",kitsu_47968,"{""mal"": ???, ""anilist"": ???, ""anidb"": ???}"
,kitsu_43855,,,43855,,,"mal,anilist,anidb",isolated - only has kitsu - needs manual pairing,"{""kitsu"": ""43855""}",kitsu_43855,"{""mal"": ???, ""anilist"": ???, ""anidb"": ???}"
,kitsu_48058,,,48058,,,"mal,anilist,anidb",isolated - only has kitsu - needs manual pairing,"{""kitsu"": ""48058""}",kitsu_48058,"{""mal"": ???, ""anilist"": ???, ""anidb"": ???}"
,kitsu_48108,,,48108,,,"mal,anilist,anidb",isolated - only has kitsu - needs manual pairing,"{""kitsu"": ""48108""}",kitsu_48108,"{""mal"": ???, ""anilist"": ???, ""anidb"": ???}"
,kitsu_48125,,,48125,,,"mal,anilist,anidb",isolated - only has kitsu - needs manual pairing,"{""kitsu"": ""48125""}",kitsu_48125,"{""mal"": ???, ""anilist"": ???, ""anidb"": ???}"
,kitsu_48190,,,48190,,,"mal,anilist,anidb",isolated - only has kitsu - needs manual pairing,"{""kitsu"": ""48190""}",kitsu_48190,"{""mal"": ???, ""anilist"": ???, ""anidb"": ???}"
,kitsu_48323,,,48323,,,"mal,anilist,anidb",isolated - only has kitsu - needs manual pairing,"{""kitsu"": ""48323""}",kitsu_48323,"{""mal"": ???, ""anilist"": ???, ""anidb"": ???}"
,kitsu_48361,,,48361,,,"mal,anilist,anidb",isolated - only has kitsu - needs manual pairing,"{""kitsu"": ""48361""}",kitsu_48361,"{""mal"": ???, ""anilist"": ???, ""anidb"": ???}"
,kitsu_49502,,,49502,,,"mal,anilist,anidb",isolated - only has kitsu - needs manual pairing,"{""kitsu"": ""49502""}",kitsu_49502,"{""mal"": ???, ""anilist"": ???, ""anidb"": ???}"
,kitsu_48448,,,48448,,,"mal,anilist,anidb",isolated - only has kitsu - needs manual pairing,"{""kitsu"": ""48448""}",kitsu_48448,"{""mal"": ???, ""anilist"": ???, ""anidb"": ???}"
,kitsu_48476,,,48476,,,"mal,anilist,anidb",isolated - only has kitsu - needs manual pairing,"{""kitsu"": ""48476""}",kitsu_48476,"{""mal"": ???, ""anilist"": ???, ""anidb"": ???}"
,kitsu_48535,,,48535,,,"mal,anilist,anidb",isolated - only has kitsu - needs manual pairing,"{""kitsu"": ""48535""}",kitsu_48535,"{""mal"": ???, ""anilist"": ???, ""anidb"": ???}"
,kitsu_48564,,,48564,,,"mal,anilist,anidb",isolated - only has kitsu - needs manual pairing,"{""kitsu"": ""48564""}",kitsu_48564,"{""mal"": ???, ""anilist"": ???, ""anidb"": ???}"
,kitsu_48570,,,48570,,,"mal,anilist,anidb",isolated - only has kitsu - needs manual pairing,"{""kitsu"": ""48570""}",kitsu_48570,"{""mal"": ???, ""anilist"": ???, ""anidb"": ???}"
,kitsu_48606,,,48606,,,"mal,anilist,anidb",isolated - only has kitsu - needs manual pairing,"{""kitsu"": ""48606""}",kitsu_48606,"{""mal"": ???, ""anilist"": ???, ""anidb"": ???}"
,kitsu_48690,,,48690,,,"mal,anilist,anidb",isolated - only has kitsu - needs manual pairing,"{""kitsu"": ""48690""}",kitsu_48690,"{""mal"": ???, ""anilist"": ???, ""anidb"": ???}"
,kitsu_48702,,,48702,,,"mal,anilist,anidb",isolated - only has kitsu - needs manual pairing,"{""kitsu"": ""48702""}",kitsu_48702,"{""mal"": ???, ""anilist"": ???, ""anidb"": ???}"
,kitsu_48834,,,48834,,,"mal,anilist,anidb",isolated - only has kitsu - needs manual pairing,"{""kitsu"": ""48834""}",kitsu_48834,"{""mal"": ???, ""anilist"": ???, ""anidb"": ???}"
,kitsu_48893,,,48893,,,"mal,anilist,anidb",isolated - only has kitsu - needs manual pairing,"{""kitsu"": ""48893""}",kitsu_48893,"{""mal"": ???, ""anilist"": ???, ""anidb"": ???}"
,kitsu_48939,,,48939,,,"mal,anilist,anidb",isolated - only has kitsu - needs manual pairing,"{""kitsu"": ""48939""}",kitsu_48939,"{""mal"": ???, ""anilist"": ???, ""anidb"": ???}"
,kitsu_48946,,,48946,,,"mal,anilist,anidb",isolated - only has kitsu - needs manual pairing,"{""kitsu"": ""48946""}",kitsu_48946,"{""mal"": ???, ""anilist"": ???, ""anidb"": ???}"
,kitsu_48968,,,48968,,,"mal,anilist,anidb",isolated - only has kitsu - needs manual pairing,"{""kitsu"": ""48968""}",kitsu_48968,"{""mal"": ???, ""anilist"": ???, ""anidb"": ???}"
,kitsu_49057,,,49057,,,"mal,anilist,anidb",isolated - only has kitsu - needs manual pairing,"{""kitsu"": ""49057""}",kitsu_49057,"{""mal"": ???, ""anilist"": ???, ""anidb"": ???}"
,kitsu_49005,,,49005,,,"mal,anilist,anidb",isolated - only has kitsu - needs manual pairing,"{""kitsu"": ""49005""}",kitsu_49005,"{""mal"": ???, ""anilist"": ???, ""anidb"": ???}"
,kitsu_49001,,,49001,,,"mal,anilist,anidb",isolated - only has kitsu - needs manual pairing,"{""kitsu"": ""49001""}",kitsu_49001,"{""mal"": ???, ""anilist"": ???, ""anidb"": ???}"
,kitsu_49061,,,49061,,,"mal,anilist,anidb",isolated - only has kitsu - needs manual pairing,"{""kitsu"": ""49061""}",kitsu_49061,"{""mal"": ???, ""anilist"": ???, ""anidb"": ???}"
,kitsu_49016,,,49016,,,"mal,anilist,anidb",isolated - only has kitsu - needs manual pairing,"{""kitsu"": ""49016""}",kitsu_49016,"{""mal"": ???, ""anilist"": ???, ""anidb"": ???}"
,kitsu_49064,,,49064,,,"mal,anilist,anidb",isolated - only has kitsu - needs manual pairing,"{""kitsu"": ""49064""}",kitsu_49064,"{""mal"": ???, ""anilist"": ???, ""anidb"": ???}"
,kitsu_49896,,,49896,,,"mal,anilist,anidb",isolated - only has kitsu - needs manual pairing,"{""kitsu"": ""49896""}",kitsu_49896,"{""mal"": ???, ""anilist"": ???, ""anidb"": ???}"
,kitsu_49119,,,49119,,,"mal,anilist,anidb",isolated - only has kitsu - needs manual pairing,"{""kitsu"": ""49119""}",kitsu_49119,"{""mal"": ???, ""anilist"": ???, ""anidb"": ???}"
,kitsu_49097,,,49097,,,"mal,anilist,anidb",isolated - only has kitsu - needs manual pairing,"{""kitsu"": ""49097""}",kitsu_49097,"{""mal"": ???, ""anilist"": ???, ""anidb"": ???}"
,kitsu_49129,,,49129,,,"mal,anilist,anidb",isolated - only has kitsu - needs manual pairing,"{""kitsu"": ""49129""}",kitsu_49129,"{""mal"": ???, ""anilist"": ???, ""anidb"": ???}"
,kitsu_49147,,,49147,,,"mal,anilist,anidb",isolated - only has kitsu - needs manual pairing,"{""kitsu"": ""49147""}",kitsu_49147,"{""mal"": ???, ""anilist"": ???, ""anidb"": ???}"
,kitsu_49185,,,49185,,,"mal,anilist,anidb",isolated - only has kitsu - needs manual pairing,"{""kitsu"": ""49185""}",kitsu_49185,"{""mal"": ???, ""anilist"": ???, ""anidb"": ???}"
,kitsu_49203,,,49203,,,"mal,anilist,anidb",isolated - only has kitsu - needs manual pairing,"{""kitsu"": ""49203""}",kitsu_49203,"{""mal"": ???, ""anilist"": ???, ""anidb"": ???}"
,kitsu_49235,,,49235,,,"mal,anilist,anidb",isolated - only has kitsu - needs manual pairing,"{""kitsu"": ""49235""}",kitsu_49235,"{""mal"": ???, ""anilist"": ???, ""anidb"": ???}"
,kitsu_49240,,,49240,,,"mal,anilist,anidb",isolated - only has kitsu - needs manual pairing,"{""kitsu"": ""49240""}",kitsu_49240,"{""mal"": ???, ""anilist"": ???, ""anidb"": ???}"
,kitsu_49826,,,49826,,,"mal,anilist,anidb",isolated - only has kitsu - needs manual pairing,"{""kitsu"": ""49826""}",kitsu_49826,"{""mal"": ???, ""anilist"": ???, ""anidb"": ???}"
,kitsu_49264,,,49264,,,"mal,anilist,anidb",isolated - only has kitsu - needs manual pairing,"{""kitsu"": ""49264""}",kitsu_49264,"{""mal"": ???, ""anilist"": ???, ""anidb"": ???}"
,kitsu_49279,,,49279,,,"mal,anilist,anidb",isolated - only has kitsu - needs manual pairing,"{""kitsu"": ""49279""}",kitsu_49279,"{""mal"": ???, ""anilist"": ???, ""anidb"": ???}"
,kitsu_49740,,,49740,,,"mal,anilist,anidb",isolated - only has kitsu - needs manual pairing,"{""kitsu"": ""49740""}",kitsu_49740,"{""mal"": ???, ""anilist"": ???, ""anidb"": ???}"
,kitsu_49294,,,49294,,,"mal,anilist,anidb",isolated - only has kitsu - needs manual pairing,"{""kitsu"": ""49294""}",kitsu_49294,"{""mal"": ???, ""anilist"": ???, ""anidb"": ???}"
,kitsu_49297,,,49297,,,"mal,anilist,anidb",isolated - only has kitsu - needs manual pairing,"{""kitsu"": ""49297""}",kitsu_49297,"{""mal"": ???, ""anilist"": ???, ""anidb"": ???}"
,kitsu_49931,,,49931,,,"mal,anilist,anidb",isolated - only has kitsu - needs manual pairing,"{""kitsu"": ""49931""}",kitsu_49931,"{""mal"": ???, ""anilist"": ???, ""anidb"": ???}"
,kitsu_49323,,,49323,,,"mal,anilist,anidb",isolated - only has kitsu - needs manual pairing,"{""kitsu"": ""49323""}",kitsu_49323,"{""mal"": ???, ""anilist"": ???, ""anidb"": ???}"
,kitsu_49337,,,49337,,,"mal,anilist,anidb",isolated - only has kitsu - needs manual pairing,"{""kitsu"": ""49337""}",kitsu_49337,"{""mal"": ???, ""anilist"": ???, ""anidb"": ???}"
,kitsu_49357,,,49357,,,"mal,anilist,anidb",isolated - only has kitsu - needs manual pairing,"{""kitsu"": ""49357""}",kitsu_49357,"{""mal"": ???, ""anilist"": ???, ""anidb"": ???}"
,kitsu_49356,,,49356,,,"mal,anilist,anidb",isolated - only has kitsu - needs manual pairing,"{""kitsu"": ""49356""}",kitsu_49356,"{""mal"": ???, ""anilist"": ???, ""anidb"": ???}"
,kitsu_49929,,,49929,,,"mal,anilist,anidb",isolated - only has kitsu - needs manual pairing,"{""kitsu"": ""49929""}",kitsu_49929,"{""mal"": ???, ""anilist"": ???, ""anidb"": ???}"
,kitsu_49407,,,49407,,,"mal,anilist,anidb",isolated - only has kitsu - needs manual pairing,"{""kitsu"": ""49407""}",kitsu_49407,"{""mal"": ???, ""anilist"": ???, ""anidb"": ???}"
,kitsu_49425,,,49425,,,"mal,anilist,anidb",isolated - only has kitsu - needs manual pairing,"{""kitsu"": ""49425""}",kitsu_49425,"{""mal"": ???, ""anilist"": ???, ""anidb"": ???}"
,kitsu_50106,,,50106,,,"mal,anilist,anidb",isolated - only has kitsu - needs manual pairing,"{""kitsu"": ""50106""}",kitsu_50106,"{""mal"": ???, ""anilist"": ???, ""anidb"": ???}"
,kitsu_49892,,,49892,,,"mal,anilist,anidb",isolated - only has kitsu - needs manual pairing,"{""kitsu"": ""49892""}",kitsu_49892,"{""mal"": ???, ""anilist"": ???, ""anidb"": ???}"
,kitsu_49651,,,49651,,,"mal,anilist,anidb",isolated - only has kitsu - needs manual pairing,"{""kitsu"": ""49651""}",kitsu_49651,"{""mal"": ???, ""anilist"": ???, ""anidb"": ???}"
,kitsu_49867,,,49867,,,"mal,anilist,anidb",isolated - only has kitsu - needs manual pairing,"{""kitsu"": ""49867""}",kitsu_49867,"{""mal"": ???, ""anilist"": ???, ""anidb"": ???}"
,kitsu_49493,,,49493,,,"mal,anilist,anidb",isolated - only has kitsu - needs manual pairing,"{""kitsu"": ""49493""}",kitsu_49493,"{""mal"": ???, ""anilist"": ???, ""anidb"": ???}"
,kitsu_49899,,,49899,,,"mal,anilist,anidb",isolated - only has kitsu - needs manual pairing,"{""kitsu"": ""49899""}",kitsu_49899,"{""mal"": ???, ""anilist"": ???, ""anidb"": ???}"
,kitsu_49567,,,49567,,,"mal,anilist,anidb",isolated - only has kitsu - needs manual pairing,"{""kitsu"": ""49567""}",kitsu_49567,"{""mal"": ???, ""anilist"": ???, ""anidb"": ???}"
,kitsu_50423,,,50423,,,"mal,anilist,anidb",isolated - only has kitsu - needs manual pairing,"{""kitsu"": ""50423""}",kitsu_50423,"{""mal"": ???, ""anilist"": ???, ""anidb"": ???}"
,kitsu_49927,,,49927,,,"mal,anilist,anidb",isolated - only has kitsu - needs manual pairing,"{""kitsu"": ""49927""}",kitsu_49927,"{""mal"": ???, ""anilist"": ???, ""anidb"": ???}"
,kitsu_49669,,,49669,,,"mal,anilist,anidb",isolated - only has kitsu - needs manual pairing,"{""kitsu"": ""49669""}",kitsu_49669,"{""mal"": ???, ""anilist"": ???, ""anidb"": ???}"
,kitsu_49715,,,49715,,,"mal,anilist,anidb",isolated - only has kitsu - needs manual pairing,"{""kitsu"": ""49715""}",kitsu_49715,"{""mal"": ???, ""anilist"": ???, ""anidb"": ???}"
,kitsu_50008,,,50008,,,"mal,anilist,anidb",isolated - only has kitsu - needs manual pairing,"{""kitsu"": ""50008""}",kitsu_50008,"{""mal"": ???, ""anilist"": ???, ""anidb"": ???}"
,kitsu_50484,,,50484,,,"mal,anilist,anidb",isolated - only has kitsu - needs manual pairing,"{""kitsu"": ""50484""}",kitsu_50484,"{""mal"": ???, ""anilist"": ???, ""anidb"": ???}"
,kitsu_50196,,,50196,,,"mal,anilist,anidb",isolated - only has kitsu - needs manual pairing,"{""kitsu"": ""50196""}",kitsu_50196,"{""mal"": ???, ""anilist"": ???, ""anidb"": ???}"
,kitsu_49363,,,49363,,,"mal,anilist,anidb",isolated - only has kitsu - needs manual pairing,"{""kitsu"": ""49363""}",kitsu_49363,"{""mal"": ???, ""anilist"": ???, ""anidb"": ???}"
,kitsu_50325,,,50325,,,"mal,anilist,anidb",isolated - only has kitsu - needs manual pairing,"{""kitsu"": ""50325""}",kitsu_50325,"{""mal"": ???, ""anilist"": ???, ""anidb"": ???}"
,kitsu_48237,,,48237,,,"mal,anilist,anidb",isolated - only has kitsu - needs manual pairing,"{""kitsu"": ""48237""}",kitsu_48237,"{""mal"": ???, ""anilist"": ???, ""anidb"": ???}"
,kitsu_49466,,,49466,,,"mal,anilist,anidb",isolated - only has kitsu - needs manual pairing,"{""kitsu"": ""49466""}",kitsu_49466,"{""mal"": ???, ""anilist"": ???, ""anidb"": ???}"
,kitsu_698,,,698,,,"mal,anilist,anidb",isolated - only has kitsu - needs manual pairing,"{""kitsu"": ""698""}",kitsu_698,"{""mal"": ???, ""anilist"": ???, ""anidb"": ???}"
,kitsu_49909,,,49909,,,"mal,anilist,anidb",isolated - only has kitsu - needs manual pairing,"{""kitsu"": ""49909""}",kitsu_49909,"{""mal"": ???, ""anilist"": ???, ""anidb"": ???}"
,kitsu_47759,,,47759,,,"mal,anilist,anidb",isolated - only has kitsu - needs manual pairing,"{""kitsu"": ""47759""}",kitsu_47759,"{""mal"": ???, ""anilist"": ???, ""anidb"": ???}"
,kitsu_13918,,,13918,,,"mal,anilist,anidb",isolated - only has kitsu - needs manual pairing,"{""kitsu"": ""13918""}",kitsu_13918,"{""mal"": ???, ""anilist"": ???, ""anidb"": ???}"
,kitsu_50424,,,50424,,,"mal,anilist,anidb",isolated - only has kitsu - needs manual pairing,"{""kitsu"": ""50424""}",kitsu_50424,"{""mal"": ???, ""anilist"": ???, ""anidb"": ???}"
,kitsu_2372,,,2372,,,"mal,anilist,anidb",isolated - only has kitsu - needs manual pairing,"{""kitsu"": ""2372""}",kitsu_2372,"{""mal"": ???, ""anilist"": ???, ""anidb"": ???}"
,kitsu_50444,,,50444,,,"mal,anilist,anidb",isolated - only has kitsu - needs manual pairing,"{""kitsu"": ""50444""}",kitsu_50444,"{""mal"": ???, ""anilist"": ???, ""anidb"": ???}"
,kitsu_49923,,,49923,,,"mal,anilist,anidb",isolated - only has kitsu - needs manual pairing,"{""kitsu"": ""49923""}",kitsu_49923,"{""mal"": ???, ""anilist"": ???, ""anidb"": ???}"
,kitsu_49183,,,49183,,,"mal,anilist,anidb",isolated - only has kitsu - needs manual pairing,"{""kitsu"": ""49183""}",kitsu_49183,"{""mal"": ???, ""anilist"": ???, ""anidb"": ???}"
,kitsu_49674,,,49674,,,"mal,anilist,anidb",isolated - only has kitsu - needs manual pairing,"{""kitsu"": ""49674""}",kitsu_49674,"{""mal"": ???, ""anilist"": ???, ""anidb"": ???}"
,kitsu_48138,,,48138,,,"mal,anilist,anidb",isolated - only has kitsu - needs manual pairing,"{""kitsu"": ""48138""}",kitsu_48138,"{""mal"": ???, ""anilist"": ???, ""anidb"": ???}"
,kitsu_50466,,,50466,,,"mal,anilist,anidb",isolated - only has kitsu - needs manual pairing,"{""kitsu"": ""50466""}",kitsu_50466,"{""mal"": ???, ""anilist"": ???, ""anidb"": ???}"
,kitsu_45713,,,45713,,,"mal,anilist,anidb",isolated - only has kitsu - needs manual pairing,"{""kitsu"": ""45713""}",kitsu_45713,"{""mal"": ???, ""anilist"": ???, ""anidb"": ???}"
,kitsu_50432,,,50432,,,"mal,anilist,anidb",isolated - only has kitsu - needs manual pairing,"{""kitsu"": ""50432""}",kitsu_50432,"{""mal"": ???, ""anilist"": ???, ""anidb"": ???}"
,kitsu_49903,,,49903,,,"mal,anilist,anidb",isolated - only has kitsu - needs manual pairing,"{""kitsu"": ""49903""}",kitsu_49903,"{""mal"": ???, ""anilist"": ???, ""anidb"": ???}"
,kitsu_50442,,,50442,,,"mal,anilist,anidb",isolated - only has kitsu - needs manual pairing,"{""kitsu"": ""50442""}",kitsu_50442,"{""mal"": ???, ""anilist"": ???, ""anidb"": ???}"
,kitsu_48293,,,48293,,,"mal,anilist,anidb",isolated - only has kitsu - needs manual pairing,"{""kitsu"": ""48293""}",kitsu_48293,"{""mal"": ???, ""anilist"": ???, ""anidb"": ???}"
,kitsu_49983,,,49983,,,"mal,anilist,anidb",isolated - only has kitsu - needs manual pairing,"{""kitsu"": ""49983""}",kitsu_49983,"{""mal"": ???, ""anilist"": ???, ""anidb"": ???}"
,kitsu_50023,,,50023,,,"mal,anilist,anidb",isolated - only has kitsu - needs manual pairing,"{""kitsu"": ""50023""}",kitsu_50023,"{""mal"": ???, ""anilist"": ???, ""anidb"": ???}"
,kitsu_50171,,,50171,,,"mal,anilist,anidb",isolated - only has kitsu - needs manual pairing,"{""kitsu"": ""50171""}",kitsu_50171,"{""mal"": ???, ""anilist"": ???, ""anidb"": ???}"
,kitsu_49002,,,49002,,,"mal,anilist,anidb",isolated - only has kitsu - needs manual pairing,"{""kitsu"": ""49002""}",kitsu_49002,"{""mal"": ???, ""anilist"": ???, ""anidb"": ???}"
,kitsu_49410,,,49410,,,"mal,anilist,anidb",isolated - only has kitsu - needs manual pairing,"{""kitsu"": ""49410""}",kitsu_49410,"{""mal"": ???, ""anilist"": ???, ""anidb"": ???}"
,kitsu_50154,,,50154,,,"mal,anilist,anidb",isolated - only has kitsu - needs manual pairing,"{""kitsu"": ""50154""}",kitsu_50154,"{""mal"": ???, ""anilist"": ???, ""anidb"": ???}"
,kitsu_49585,,,49585,,,"mal,anilist,anidb",isolated - only has kitsu - needs manual pairing,"{""kitsu"": ""49585""}",kitsu_49585,"{""mal"": ???, ""anilist"": ???, ""anidb"": ???}"
,kitsu_50437,,,50437,,,"mal,anilist,anidb",isolated - only has kitsu - needs manual pairing,"{""kitsu"": ""50437""}",kitsu_50437,"{""mal"": ???, ""anilist"": ???, ""anidb"": ???}"
,kitsu_49236,,,49236,,,"mal,anilist,anidb",isolated - only has kitsu - needs manual pairing,"{""kitsu"": ""49236""}",kitsu_49236,"{""mal"": ???, ""anilist"": ???, ""anidb"": ???}"
,kitsu_49296,,,49296,,,"mal,anilist,anidb",isolated - only has kitsu - needs manual pairing,"{""kitsu"": ""49296""}",kitsu_49296,"{""mal"": ???, ""anilist"": ???, ""anidb"": ???}"
,kitsu_49992,,,49992,,,"mal,anilist,anidb",isolated - only has kitsu - needs manual pairing,"{""kitsu"": ""49992""}",kitsu_49992,"{""mal"": ???, ""anilist"": ???, ""anidb"": ???}"
,kitsu_48667,,,48667,,,"mal,anilist,anidb",isolated - only has kitsu - needs manual pairing,"{""kitsu"": ""48667""}",kitsu_48667,"{""mal"": ???, ""anilist"": ???, ""anidb"": ???}"
,kitsu_50426,,,50426,,,"mal,anilist,anidb",isolated - only has kitsu - needs manual pairing,"{""kitsu"": ""50426""}",kitsu_50426,"{""mal"": ???, ""anilist"": ???, ""anidb"": ???}"
,kitsu_49241,,,49241,,,"mal,anilist,anidb",isolated - only has kitsu - needs manual pairing,"{""kitsu"": ""49241""}",kitsu_49241,"{""mal"": ???, ""anilist"": ???, ""anidb"": ???}"
,kitsu_42608,,,42608,,,"mal,anilist,anidb",isolated - only has kitsu - needs manual pairing,"{""kitsu"": ""42608""}",kitsu_42608,"{""mal"": ???, ""anilist"": ???, ""anidb"": ???}"
,kitsu_50275,,,50275,,,"mal,anilist,anidb",isolated - only has kitsu - needs manual pairing,"{""kitsu"": ""50275""}",kitsu_50275,"{""mal"": ???, ""anilist"": ???, ""anidb"": ???}"
,kitsu_50480,,,50480,,,"mal,anilist,anidb",isolated - only has kitsu - needs manual pairing,"{""kitsu"": ""50480""}",kitsu_50480,"{""mal"": ???, ""anilist"": ???, ""anidb"": ???}"
,kitsu_43248,,,43248,,,"mal,anilist,anidb",isolated - only has kitsu - needs manual pairing,"{""kitsu"": ""43248""}",kitsu_43248,"{""mal"": ???, ""anilist"": ???, ""anidb"": ???}"
,kitsu_1842,,,1842,,,"mal,anilist,anidb",isolated - only has kitsu - needs manual pairing,"{""kitsu"": ""1842""}",kitsu_1842,"{""mal"": ???, ""anilist"": ???, ""anidb"": ???}"
,kitsu_45488,,,45488,,,"mal,anilist,anidb",isolated - only has kitsu - needs manual pairing,"{""kitsu"": ""45488""}",kitsu_45488,"{""mal"": ???, ""anilist"": ???, ""anidb"": ???}"
,kitsu_9,,,9,,,"mal,anilist,anidb",isolated - only has kitsu - needs manual pairing,"{""kitsu"": ""9""}",kitsu_9,"{""mal"": ???, ""anilist"": ???, ""anidb"": ???}"
,kitsu_182,,,182,,,"mal,anilist,anidb",isolated - only has kitsu - needs manual pairing,"{""kitsu"": ""182""}",kitsu_182,"{""mal"": ???, ""anilist"": ???, ""anidb"": ???}"
,kitsu_186,,,186,,,"mal,anilist,anidb",isolated - only has kitsu - needs manual pairing,"{""kitsu"": ""186""}",kitsu_186,"{""mal"": ???, ""anilist"": ???, ""anidb"": ???}"
,kitsu_323,,,323,,,"mal,anilist,anidb",isolated - only has kitsu - needs manual pairing,"{""kitsu"": ""323""}",kitsu_323,"{""mal"": ???, ""anilist"": ???, ""anidb"": ???}"
,kitsu_419,,,419,,,"mal,anilist,anidb",isolated - only has kitsu - needs manual pairing,"{""kitsu"": ""419""}",kitsu_419,"{""mal"": ???, ""anilist"": ???, ""anidb"": ???}"
,kitsu_572,,,572,,,"mal,anilist,anidb",isolated - only has kitsu - needs manual pairing,"{""kitsu"": ""572""}",kitsu_572,"{""mal"": ???, ""anilist"": ???, ""anidb"": ???}"
,kitsu_573,,,573,,,"mal,anilist,anidb",isolated - only has kitsu - needs manual pairing,"{""kitsu"": ""573""}",kitsu_573,"{""mal"": ???, ""anilist"": ???, ""anidb"": ???}"
,kitsu_649,,,649,,,"mal,anilist,anidb",isolated - only has kitsu - needs manual pairing,"{""kitsu"": ""649""}",kitsu_649,"{""mal"": ???, ""anilist"": ???, ""anidb"": ???}"
,kitsu_758,,,758,,,"mal,anilist,anidb",isolated - only has kitsu - needs manual pairing,"{""kitsu"": ""758""}",kitsu_758,"{""mal"": ???, ""anilist"": ???, ""anidb"": ???}"
,kitsu_897,,,897,,,"mal,anilist,anidb",isolated - only has kitsu - needs manual pairing,"{""kitsu"": ""897""}",kitsu_897,"{""mal"": ???, ""anilist"": ???, ""anidb"": ???}"
,kitsu_960,,,960,,,"mal,anilist,anidb",isolated - only has kitsu - needs manual pairing,"{""kitsu"": ""960""}",kitsu_960,"{""mal"": ???, ""anilist"": ???, ""anidb"": ???}"
,kitsu_992,,,992,,,"mal,anilist,anidb",isolated - only has kitsu - needs manual pairing,"{""kitsu"": ""992""}",kitsu_992,"{""mal"": ???, ""anilist"": ???, ""anidb"": ???}"
,kitsu_1404,,,1404,,,"mal,anilist,anidb",isolated - only has kitsu - needs manual pairing,"{""kitsu"": ""1404""}",kitsu_1404,"{""mal"": ???, ""anilist"": ???, ""anidb"": ???}"
,kitsu_1405,,,1405,,,"mal,anilist,anidb",isolated - only has kitsu - needs manual pairing,"{""kitsu"": ""1405""}",kitsu_1405,"{""mal"": ???, ""anilist"": ???, ""anidb"": ???}"
,kitsu_1429,,,1429,,,"mal,anilist,anidb",isolated - only has kitsu - needs manual pairing,"{""kitsu"": ""1429""}",kitsu_1429,"{""mal"": ???, ""anilist"": ???, ""anidb"": ???}"
,kitsu_1718,,,1718,,,"mal,anilist,anidb",isolated - only has kitsu - needs manual pairing,"{""kitsu"": ""1718""}",kitsu_1718,"{""mal"": ???, ""anilist"": ???, ""anidb"": ???}"
,kitsu_1962,,,1962,,,"mal,anilist,anidb",isolated - only has kitsu - needs manual pairing,"{""kitsu"": ""1962""}",kitsu_1962,"{""mal"": ???, ""anilist"": ???, ""anidb"": ???}"
,kitsu_4478,,,4478,,,"mal,anilist,anidb",isolated - only has kitsu - needs manual pairing,"{""kitsu"": ""4478""}",kitsu_4478,"{""mal"": ???, ""anilist"": ???, ""anidb"": ???}"
,kitsu_4586,,,4586,,,"mal,anilist,anidb",isolated - only has kitsu - needs manual pairing,"{""kitsu"": ""4586""}",kitsu_4586,"{""mal"": ???, ""anilist"": ???, ""anidb"": ???}"
,kitsu_4678,,,4678,,,"mal,anilist,anidb",isolated - only has kitsu - needs manual pairing,"{""kitsu"": ""4678""}",kitsu_4678,"{""mal"": ???, ""anilist"": ???, ""anidb"": ???}"
,kitsu_5044,,,5044,,,"mal,anilist,anidb",isolated - only has kitsu - needs manual pairing,"{""kitsu"": ""5044""}",kitsu_5044,"{""mal"": ???, ""anilist"": ???, ""anidb"": ???}"
,kitsu_5512,,,5512,,,"mal,anilist,anidb",isolated - only has kitsu - needs manual pairing,"{""kitsu"": ""5512""}",kitsu_5512,"{""mal"": ???, ""anilist"": ???, ""anidb"": ???}"
,kitsu_5518,,,5518,,,"mal,anilist,anidb",isolated - only has kitsu - needs manual pairing,"{""kitsu"": ""5518""}",kitsu_5518,"{""mal"": ???, ""anilist"": ???, ""anidb"": ???}"
,kitsu_5562,,,5562,,,"mal,anilist,anidb",isolated - only has kitsu - needs manual pairing,"{""kitsu"": ""5562""}",kitsu_5562,"{""mal"": ???, ""anilist"": ???, ""anidb"": ???}"
,kitsu_5952,,,5952,,,"mal,anilist,anidb",isolated - only has kitsu - needs manual pairing,"{""kitsu"": ""5952""}",kitsu_5952,"{""mal"": ???, ""anilist"": ???, ""anidb"": ???}"
,kitsu_6084,,,6084,,,"mal,anilist,anidb",isolated - only has kitsu - needs manual pairing,"{""kitsu"": ""6084""}",kitsu_6084,"{""mal"": ???, ""anilist"": ???, ""anidb"": ???}"
,kitsu_6550,,,6550,,,"mal,anilist,anidb",isolated - only has kitsu - needs manual pairing,"{""kitsu"": ""6550""}",kitsu_6550,"{""mal"": ???, ""anilist"": ???, ""anidb"": ???}"
,kitsu_7586,,,7586,,,"mal,anilist,anidb",isolated - only has kitsu - needs manual pairing,"{""kitsu"": ""7586""}",kitsu_7586,"{""mal"": ???, ""anilist"": ???, ""anidb"": ???}"
,kitsu_7895,,,7895,,,"mal,anilist,anidb",isolated - only has kitsu - needs manual pairing,"{""kitsu"": ""7895""}",kitsu_7895,"{""mal"": ???, ""anilist"": ???, ""anidb"": ???}"
,kitsu_8806,,,8806,,,"mal,anilist,anidb",isolated - only has kitsu - needs manual pairing,"{""kitsu"": ""8806""}",kitsu_8806,"{""mal"": ???, ""anilist"": ???, ""anidb"": ???}"
,kitsu_7973,,,7973,,,"mal,anilist,anidb",isolated - only has kitsu - needs manual pairing,"{""kitsu"": ""7973""}",kitsu_7973,"{""mal"": ???, ""anilist"": ???, ""anidb"": ???}"
,kitsu_8053,,,8053,,,"mal,anilist,anidb",isolated - only has kitsu - needs manual pairing,"{""kitsu"": ""8053""}",kitsu_8053,"{""mal"": ???, ""anilist"": ???, ""anidb"": ???}"
,kitsu_8063,,,8063,,,"mal,anilist,anidb",isolated - only has kitsu - needs manual pairing,"{""kitsu"": ""8063""}",kitsu_8063,"{""mal"": ???, ""anilist"": ???, ""anidb"": ???}"
,kitsu_8409,,,8409,,,"mal,anilist,anidb",isolated - only has kitsu - needs manual pairing,"{""kitsu"": ""8409""}",kitsu_8409,"{""mal"": ???, ""anilist"": ???, ""anidb"": ???}"
,kitsu_8739,,,8739,,,"mal,anilist,anidb",isolated - only has kitsu - needs manual pairing,"{""kitsu"": ""8739""}",kitsu_8739,"{""mal"": ???, ""anilist"": ???, ""anidb"": ???}"
,kitsu_11339,,,11339,,,"mal,anilist,anidb",isolated - only has kitsu - needs manual pairing,"{""kitsu"": ""11339""}",kitsu_11339,"{""mal"": ???, ""anilist"": ???, ""anidb"": ???}"
,kitsu_11367,,,11367,,,"mal,anilist,anidb",isolated - only has kitsu - needs manual pairing,"{""kitsu"": ""11367""}",kitsu_11367,"{""mal"": ???, ""anilist"": ???, ""anidb"": ???}"
,kitsu_11376,,,11376,,,"mal,anilist,anidb",isolated - only has kitsu - needs manual pairing,"{""kitsu"": ""11376""}",kitsu_11376,"{""mal"": ???, ""anilist"": ???, ""anidb"": ???}"
,kitsu_11431,,,11431,,,"mal,anilist,anidb",isolated - only has kitsu - needs manual pairing,"{""kitsu"": ""11431""}",kitsu_11431,"{""mal"": ???, ""anilist"": ???, ""anidb"": ???}"
,kitsu_12127,,,12127,,,"mal,anilist,anidb",isolated - only has kitsu - needs manual pairing,"{""kitsu"": ""12127""}",kitsu_12127,"{""mal"": ???, ""anilist"": ???, ""anidb"": ???}"
,kitsu_12625,,,12625,,,"mal,anilist,anidb",isolated - only has kitsu - needs manual pairing,"{""kitsu"": ""12625""}",kitsu_12625,"{""mal"": ???, ""anilist"": ???, ""anidb"": ???}"
,kitsu_12533,,,12533,,,"mal,anilist,anidb",isolated - only has kitsu - needs manual pairing,"{""kitsu"": ""12533""}",kitsu_12533,"{""mal"": ???, ""anilist"": ???, ""anidb"": ???}"
,kitsu_13078,,,13078,,,"mal,anilist,anidb",isolated - only has kitsu - needs manual pairing,"{""kitsu"": ""13078""}",kitsu_13078,"{""mal"": ???, ""anilist"": ???, ""anidb"": ???}"
,kitsu_12759,,,12759,,,"mal,anilist,anidb",isolated - only has kitsu - needs manual pairing,"{""kitsu"": ""12759""}",kitsu_12759,"{""mal"": ???, ""anilist"": ???, ""anidb"": ???}"
,kitsu_13477,,,13477,,,"mal,anilist,anidb",isolated - only has kitsu - needs manual pairing,"{""kitsu"": ""13477""}",kitsu_13477,"{""mal"": ???, ""anilist"": ???, ""anidb"": ???}"
,kitsu_13237,,,13237,,,"mal,anilist,anidb",isolated - only has kitsu - needs manual pairing,"{""kitsu"": ""13237""}",kitsu_13237,"{""mal"": ???, ""anilist"": ???, ""anidb"": ???}"
,kitsu_14092,,,14092,,,"mal,anilist,anidb",isolated - only has kitsu - needs manual pairing,"{""kitsu"": ""14092""}",kitsu_14092,"{""mal"": ???, ""anilist"": ???, ""anidb"": ???}"
,kitsu_41036,,,41036,,,"mal,anilist,anidb",isolated - only has kitsu - needs manual pairing,"{""kitsu"": ""41036""}",kitsu_41036,"{""mal"": ???, ""anilist"": ???, ""anidb"": ???}"
,kitsu_41014,,,41014,,,"mal,anilist,anidb",isolated - only has kitsu - needs manual pairing,"{""kitsu"": ""41014""}",kitsu_41014,"{""mal"": ???, ""anilist"": ???, ""anidb"": ???}"
,kitsu_41076,,,41076,,,"mal,anilist,anidb",isolated - only has kitsu - needs manual pairing,"{""kitsu"": ""41076""}",kitsu_41076,"{""mal"": ???, ""anilist"": ???, ""anidb"": ???}"
,kitsu_41459,,,41459,,,"mal,anilist,anidb",isolated - only has kitsu - needs manual pairing,"{""kitsu"": ""41459""}",kitsu_41459,"{""mal"": ???, ""anilist"": ???, ""anidb"": ???}"
,kitsu_41410,,,41410,,,"mal,anilist,anidb",isolated - only has kitsu - needs manual pairing,"{""kitsu"": ""41410""}",kitsu_41410,"{""mal"": ???, ""anilist"": ???, ""anidb"": ???}"
,kitsu_42163,,,42163,,,"mal,anilist,anidb",isolated - only has kitsu - needs manual pairing,"{""kitsu"": ""42163""}",kitsu_42163,"{""mal"": ???, ""anilist"": ???, ""anidb"": ???}"
,kitsu_43295,,,43295,,,"mal,anilist,anidb",isolated - only has kitsu - needs manual pairing,"{""kitsu"": ""43295""}",kitsu_43295,"{""mal"": ???, ""anilist"": ???, ""anidb"": ???}"
,kitsu_42534,,,42534,,,"mal,anilist,anidb",isolated - only has kitsu - needs manual pairing,"{""kitsu"": ""42534""}",kitsu_42534,"{""mal"": ???, ""anilist"": ???, ""anidb"": ???}"
,kitsu_43083,,,43083,,,"mal,anilist,anidb",isolated - only has kitsu - needs manual pairing,"{""kitsu"": ""43083""}",kitsu_43083,"{""mal"": ???, ""anilist"": ???, ""anidb"": ???}"
,kitsu_43018,,,43018,,,"mal,anilist,anidb",isolated - only has kitsu - needs manual pairing,"{""kitsu"": ""43018""}",kitsu_43018,"{""mal"": ???, ""anilist"": ???, ""anidb"": ???}"
,kitsu_43361,,,43361,,,"mal,anilist,anidb",isolated - only has kitsu - needs manual pairing,"{""kitsu"": ""43361""}",kitsu_43361,"{""mal"": ???, ""anilist"": ???, ""anidb"": ???}"
,kitsu_43793,,,43793,,,"mal,anilist,anidb",isolated - only has kitsu - needs manual pairing,"{""kitsu"": ""43793""}",kitsu_43793,"{""mal"": ???, ""anilist"": ???, ""anidb"": ???}"
,kitsu_44011,,,44011,,,"mal,anilist,anidb",isolated - only has kitsu - needs manual pairing,"{""kitsu"": ""44011""}",kitsu_44011,"{""mal"": ???, ""anilist"": ???, ""anidb"": ???}"
,kitsu_45081,,,45081,,,"mal,anilist,anidb",isolated - only has kitsu - needs manual pairing,"{""kitsu"": ""45081""}",kitsu_45081,"{""mal"": ???, ""anilist"": ???, ""anidb"": ???}"
,kitsu_44529,,,44529,,,"mal,anilist,anidb",isolated - only has kitsu - needs manual pairing,"{""kitsu"": ""44529""}",kitsu_44529,"{""mal"": ???, ""anilist"": ???, ""anidb"": ???}"
,kitsu_44530,,,44530,,,"mal,anilist,anidb",isolated - only has kitsu - needs manual pairing,"{""kitsu"": ""44530""}",kitsu_44530,"{""mal"": ???, ""anilist"": ???, ""anidb"": ???}"
,kitsu_45154,,,45154,,,"mal,anilist,anidb",isolated - only has kitsu - needs manual pairing,"{""kitsu"": ""45154""}",kitsu_45154,"{""mal"": ???, ""anilist"": ???, ""anidb"": ???}"
,kitsu_45985,,,45985,,,"mal,anilist,anidb",isolated - only has kitsu - needs manual pairing,"{""kitsu"": ""45985""}",kitsu_45985,"{""mal"": ???, ""anilist"": ???, ""anidb"": ???}"
,kitsu_46299,,,46299,,,"mal,anilist,anidb",isolated - only has kitsu - needs manual pairing,"{""kitsu"": ""46299""}",kitsu_46299,"{""mal"": ???, ""anilist"": ???, ""anidb"": ???}"
,kitsu_46369,,,46369,,,"mal,anilist,anidb",isolated - only has kitsu - needs manual pairing,"{""kitsu"": ""46369""}",kitsu_46369,"{""mal"": ???, ""anilist"": ???, ""anidb"": ???}"
,kitsu_46323,,,46323,,,"mal,anilist,anidb",isolated - only has kitsu - needs manual pairing,"{""kitsu"": ""46323""}",kitsu_46323,"{""mal"": ???, ""anilist"": ???, ""anidb"": ???}"
,kitsu_46598,,,46598,,,"mal,anilist,anidb",isolated - only has kitsu - needs manual pairing,"{""kitsu"": ""46598""}",kitsu_46598,"{""mal"": ???, ""anilist"": ???, ""anidb"": ???}"
,kitsu_46859,,,46859,,,"mal,anilist,anidb",isolated - only has kitsu - needs manual pairing,"{""kitsu"": ""46859""}",kitsu_46859,"{""mal"": ???, ""anilist"": ???, ""anidb"": ???}"
,kitsu_46958,,,46958,,,"mal,anilist,anidb",isolated - only has kitsu - needs manual pairing,"{""kitsu"": ""46958""}",kitsu_46958,"{""mal"": ???, ""anilist"": ???, ""anidb"": ???}"
,kitsu_49777,,,49777,,,"mal,anilist,anidb",isolated - only has kitsu - needs manual pairing,"{""kitsu"": ""49777""}",kitsu_49777,"{""mal"": ???, ""anilist"": ???, ""anidb"": ???}"
,kitsu_47682,,,47682,,,"mal,anilist,anidb",isolated - only has kitsu - needs manual pairing,"{""kitsu"": ""47682""}",kitsu_47682,"{""mal"": ???, ""anilist"": ???, ""anidb"": ???}"
,kitsu_48337,,,48337,,,"mal,anilist,anidb",isolated - only has kitsu - needs manual pairing,"{""kitsu"": ""48337""}",kitsu_48337,"{""mal"": ???, ""anilist"": ???, ""anidb"": ???}"
,kitsu_50601,,,50601,,,"mal,anilist,anidb",isolated - only has kitsu - needs manual pairing,"{""kitsu"": ""50601""}",kitsu_50601,"{""mal"": ???, ""anilist"": ???, ""anidb"": ???}"
,kitsu_49220,,,49220,,,"mal,anilist,anidb",isolated - only has kitsu - needs manual pairing,"{""kitsu"": ""49220""}",kitsu_49220,"{""mal"": ???, ""anilist"": ???, ""anidb"": ???}"
,kitsu_49392,,,49392,,,"mal,anilist,anidb",isolated - only has kitsu - needs manual pairing,"{""kitsu"": ""49392""}",kitsu_49392,"{""mal"": ???, ""anilist"": ???, ""anidb"": ???}"
,kitsu_49847,,,49847,,,"mal,anilist,anidb",isolated - only has kitsu - needs manual pairing,"{""kitsu"": ""49847""}",kitsu_49847,"{""mal"": ???, ""anilist"": ???, ""anidb"": ???}"
,kitsu_50201,,,50201,,,"mal,anilist,anidb",isolated - only has kitsu - needs manual pairing,"{""kitsu"": ""50201""}",kitsu_50201,"{""mal"": ???, ""anilist"": ???, ""anidb"": ???}"
,kitsu_50117,,,50117,,,"mal,anilist,anidb",isolated - only has kitsu - needs manual pairing,"{""kitsu"": ""50117""}",kitsu_50117,"{""mal"": ???, ""anilist"": ???, ""anidb"": ???}"
,kitsu_50554,,,50554,,,"mal,anilist,anidb",isolated - only has kitsu - needs manual pairing,"{""kitsu"": ""50554""}",kitsu_50554,"{""mal"": ???, ""anilist"": ???, ""anidb"": ???}"
,kitsu_50570,,,50570,,,"mal,anilist,anidb",isolated - only has kitsu - needs manual pairing,"{""kitsu"": ""50570""}",kitsu_50570,"{""mal"": ???, ""anilist"": ???, ""anidb"": ???}"
,kitsu_50642,,,50642,,,"mal,anilist,anidb",isolated - only has kitsu - needs manual pairing,"{""kitsu"": ""50642""}",kitsu_50642,"{""mal"": ???, ""anilist"": ???, ""anidb"": ???}"
,kitsu_50648,,,50648,,,"mal,anilist,anidb",isolated - only has kitsu - needs manual pairing,"{""kitsu"": ""50648""}",kitsu_50648,"{""mal"": ???, ""anilist"": ???, ""anidb"": ???}"
,kitsu_50663,,,50663,,,"mal,anilist,anidb",isolated - only has kitsu - needs manual pairing,"{""kitsu"": ""50663""}",kitsu_50663,"{""mal"": ???, ""anilist"": ???, ""anidb"": ???}"
,kitsu_25,,,25,,,"mal,anilist,anidb",isolated - only has kitsu - needs manual pairing,"{""kitsu"": ""25""}",kitsu_25,"{""mal"": ???, ""anilist"": ???, ""anidb"": ???}"
,kitsu_368,,,368,,,"mal,anilist,anidb",isolated - only has kitsu - needs manual pairing,"{""kitsu"": ""368""}",kitsu_368,"{""mal"": ???, ""anilist"": ???, ""anidb"": ???}"
,kitsu_42467,,,42467,,,"mal,anilist,anidb",isolated - only has kitsu - needs manual pairing,"{""kitsu"": ""42467""}",kitsu_42467,"{""mal"": ???, ""anilist"": ???, ""anidb"": ???}"
,kitsu_42641,,,42641,,,"mal,anilist,anidb",isolated - only has kitsu - needs manual pairing,"{""kitsu"": ""42641""}",kitsu_42641,"{""mal"": ???, ""anilist"": ???, ""anidb"": ???}"
,kitsu_50793,,,50793,,,"mal,anilist,anidb",isolated - only has kitsu - needs manual pairing,"{""kitsu"": ""50793""}",kitsu_50793,"{""mal"": ???, ""anilist"": ???, ""anidb"": ???}"
,kitsu_50760,,,50760,,,"mal,anilist,anidb",isolated - only has kitsu - needs manual pairing,"{""kitsu"": ""50760""}",kitsu_50760,"{""mal"": ???, ""anilist"": ???, ""anidb"": ???}"
,kitsu_429,,,429,,,"mal,anilist,anidb",isolated - only has kitsu - needs manual pairing,"{""kitsu"": ""429""}",kitsu_429,"{""mal"": ???, ""anilist"": ???, ""anidb"": ???}"
,kitsu_46436,,,46436,,,"mal,anilist,anidb",isolated - only has kitsu - needs manual pairing,"{""kitsu"": ""46436""}",kitsu_46436,"{""mal"": ???, ""anilist"": ???, ""anidb"": ???}"
,mal_53911,53911,162291,47155,,,anidb,no anidb mapping yet (too new or not in anizip),"{""kitsu"": ""47155"", ""mal"": ""53911"", ""anilist"": ""162291""}",mal_53911,"{""mal"": 53911, ""anilist"": 162291, ""anidb"": ???}"
,anilist_167991,,167991,47835,,,"mal,anidb",no anidb mapping yet (too new or not in anizip),"{""kitsu"": ""47835"", ""anilist"": ""167991""}",anilist_167991,"{""mal"": ???, ""anilist"": 167991, ""anidb"": ???}"
,anilist_178312,,178312,49333,,,"mal,anidb",no anidb mapping yet (too new or not in anizip),"{""kitsu"": ""49333"", ""anilist"": ""178312""}",anilist_178312,"{""mal"": ???, ""anilist"": 178312, ""anidb"": ???}"
,anilist_184718,,184718,49363,,,"mal,anidb",no anidb mapping yet (too new or not in anizip),"{""kitsu"": ""49363"", ""anilist"": ""184718""}",anilist_184718,"{""mal"": ???, ""anilist"": 184718, ""anidb"": ???}"
,anilist_181443,,181443,50325,,,"mal,anidb",no anidb mapping yet (too new or not in anizip),"{""kitsu"": ""50325"", ""anilist"": ""181443""}",anilist_181443,"{""mal"": ???, ""anilist"": 181443, ""anidb"": ???}"
,anilist_170936,,170936,48237,,,"mal,anidb",no anidb mapping yet (too new or not in anizip),"{""kitsu"": ""48237"", ""anilist"": ""170936""}",anilist_170936,"{""mal"": ???, ""anilist"": 170936, ""anidb"": ???}"
,anilist_185965,,185965,49466,,,"mal,anidb",no anidb mapping yet (too new or not in anizip),"{""kitsu"": ""49466"", ""anilist"": ""185965""}",anilist_185965,"{""mal"": ???, ""anilist"": 185965, ""anidb"": ???}"
,anilist_187387,,187387,49909,,,"mal,anidb",no anidb mapping yet (too new or not in anizip),"{""kitsu"": ""49909"", ""anilist"": ""187387""}",anilist_187387,"{""mal"": ???, ""anilist"": 187387, ""anidb"": ???}"
,anilist_185262,,185262,50444,,,"mal,anidb",no anidb mapping yet (too new or not in anizip),"{""kitsu"": ""50444"", ""anilist"": ""185262""}",anilist_185262,"{""mal"": ???, ""anilist"": 185262, ""anidb"": ???}"
,anilist_183960,,183960,49923,,,"mal,anidb",no anidb mapping yet (too new or not in anizip),"{""kitsu"": ""49923"", ""anilist"": ""183960""}",anilist_183960,"{""mal"": ???, ""anilist"": 183960, ""anidb"": ???}"
,anilist_180136,,180136,49183,,,"mal,anidb",no anidb mapping yet (too new or not in anizip),"{""kitsu"": ""49183"", ""anilist"": ""180136""}",anilist_180136,"{""mal"": ???, ""anilist"": 180136, ""anidb"": ???}"
,anilist_187924,,187924,49674,,,"mal,anidb",no anidb mapping yet (too new or not in anizip),"{""kitsu"": ""49674"", ""anilist"": ""187924""}",anilist_187924,"{""mal"": ???, ""anilist"": 187924, ""anidb"": ???}"
,anilist_191205,,191205,50432,,,"mal,anidb",no anidb mapping yet (too new or not in anizip),"{""kitsu"": ""50432"", ""anilist"": ""191205""}",anilist_191205,"{""mal"": ???, ""anilist"": 191205, ""anidb"": ???}"
,anilist_192261,,192261,49903,,,"mal,anidb",no anidb mapping yet (too new or not in anizip),"{""kitsu"": ""49903"", ""anilist"": ""192261""}",anilist_192261,"{""mal"": ???, ""anilist"": 192261, ""anidb"": ???}"
,anilist_182771,,182771,50442,,,"mal,anidb",no anidb mapping yet (too new or not in anizip),"{""kitsu"": ""50442"", ""anilist"": ""182771""}",anilist_182771,"{""mal"": ???, ""anilist"": 182771, ""anidb"": ???}"
,anilist_194742,,194742,49992,,,"mal,anidb",no anidb mapping yet (too new or not in anizip),"{""kitsu"": ""49992"", ""anilist"": ""194742""}",anilist_194742,"{""mal"": ???, ""anilist"": 194742, ""anidb"": ???}"
,anilist_197731,,197731,50426,,,"mal,anidb",no anidb mapping yet (too new or not in anizip),"{""kitsu"": ""50426"", ""anilist"": ""197731""}",anilist_197731,"{""mal"": ???, ""anilist"": 197731, ""anidb"": ???}"
,mal_40497,40497,112300,42608,,,anidb,no anidb mapping yet (too new or not in anizip),"{""kitsu"": ""42608"", ""mal"": ""40497"", ""anilist"": ""112300""}",mal_40497,"{""mal"": 40497, ""anilist"": 112300, ""anidb"": ???}"
,anilist_200769,,200769,50275,,,"mal,anidb",no anidb mapping yet (too new or not in anizip),"{""kitsu"": ""50275"", ""anilist"": ""200769""}",anilist_200769,"{""mal"": ???, ""anilist"": 200769, ""anidb"": ???}"
,mal_63939,63939,,50663,,,"anilist,anidb",no anidb mapping yet (too new or not in anizip),"{""kitsu"": ""50663"", ""mal"": ""63939""}",mal_63939,"{""mal"": 63939, ""anilist"": ???, ""anidb"": ???}"
Code Geass: Boukoku no Akito,anidb_7508,,,,7508,,"mal,anilist",isolated - only has simkl - needs manual pairing,"{""simkl"": 40276, ""anidb"": ""7508"", ""title"": ""Code Geass: Boukoku no Akito""}",anidb_7508,"{""mal"": ???, ""anilist"": ???, ""anidb"": 7508}"
